NCESSCH,Name,School District,State,FIPS County Code,County,City,Zip Code,SAB Available,Gini index,Economic,Education,Health,Housing,Crime,Composite Score,Economic Percentile Rank,Education Percentile Rank,Health Percentile Rank,Housing Percentile Rank,Crime Percentile Rank,Composite Score Percentile Rank,Economic Median,Education Median,Health Median,Housing Median,Crime Median,Composite Score Median,Unemployment,Poverty,Access to broadband internet,Single-parent households,Linguistic isolation,Access to healthcare,Infant mortality rate,SNAP recipients,Low birth weight,Lead exposure risk,Housing vacancy rate,Housing affordability,Park access,Violent crime rate,Incarceration rate,Less than HS,2-year college or higher,2-year college,4-year college,Graduate or professional degree,White alone,Black or African American alone,American Indian and Alaska Native alone,Asian alone,Native Hawaiian and Other Pacific Islander alone,Some other race alone,Two or more races,Hispanic or Latino,match_key,year,agency_code,name,county,city,zip,grade_span,category_code,school_type,designation_Type,graduation_pct,graduation_display,graduation_n,graduation_masking,growth_status,growth_index,growth_score,english_ii_pct,english_ii_display,english_ii_n,english_ii_masking,math_1_pct,math_1_display,math_1_n,math_1_masking,act_unc_pct,act_unc_display,act_unc_n,act_unc_masking,match_status,high_barrier,address_street,address_street2,address_city,address_state,address_zip,meets_academic_criteria,nces_ncessch,coordinate_match_method,nces_name,nces_street,nces_city,nces_zip,latitude,longitude,coordinate_source,coordinate_address_agrees
3.70001E+11,Douglas Byrd High,Cumberland County Schools,NC,37051,Cumberland County,Fayetteville,28304,1,0.45,35,24.0,40.0,43.0,49.0,38,84,56.0,90.0,95.0,73.0,85,27,22,29,20,33,28,19,55.0,21.0,46.0,8.0,7.0,50.0,59.0,38.0,46.0,26.0,7.0,95.0,64.0,34.0,16.0,62.0,60.0,67.0,88.0,41.0,40.0,2.0,3.0,0.0,6.0,9.0,14.0,douglasbyrd|cumberland,2025,260322,Douglas Byrd High,Cumberland,Fayetteville,28304,09:12,H,Regular School,P,74.6,74.6%,252,0,Met,1.72,84.3,45.5,45.5%,288,0,21.2,21.2%,250,0,25.1,25.1%,175,0,Provisional name/county match,True,1624 Ireland Drive,,Fayetteville,NC,28304,False,370001100400,name + county,Douglas Byrd High,1624 Ireland Drive,Fayetteville,28304,35.0314,-78.9485,NCES 2024-25,True
3.70001E+11,Cape Fear High,Cumberland County Schools,NC,37051,Cumberland County,Fayetteville,28312,1,0.45,33,22.0,39.0,41.0,49.0,37,77,45.0,88.0,94.0,73.0,83,27,22,29,20,33,28,19,39.0,27.0,46.0,5.0,6.0,50.0,48.0,38.0,54.0,32.0,5.0,85.0,64.0,34.0,17.0,62.0,57.0,71.0,87.0,58.0,26.0,1.0,1.0,0.0,7.0,6.0,10.0,capefear|cumberland,2025,260325,Cape Fear High,Cumberland,Fayetteville,28312,09:12,H,Regular School,P,89.7,89.7%,377,0,Exceeded,5.29,92.1,59.5,59.5%,363,0,51.9,51.9%,293,0,57.4,57.4%,357,0,Provisional name/county match,True,4762 Clinton Road,,Fayetteville,NC,28312,True,370001100402,name + county,Cape Fear High,4762 Clinton Road,Fayetteville,28312,35.0345,-78.762,NCES 2024-25,True
3.70001E+11,Massey Hill Classical High,Cumberland County Schools,NC,37051,Cumberland County,Fayetteville,28306,1,0.45,33,22.0,39.0,41.0,49.0,37,77,45.0,88.0,94.0,73.0,83,27,22,29,20,33,28,19,51.0,18.0,46.0,7.0,6.0,50.0,57.0,38.0,42.0,26.0,6.0,91.0,64.0,34.0,13.0,59.0,55.0,67.0,87.0,45.0,36.0,2.0,2.0,0.0,6.0,9.0,13.0,masseyhillclassical|cumberland,2025,260388,Massey Hill Classical High,Cumberland,Fayetteville,28306,09:12,H,Regular School,P,,>95%,61,1,Exceeded,4.52,90.8,86.3,86.3%,73,0,70.0,70.0%,40,0,84.7,84.7%,72,0,Provisional name/county match,True,1062 Southern Avenue,,Fayetteville,NC,28306,True,370001100420,name + county,Massey Hill Classical High,1062 Southern Avenue,Fayetteville,28306,35.0311,-78.8949,NCES 2024-25,True
3.70001E+11,Pine Forest High,Cumberland County Schools,NC,37051,Cumberland County,Fayetteville,28311,1,0.45,34,20.0,38.0,45.0,49.0,37,81,33.0,85.0,97.0,73.0,83,27,22,29,20,33,28,19,48.0,22.0,46.0,6.0,5.0,50.0,58.0,38.0,40.0,31.0,6.0,98.0,64.0,34.0,11.0,56.0,52.0,67.0,84.0,48.0,35.0,1.0,2.0,0.0,4.0,9.0,12.0,pineforest|cumberland,2025,260408,Pine Forest High,Cumberland,Fayetteville,28311,09:12,H,Regular School,P,86.9,86.9%,434,0,Exceeded,10.81,100.0,65.4,65.4%,384,0,58.2,58.2%,304,0,52.8,52.8%,324,0,Provisional name/county match,True,525 Andrews Road,,Fayetteville,NC,28311,False,370001100426,name + county,Pine Forest High,525 Andrews Road,Fayetteville,28311,35.1548,-78.8865,NCES 2024-25,True
3.70001E+11,Seventy-First High,Cumberland County Schools,NC,37051,Cumberland County,Fayetteville,28304,1,0.45,32,21.0,38.0,41.0,49.0,36,73,39.0,85.0,94.0,73.0,80,27,22,29,20,33,28,19,51.0,11.0,46.0,8.0,8.0,50.0,62.0,38.0,32.0,20.0,6.0,99.0,64.0,34.0,10.0,57.0,55.0,63.0,87.0,34.0,46.0,1.0,2.0,0.0,6.0,11.0,17.0,seventyfirst|cumberland,2025,260424,Seventy-First High,Cumberland,Fayetteville,28304,09:12,H,Regular School,P,84.6,84.6%,345,0,NotMet,-2.01,69.9,47.8,47.8%,358,0,24.3,24.3%,375,0,31.1,31.1%,296,0,Provisional name/county match,True,6764 Raeford Road,,Fayetteville,NC,28304,False,370001100433,name + county,Seventy-First High,6764 Raeford Road,Fayetteville,28304,35.039,-79.0052,NCES 2024-25,True
3.70001E+11,South View High,Cumberland County Schools,NC,37051,Cumberland County,Hope Mills,28348,1,0.45,35,21.0,36.0,41.0,49.0,36,84,39.0,80.0,94.0,73.0,80,27,22,29,20,33,28,19,58.0,15.0,46.0,6.0,7.0,50.0,62.0,38.0,26.0,18.0,6.0,98.0,64.0,34.0,15.0,60.0,55.0,69.0,87.0,50.0,30.0,4.0,3.0,0.0,5.0,8.0,13.0,southview|cumberland,2025,260427,South View High,Cumberland,Hope Mills,28348,09:12,H,Regular School,P,82.0,82.0%,399,0,NotMet,-5.05,58.2,47.2,47.2%,358,0,19.4,19.4%,340,0,41.5,41.5%,335,0,Provisional name/county match,True,4184 Elk Road,,Hope Mills,NC,28348,False,370001100436,name + county,South View High,4184 Elk Road,Hope Mills,28348,34.979,-78.9275,NCES 2024-25,True
3.70001E+11,Westover High,Cumberland County Schools,NC,37051,Cumberland County,Fayetteville,28303,1,0.45,34,22.0,40.0,43.0,49.0,37,81,45.0,90.0,95.0,73.0,83,27,22,29,20,33,28,19,61.0,11.0,46.0,10.0,8.0,50.0,65.0,38.0,37.0,25.0,7.0,96.0,64.0,34.0,9.0,59.0,56.0,62.0,90.0,32.0,48.0,1.0,3.0,1.0,4.0,12.0,15.0,westover|cumberland,2025,260455,Westover High,Cumberland,Fayetteville,28303,09:12,H,Regular School,P,84.2,84.2%,316,0,NotMet,-2.12,69.4,44.2,44.2%,310,0,23.3,23.3%,249,0,35.0,35.0%,234,0,Provisional name/county match,True,277 Bonanza Drive,,Fayetteville,NC,28303,False,370001100445,name + county,Westover High,277 Bonanza Drive,Fayetteville,28303,35.0842,-78.9917,NCES 2024-25,True
3.70001E+11,E E Smith High,Cumberland County Schools,NC,37051,Cumberland County,Fayetteville,28301,1,0.45,33,21.0,38.0,41.0,49.0,37,77,39.0,85.0,94.0,73.0,83,27,22,29,20,33,28,19,47.0,20.0,46.0,8.0,5.0,50.0,48.0,38.0,50.0,32.0,8.0,85.0,64.0,34.0,11.0,57.0,57.0,66.0,84.0,40.0,45.0,1.0,2.0,0.0,3.0,9.0,8.0,eesmith|cumberland,2025,260359,E E Smith High,Cumberland,Fayetteville,28301,09:12,H,Regular School,P,82.9,82.9%,263,0,Met,1.88,84.7,51.4,51.4%,255,0,32.4,32.4%,315,0,35.3,35.3%,173,0,Provisional name/county match,True,1800 Seabrook Road,,Fayetteville,NC,28301,False,370001102124,name + county,E E Smith High,1800 Seabrook Road,Fayetteville,28301,35.0844,-78.8957,NCES 2024-25,True
3.70001E+11,Reid Ross Classical High,Cumberland County Schools,NC,37051,Cumberland County,Fayetteville,28301,1,0.45,33,22.0,39.0,41.0,49.0,37,77,45.0,88.0,94.0,73.0,83,27,22,29,20,33,28,19,51.0,18.0,46.0,7.0,6.0,50.0,57.0,38.0,42.0,26.0,6.0,91.0,64.0,34.0,13.0,59.0,55.0,67.0,87.0,45.0,36.0,2.0,2.0,0.0,6.0,9.0,13.0,reidrossclassical|cumberland,2025,260411,Reid Ross Classical High,Cumberland,Fayetteville,28301,09:12,H,Regular School,P,,>95%,48,1,Met,-0.51,77.4,69.5,69.5%,59,0,43.9,43.9%,57,0,61.7,61.7%,47,0,Provisional name/county match,True,3200 Ramsey Street,,Fayetteville,NC,28301,True,370001102132,name + county,Reid Ross Classical High,3200 Ramsey Street,Fayetteville,28301,35.102,-78.877,NCES 2024-25,True
3.70001E+11,Terry Sanford High,Cumberland County Schools,NC,37051,Cumberland County,Fayetteville,28303,1,0.45,33,22.0,39.0,41.0,49.0,37,77,45.0,88.0,94.0,73.0,83,27,22,29,20,33,28,19,45.0,23.0,46.0,8.0,4.0,50.0,47.0,38.0,54.0,32.0,9.0,81.0,64.0,34.0,13.0,58.0,61.0,64.0,86.0,44.0,39.0,1.0,3.0,0.0,4.0,9.0,9.0,terrysanford|cumberland,2025,260446,Terry Sanford High,Cumberland,Fayetteville,28303,09:12,H,Regular School,P,80.8,80.8%,343,0,NotMet,-3.87,60.6,49.4,49.4%,318,0,25.2,25.2%,258,0,49.3,49.3%,292,0,Provisional name/county match,True,2301 Fort Bragg Road,,Fayetteville,NC,28303,False,370001102134,name + county,Terry Sanford High,2301 Fort Bragg Road,Fayetteville,28303,35.065,-78.9156,NCES 2024-25,True
3.70001E+11,Jack Britt High,Cumberland County Schools,NC,37051,Cumberland County,Fayetteville,28306,1,0.45,32,18.0,36.0,40.0,49.0,35,73,22.0,80.0,93.0,73.0,77,27,22,29,20,33,28,19,51.0,11.0,46.0,4.0,7.0,50.0,70.0,38.0,14.0,15.0,5.0,99.0,64.0,34.0,9.0,52.0,54.0,63.0,81.0,46.0,33.0,1.0,4.0,0.0,4.0,11.0,14.0,jackbritt|cumberland,2025,260318,Jack Britt High School,Cumberland,Fayetteville,28306,09:12,H,Regular School,P,,>95%,456,1,Exceeded,7.58,95.9,74.4,74.4%,488,0,42.4,42.4%,356,0,69.8,69.8%,441,0,Provisional name/county match,False,7403 Rockfish Road,,Fayetteville,NC,28306,False,370001102512,name + county,Jack Britt High,7403 Rockfish Road,Fayetteville,28306,34.9773,-79.0113,NCES 2024-25,True
3.70001E+11,Gray'S Creek High,Cumberland County Schools,NC,37051,Cumberland County,Hope Mills,28348,1,0.45,34,24.0,38.0,42.0,49.0,37,81,56.0,85.0,95.0,73.0,83,27,22,29,20,33,28,19,52.0,19.0,46.0,6.0,8.0,50.0,51.0,38.0,44.0,23.0,5.0,99.0,64.0,34.0,18.0,64.0,54.0,73.0,89.0,57.0,25.0,3.0,1.0,0.0,7.0,8.0,13.0,grayscreek|cumberland,2025,260357,Gray's Creek High School,Cumberland,Hope Mills,28348,09:12,H,Regular School,P,91.7,91.7%,349,0,NotMet,-4.02,59.9,65.4,65.4%,379,0,25.2,25.2%,313,0,55.7,55.7%,336,0,Provisional name/county match,True,5301 Celebration Drive,,Hope Mills,NC,28348,False,370001102663,name + county,Gray's Creek High,5301 Celebration Drive,Hope Mills,28348,34.9221,-78.9046,NCES 2024-25,True
3.70001E+11,Cross Creek Early College,Cumberland County Schools,NC,37051,Cumberland County,Fayetteville,28301,1,0.45,33,22.0,39.0,41.0,49.0,37,77,45.0,88.0,94.0,73.0,83,27,22,29,20,33,28,19,51.0,18.0,46.0,7.0,6.0,50.0,57.0,38.0,42.0,26.0,6.0,91.0,64.0,34.0,13.0,59.0,55.0,67.0,87.0,45.0,36.0,2.0,2.0,0.0,6.0,9.0,13.0,crosscreekearlycollege|cumberland,2025,260354,Cross Creek Early College,Cumberland,Fayetteville,28301,09:12,H,Regular School,P,,>95%,55,1,Exceeded,7.04,95.0,,>95%,72,1,,>95%,32,1,,>95%,62,1,Provisional name/county match,True,1200 Murchison Road,,Fayetteville,NC,28301,True,370001102756,name + county,Cross Creek Early College,1200 Murchison Road,Fayetteville,28301,35.07564,-78.89198,NCES 2024-25,True
3.70001E+11,Cumberland Polytechnic,Cumberland County Schools,NC,37051,Cumberland County,Fayetteville,28303,1,0.45,33,22.0,39.0,41.0,49.0,37,77,45.0,88.0,94.0,73.0,83,27,22,29,20,33,28,19,51.0,18.0,46.0,7.0,6.0,50.0,57.0,38.0,42.0,26.0,6.0,91.0,64.0,34.0,13.0,59.0,55.0,67.0,87.0,45.0,36.0,2.0,2.0,0.0,6.0,9.0,13.0,cumberlandpolytechnic|cumberland,2025,260700,Cumberland Polytechnic High,Cumberland,Fayetteville,28303,09:13,H,Regular School,P,,>95%,61,1,Exceeded,8.0,96.6,92.8,92.8%,83,0,90.2,90.2%,41,0,91.4,91.4%,81,0,Provisional name/county match,True,220 Hull Rd,,Fayetteville,NC,28303,True,370001102757,name + county,Cumberland Polytechnic,220 Hull Rd,Fayetteville,28303,35.066594,-78.926098,NCES 2024-25,True
3.70001E+11,Alger B. Wilkins High School,Cumberland County Schools,NC,37051,Cumberland County,Fayetteville,28303,0,0.45,35,20.0,38.0,38.0,49.0,36,84,33.0,85.0,90.0,73.0,80,27,22,29,20,33,28,19,57.0,17.0,46.0,11.0,6.0,50.0,50.0,38.0,48.0,24.0,6.0,84.0,64.0,34.0,11.0,47.0,57.0,55.0,79.0,50.0,29.0,1.0,5.0,1.0,4.0,10.0,10.0,algerbwilkins|cumberland,2025,260374,Alger B. Wilkins High School,Cumberland,Fayetteville,28303,09:12,H,Alternative Educat,P,61.9,61.9%,134,0,Met,0.16,80.4,16.7,16.7%,42,0,17.1,17.1%,35,0,,<5%,53,2,Provisional name/county match,True,1429 Skibo Road,,Fayetteville,NC,28303,False,370001102981,name + county,Alger B. Wilkins High School,1429 Skibo Road,Fayetteville,28303,35.083313,-78.951917,NCES 2024-25,True
3.70001E+11,Cumberland International Early College,Cumberland County Schools,NC,37051,Cumberland County,Fayetteville,28301,1,0.45,33,22.0,39.0,41.0,49.0,37,77,45.0,88.0,94.0,73.0,83,27,22,29,20,33,28,19,51.0,18.0,46.0,7.0,6.0,50.0,57.0,38.0,42.0,26.0,6.0,91.0,64.0,34.0,13.0,59.0,55.0,67.0,87.0,45.0,36.0,2.0,2.0,0.0,6.0,9.0,13.0,cumberlandinternationalearlycollege|cumberland,2025,260347,Cumberland International Early College High School,Cumberland,Fayetteville,28301,09:12,H,Regular School,P,,>95%,49,1,Exceeded,7.62,96.0,,>95%,70,1,,>95%,30,1,93.0,93.0%,57,0,Provisional name/county match,True,1200 Murchison Rd,J,Fayetteville,NC,28301,True,370001103228,name + county,Cumberland International Early College,1200 Murchison Rd,Fayetteville,28301,35.07336,-78.895349,NCES 2024-25,True
3.70001E+11,Ayden-Grifton High,Pitt County Schools,NC,37147,Pitt County,Ayden,28513,1,0.48,34,23.0,36.0,44.0,39.0,35,81,51.0,80.0,96.0,60.0,77,27,22,29,20,33,28,16,46.0,25.0,49.0,8.0,8.0,63.0,47.0,41.0,21.0,31.0,5.0,96.0,42.0,36.0,19.0,56.0,53.0,65.0,86.0,56.0,31.0,0.0,1.0,0.0,6.0,5.0,9.0,aydengrifton|pitt,2025,740309,Ayden-Grifton High School,Pitt,Ayden,28513,09:12,H,Regular School,P,89.4,89.4%,199,0,NotMet,-4.78,58.7,47.2,47.2%,197,0,16.9,16.9%,166,0,36.9,36.9%,168,0,Provisional name/county match,False,7653 NC 11 South,,Ayden,NC,28513,False,370001201491,name + county,Ayden-Grifton High,7653 NC 11 South,Ayden,28513,35.4303,-77.432,NCES 2024-25,True
3.70001E+11,D H Conley High,Pitt County Schools,NC,37147,Pitt County,Greenville,27858,1,0.48,34,20.0,36.0,41.0,39.0,34,81,33.0,80.0,94.0,60.0,74,27,22,29,20,33,28,16,54.0,19.0,49.0,8.0,8.0,63.0,44.0,41.0,24.0,23.0,4.0,95.0,42.0,36.0,14.0,50.0,54.0,61.0,80.0,66.0,22.0,0.0,1.0,0.0,5.0,5.0,8.0,dhconley|pitt,2025,740333,D H Conley High School,Pitt,Greenville,27858,09:12,H,Regular School,P,90.1,90.1%,423,0,NotMet,-4.19,59.6,69.7,69.7%,435,0,43.2,43.2%,303,0,56.5,56.5%,425,0,Provisional name/county match,False,2006 Worthington Rd,,Greenville,NC,27858,False,370001201495,name + county,D H Conley High,2006 Worthington Rd,Greenville,27858,35.5306,-77.3248,NCES 2024-25,True
3.70001E+11,Farmville Central High,Pitt County Schools,NC,37147,Pitt County,Farmville,27828,1,0.48,34,23.0,38.0,41.0,39.0,35,81,51.0,85.0,94.0,60.0,77,27,22,29,20,33,28,16,46.0,24.0,49.0,8.0,7.0,63.0,46.0,41.0,33.0,28.0,6.0,89.0,42.0,36.0,21.0,57.0,53.0,69.0,83.0,43.0,45.0,0.0,2.0,0.0,5.0,5.0,7.0,farmvillecentral|pitt,2025,740344,Farmville Central High School,Pitt,Farmville,27828,09:12,H,Regular School,P,85.3,85.3%,225,0,Met,1.35,83.3,51.5,51.5%,165,0,30.1,30.1%,103,0,38.5,38.5%,156,0,Provisional name/county match,False,3308 E Wilson Street,,Farmville,NC,27828,False,370001201497,name + county,Farmville Central High,3308 E Wilson Street,Farmville,27828,35.594114,-77.568775,NCES 2024-25,True
3.70001E+11,North Pitt High,Pitt County Schools,NC,37147,Pitt County,Bethel,27812,1,0.48,37,25.0,41.0,44.0,39.0,37,89,61.0,92.0,96.0,60.0,83,27,22,29,20,33,28,16,51.0,33.0,49.0,5.0,8.0,63.0,46.0,41.0,45.0,33.0,5.0,95.0,42.0,36.0,22.0,66.0,55.0,74.0,91.0,47.0,39.0,1.0,2.0,0.0,6.0,5.0,9.0,northpitt|pitt,2025,740374,North Pitt High School,Pitt,Bethel,27812,09:12,H,Regular School,P,81.9,81.9%,232,0,Exceeded,2.65,86.6,39.3,39.3%,234,0,30.8,30.8%,201,0,37.2,37.2%,172,0,Provisional name/county match,True,5659 NC 11 North,,Bethel,NC,27812,False,370001201502,name + county,North Pitt High,5659 NC 11 North,Bethel,27812,35.747486,-77.362847,NCES 2024-25,True
3.70001E+11,Junius H Rose High,Pitt County Schools,NC,37147,Pitt County,Greenville,27834,1,0.48,29,16.0,40.0,36.0,39.0,32,58,13.0,90.0,87.0,60.0,68,27,22,29,20,33,28,16,32.0,21.0,49.0,4.0,4.0,63.0,43.0,41.0,46.0,27.0,8.0,75.0,42.0,36.0,11.0,44.0,51.0,56.0,75.0,53.0,37.0,1.0,2.0,0.0,3.0,4.0,6.0,juniushrose|pitt,2025,740366,Junius H Rose High,Pitt,Greenville,27834,09:12,H,Regular School,P,78.3,78.3%,411,0,Met,0.86,82.1,59.8,59.8%,363,0,28.7,28.7%,317,0,62.0,62.0%,334,0,Provisional name/county match,False,600 W Arlington Blvd,,Greenville,NC,27834,False,370001202142,name + county,Junius H Rose High,600 W Arlington Blvd,Greenville,27834,35.5939,-77.3842,NCES 2024-25,True
3.70001E+11,South Central,Pitt County Schools,NC,37147,Pitt County,Winterville,28590,1,0.48,30,18.0,39.0,37.0,39.0,32,63,22.0,88.0,89.0,60.0,68,27,22,29,20,33,28,16,39.0,15.0,49.0,7.0,4.0,63.0,52.0,41.0,33.0,19.0,6.0,85.0,42.0,36.0,12.0,44.0,50.0,59.0,74.0,46.0,44.0,0.0,2.0,0.0,3.0,4.0,5.0,southcentral|pitt,2025,740388,South Central High School,Pitt,Winterville,28590,09:12,H,Regular School,P,84.4,84.4%,461,0,Exceeded,3.54,88.8,50.1,50.1%,403,0,36.4,36.4%,382,0,46.0,46.0%,400,0,Provisional name/county match,False,570 W Forlines Road,,Winterville,NC,28590,False,370001202616,name + county,South Central,570 W Forlines Road,Winterville,28590,35.5413,-77.4288,NCES 2024-25,True
3.70001E+11,Pcs Early College High School,Pitt County Schools,NC,37147,Pitt County,Winterville,28590,0,0.48,32,20.0,40.0,40.0,39.0,34,73,33.0,90.0,93.0,60.0,74,27,22,29,20,33,28,16,44.0,21.0,49.0,9.0,12.0,63.0,51.0,41.0,33.0,19.0,6.0,95.0,42.0,36.0,15.0,46.0,53.0,57.0,78.0,57.0,31.0,0.0,2.0,0.0,5.0,5.0,9.0,pcsearlycollege|pitt,2025,740500,PCS Early College High School,Pitt,Winterville,28590,09:13,H,Regular School,P,,>95%,63,1,Met,-0.47,77.6,,>95%,74,1,,>95%,27,1,91.0,91.0%,67,0,Provisional name/county match,False,Pitt Community College,2,Winterville,NC,28590,False,370001203359,name + county,PCS Early College High School,Pitt Community College,Winterville,28590,35.550543,-77.412433,NCES 2024-25,True
3.70001E+11,Innovation Early College High,Pitt County Schools,NC,37147,Pitt County,Greenville,27858,0,0.48,33,17.0,38.0,32.0,39.0,32,77,17.0,85.0,81.0,60.0,68,27,22,29,20,33,28,16,46.0,23.0,49.0,9.0,6.0,63.0,41.0,41.0,40.0,22.0,5.0,70.0,42.0,36.0,11.0,39.0,58.0,47.0,74.0,69.0,19.0,0.0,1.0,0.0,5.0,5.0,8.0,innovationearlycollege|pitt,2025,740501,Innovation Early College High School,Pitt,Greenville,27858,09:13,H,Regular School,P,,>95%,53,1,Exceeded,2.95,87.3,,>95%,54,1,69.2,69.2%,26,0,,>95%,49,1,Provisional name/county match,False,"Brewster D107, Mailstop 139",E,Greenville,NC,27858,False,370001203476,name + county,Innovation Early College High,Brewster D107 Mailstop 139,Greenville,27858,35.604717,-77.362081,NCES 2024-25,True
3.70003E+11,Eastern Alamance High,Alamance-Burlington Schools,NC,37001,Alamance County,Mebane,27302,0,0.43,27,22.0,34.0,13.0,37.0,26,45,45.0,72.0,21.0,57.0,41,27,22,29,20,33,28,13,40.0,21.0,34.0,6.0,5.0,36.0,59.0,35.0,,22.0,3.0,,35.0,39.0,18.0,58.0,59.0,62.0,88.0,63.0,21.0,1.0,2.0,0.0,6.0,8.0,12.0,easternalamance|alamance,2025,010324,Eastern Alamance High,Alamance,Mebane,27302,09:12,H,Regular School,P,89.3,89.3%,261,0,Met,1.99,84.9,44.8,44.8%,248,0,51.3,51.3%,160,0,42.3,42.3%,239,0,Provisional name/county match,False,4040 Mebane Rogers,,Mebane,NC,27302,False,370003000006,name + county,Eastern Alamance High,4040 Mebane Rogers,Mebane,27302,36.1136,-79.3022,NCES 2024-25,True
3.70003E+11,Graham High,Alamance-Burlington Schools,NC,37001,Alamance County,Graham,27253,0,0.43,25,25.0,35.0,40.0,37.0,32,33,61.0,76.0,93.0,57.0,68,27,22,29,20,33,28,13,34.0,20.0,34.0,9.0,6.0,36.0,63.0,35.0,33.0,21.0,3.0,95.0,35.0,39.0,21.0,61.0,55.0,68.0,89.0,67.0,16.0,1.0,1.0,0.0,7.0,9.0,16.0,graham|alamance,2025,010348,Graham High,Alamance,Graham,27253,09:12,H,Regular School,P,75.2,75.2%,210,0,NotMet,-4.46,59.2,39.2,39.2%,212,0,11.0,11.0%,209,0,45.9,45.9%,170,0,Provisional name/county match,False,903 Trollinger Road,,Graham,NC,27253,False,370003000009,name + county,Graham High,903 Trollinger Road,Graham,27253,36.0755,-79.382,NCES 2024-25,True
3.70003E+11,Southern Alamance High,Alamance-Burlington Schools,NC,37001,Alamance County,Graham,27253,0,0.43,25,25.0,35.0,40.0,37.0,32,33,61.0,76.0,93.0,57.0,68,27,22,29,20,33,28,13,34.0,20.0,34.0,9.0,6.0,36.0,63.0,35.0,33.0,21.0,3.0,95.0,35.0,39.0,21.0,61.0,55.0,68.0,89.0,67.0,16.0,1.0,1.0,0.0,7.0,9.0,16.0,southernalamance|alamance,2025,010388,Southern Alamance High,Alamance,Graham,27253,09:12,H,Regular School,P,85.2,85.2%,291,0,NotMet,-2.67,66.6,45.6,45.6%,281,0,20.6,20.6%,223,0,50.3,50.3%,288,0,Provisional name/county match,False,631 Southern High School Road,,Graham,NC,27253,False,370003000016,name + county,Southern Alamance High,631 Southern High Road,Graham,27253,36.002,-79.406382,NCES 2024-25,False
3.70003E+11,Western Alamance High,Alamance-Burlington Schools,NC,37001,Alamance County,Elon,27244,0,0.43,26,17.0,34.0,42.0,37.0,31,39,17.0,72.0,95.0,57.0,63,27,22,29,20,33,28,13,32.0,24.0,34.0,2.0,4.0,36.0,51.0,35.0,42.0,32.0,4.0,90.0,35.0,39.0,14.0,49.0,53.0,58.0,80.0,78.0,13.0,0.0,2.0,0.0,2.0,5.0,5.0,westernalamance|alamance,2025,010400,Western Alamance High,Alamance,Elon,27244,09:12,H,Regular School,P,86.3,86.3%,320,0,Met,1.56,83.9,58.8,58.8%,296,0,35.4,35.4%,189,0,52.5,52.5%,240,0,Provisional name/county match,False,1731 N NC 87,,Elon,NC,27244,False,370003000019,name + county,Western Alamance High,1731 N NC 87,Elon,27244,36.153,-79.4986,NCES 2024-25,True
3.70003E+11,Hugh M Cummings High,Alamance-Burlington Schools,NC,37001,Alamance County,Burlington,27217,0,0.43,30,30.0,41.0,26.0,37.0,33,63,77.0,92.0,67.0,57.0,71,27,22,29,20,33,28,13,46.0,25.0,34.0,14.0,4.0,36.0,55.0,35.0,75.0,28.0,5.0,45.0,35.0,39.0,23.0,67.0,59.0,74.0,90.0,56.0,27.0,1.0,0.0,0.0,10.0,6.0,17.0,hughmcummings|alamance,2025,010360,Hugh M Cummings High,Alamance,Burlington,27217,09:12,H,Regular School,P,79.7,79.7%,237,0,NotMet,-3.44,62.8,30.3,30.3%,201,0,10.2,10.2%,235,0,20.6,20.6%,175,0,Provisional name/county match,False,2200 N Mebane Street,,Burlington,NC,27217,False,370003000202,name + county,Hugh M Cummings High,2200 N Mebane Street,Burlington,27217,36.0887,-79.3964,NCES 2024-25,True
3.70003E+11,Walter M Williams High,Alamance-Burlington Schools,NC,37001,Alamance County,Burlington,27215,0,0.43,26,18.0,35.0,34.0,37.0,30,39,22.0,76.0,84.0,57.0,59,27,22,29,20,33,28,13,41.0,17.0,34.0,6.0,5.0,36.0,53.0,35.0,46.0,21.0,4.0,77.0,35.0,39.0,13.0,48.0,53.0,53.0,83.0,70.0,17.0,0.0,3.0,0.0,5.0,5.0,10.0,waltermwilliams|alamance,2025,010396,Walter M Williams High,Alamance,Burlington,27215,09:12,H,Regular School,P,81.1,81.1%,291,0,NotMet,-3.27,63.6,50.5,50.5%,309,0,19.7,19.7%,233,0,45.9,45.9%,266,0,Provisional name/county match,False,1307 S Church Street,,Burlington,NC,27215,False,370003000207,name + county,Walter M Williams High,1307 S Church Street,Burlington,27215,36.0887,-79.453525,NCES 2024-25,True
3.70003E+11,Ray Street Academy,Alamance-Burlington Schools,NC,37001,Alamance County,Graham,27253,0,0.43,25,25.0,35.0,40.0,37.0,32,33,61.0,76.0,93.0,57.0,68,27,22,29,20,33,28,13,34.0,20.0,34.0,9.0,6.0,36.0,63.0,35.0,33.0,21.0,3.0,95.0,35.0,39.0,21.0,61.0,55.0,68.0,89.0,67.0,16.0,1.0,1.0,0.0,7.0,9.0,16.0,raystreetacademy|alamance,2025,010378,Ray Street Academy,Alamance,Graham,27253,06:12,T,Alternative Educat,P,,,,,NotMet,-2.91,,14.3,14.3%,28,0,5.6,5.6%,18,0,,,,,Provisional name/county match,False,609 Ray Street,,Graham,NC,27253,False,370003002153,name + county,Ray Street Academy,609 Ray Street,Graham,27253,36.061617,-79.394989,NCES 2024-25,True
3.70003E+11,Abss Early College At Acc,Alamance-Burlington Schools,NC,37001,Alamance County,Graham,27253,0,0.43,25,25.0,35.0,40.0,37.0,32,33,61.0,76.0,93.0,57.0,68,27,22,29,20,33,28,13,34.0,20.0,34.0,9.0,6.0,36.0,63.0,35.0,33.0,21.0,3.0,95.0,35.0,39.0,21.0,61.0,55.0,68.0,89.0,67.0,16.0,1.0,1.0,0.0,7.0,9.0,16.0,abssearlycollegeatacc|alamance,2025,010303,ABSS Early College at ACC,Alamance,Graham,27253,09:13,H,Regular School,P,,>95%,60,1,Exceeded,5.7,92.8,,>95%,62,1,93.8,93.8%,16,0,,>95%,62,1,Provisional name/county match,False,1247 Jimmie Kerr Road,,Graham,NC,27253,False,370003002972,name + county,ABSS Early College at ACC,1247 Jimmie Kerr Road,Graham,27253,36.0665,-79.3577,NCES 2024-25,True
3.70003E+11,Career And Technical Education Center,Alamance-Burlington Schools,NC,37001,Alamance County,Burlington,27217,0,0.43,30,30.0,41.0,26.0,37.0,33,63,77.0,92.0,67.0,57.0,71,27,22,29,20,33,28,13,46.0,25.0,34.0,14.0,4.0,36.0,55.0,35.0,75.0,28.0,5.0,45.0,35.0,39.0,23.0,67.0,59.0,74.0,90.0,56.0,27.0,1.0,0.0,0.0,10.0,6.0,17.0,careerandtechnicaleducationcenter|alamance,2025,010311,Career and Technical Education Center,Alamance,Burlington,27217,09:12,H,Vocational Educati,P,,,,,,,,,,,,,,,,,,,,Provisional name/county match,False,2550 Buckingham Road,,Burlington,NC,27217,False,370003003171,name + county,Career and Technical Education Center,2550 Buckingham Road,Burlington,27217,36.09268,-79.384291,NCES 2024-25,True
3.70009E+11,Alexander Central High,Alexander County Schools,NC,37003,Alexander County,Taylorsville,28681,0,0.44,30,24.0,27.0,19.0,42.0,28,63,56.0,37.0,44.0,64.0,50,27,22,29,20,33,28,14,55.0,25.0,27.0,0.0,1.0,,50.0,29.0,,35.0,2.0,,36.0,49.0,23.0,73.0,64.0,79.0,93.0,87.0,4.0,1.0,1.0,0.0,2.0,4.0,5.0,alexandercentral|alexander,2025,020302,Alexander Central High,Alexander,Taylorsville,28681,09:12,H,Regular School,P,81.5,81.5%,368,0,NotMet,-3.16,64.2,57.0,57.0%,302,0,40.5,40.5%,279,0,48.3,48.3%,286,0,Provisional name/county match,False,223 School Drive,,Taylorsville,NC,28681,False,370009000028,name + county,Alexander Central High,223 School Drive,Taylorsville,28681,35.917,-81.1889,NCES 2024-25,True
3.70009E+11,Alexander Early College,Alexander County Schools,NC,37003,Alexander County,Taylorsville,28681,0,0.44,30,24.0,27.0,19.0,42.0,28,63,56.0,37.0,44.0,64.0,50,27,22,29,20,33,28,14,55.0,25.0,27.0,0.0,1.0,,50.0,29.0,,35.0,2.0,,36.0,49.0,23.0,73.0,64.0,79.0,93.0,87.0,4.0,1.0,1.0,0.0,2.0,4.0,5.0,alexanderearlycollege|alexander,2025,020303,Alexander Early College,Alexander,Taylorsville,28681,09:12,H,Regular School,P,,>95%,49,1,Exceeded,2.29,85.7,85.4,85.4%,41,0,78.1,78.1%,32,0,70.6,70.6%,34,0,Provisional name/county match,False,345 Industrial Blvd,,Taylorsville,NC,28681,False,370009003396,name + county,Alexander Early College,345 Industrial Blvd,Taylorsville,28681,35.910603,-81.181434,NCES 2024-25,True
3.70012E+11,Alleghany High,Alleghany County Schools,NC,37005,Alleghany County,Sparta,28675,0,0.51,32,28.0,24.0,42.0,55.0,36,73,72.0,21.0,95.0,79.0,80,27,22,29,20,33,28,15,56.0,31.0,25.0,9.0,6.0,,37.0,28.0,,80.0,4.0,,,55.0,27.0,65.0,67.0,70.0,88.0,91.0,1.0,0.0,1.0,0.0,0.0,6.0,11.0,alleghany|alleghany,2025,030304,Alleghany High,Alleghany,Sparta,28675,09:12,H,Regular School,P,,>95%,113,1,Exceeded,3.04,87.6,45.4,45.4%,97,0,65.7,65.7%,108,0,34.1,34.1%,85,0,Provisional name/county match,True,404 Trojan Avenue,,Sparta,NC,28675,False,370012000037,name + county,Alleghany High,404 Trojan Avenue,Sparta,28675,36.513676,-81.122745,NCES 2024-25,True
3.70018E+11,Anson High School,Anson County Schools,NC,37007,Anson County,Wadesboro,28170,1,0.45,36,26.0,39.0,20.0,74.0,39,87,66.0,88.0,47.0,91.0,88,27,22,29,20,33,28,18,46.0,23.0,56.0,4.0,8.0,,54.0,56.0,,36.0,5.0,,100.0,48.0,24.0,70.0,60.0,78.0,92.0,62.0,29.0,1.0,1.0,0.0,3.0,4.0,5.0,anson|anson,2025,040306,Anson High School,Anson,Wadesboro,28170,09:12,H,Regular School,P,70.7,70.7%,198,0,Met,1.89,84.7,38.3,38.3%,180,0,14.1,14.1%,170,0,15.4,15.4%,143,0,Provisional name/county match,True,96 Anson High School Road,,Wadesboro,NC,28170,False,370018002054,name + county,Anson High School,96 Anson High School Road,Wadesboro,28170,34.9774,-80.1028,NCES 2024-25,True
3.70018E+11,Anson Co. Early College High,Anson County Schools,NC,37007,Anson County,Polkton,28135,1,0.45,36,26.0,39.0,20.0,74.0,39,87,66.0,88.0,47.0,91.0,88,27,22,29,20,33,28,18,46.0,23.0,56.0,4.0,8.0,,54.0,56.0,,36.0,5.0,,100.0,48.0,24.0,70.0,60.0,78.0,92.0,62.0,29.0,1.0,1.0,0.0,3.0,4.0,5.0,ansoncountyearlycollege|anson,2025,040304,Anson County Early College High School,Anson,Polkton,28135,09:13,H,Regular School,P,,>95%,46,1,Exceeded,4.9,91.5,78.0,78.0%,50,0,52.2,52.2%,23,0,68.0,68.0%,50,0,Provisional name/county match,True,177 Ledbetter Street,,Polkton,NC,28135,True,370018002748,name + county,Anson Co. Early College High,177 Ledbetter Street,Polkton,28135,35.000452,-80.211222,NCES 2024-25,True
3.70021E+11,Ashe County High,Ashe County Schools,NC,37009,Ashe County,West Jefferson,28694,1,0.45,26,23.0,30.0,39.0,62.0,36,39,51.0,53.0,92.0,85.0,80,27,22,29,20,33,28,11,30.0,32.0,30.0,5.0,10.0,,49.0,31.0,,75.0,3.0,,,62.0,21.0,62.0,59.0,70.0,87.0,95.0,1.0,0.0,0.0,0.0,1.0,3.0,5.0,ashecounty|ashe,2025,050302,Ashe County High,Ashe,West Jefferson,28694,09:12,H,Regular School,P,90.7,90.7%,216,0,NotMet,-8.87,51.8,58.5,58.5%,171,0,42.9,42.9%,170,0,51.2,51.2%,162,0,Provisional name/county match,True,184 Campus Drive,,West Jefferson,NC,28694,False,370021002425,name + county,Ashe County High,184 Campus Drive,West Jefferson,28694,36.3925,-81.479,NCES 2024-25,True
3.70021E+11,Ashe County Early College High,Ashe County Schools,NC,37009,Ashe County,West Jefferson,28694,0,0.45,24,21.0,25.0,21.0,62.0,30,28,39.0,26.0,51.0,85.0,59,27,22,29,20,33,28,11,22.0,32.0,30.0,3.0,3.0,,42.0,31.0,,40.0,3.0,,,62.0,14.0,63.0,58.0,71.0,89.0,96.0,0.0,0.0,0.0,0.0,0.0,4.0,12.0,ashecountyearlycollege|ashe,2025,050303,Ashe County Early College High School,Ashe,West Jefferson,28694,09:13,H,Regular School,P,,>95%,33,1,NotMet,-2.64,66.8,86.0,86.0%,43,0,86.7,86.7%,30,0,,>95%,30,1,Provisional name/county match,False,363 Campus Dr,,West Jefferson,NC,28694,False,370021003474,name + county,Ashe County Early College High,363 Campus Dr,West Jefferson,28694,36.394244,-81.476089,NCES 2024-25,True
3.70024E+11,Asheboro High,Asheboro City Schools,NC,37151,Randolph County,Asheboro,27203,1,0.42,26,29.0,35.0,12.0,29.0,26,39,75.0,76.0,17.0,42.0,41,27,22,29,20,33,28,13,39.0,23.0,29.0,13.0,6.0,44.0,59.0,31.0,,20.0,5.0,,19.0,39.0,25.0,66.0,63.0,69.0,92.0,73.0,9.0,0.0,1.0,0.0,10.0,7.0,21.0,asheboro|randolph,2025,761304,Asheboro High School,Randolph,Asheboro,27203,09:12,H,Regular School,P,90.9,90.9%,375,0,NotMet,-2.47,67.6,52.6,52.6%,327,0,19.9,19.9%,282,0,40.7,40.7%,300,0,Provisional name/county match,False,1221 S Park St,,Asheboro,NC,27203,False,370024000062,name + county,Asheboro High,1221 S Park St,Asheboro,27203,35.6893,-79.8184,NCES 2024-25,True
3.70027E+11,Asheville High,Asheville City Schools,NC,37021,Buncombe County,Asheville,28803,1,0.48,25,15.0,30.0,42.0,23.0,27,33,11.0,53.0,95.0,28.0,45,27,22,29,20,33,28,18,34.0,20.0,28.0,8.0,7.0,24.0,34.0,30.0,55.0,55.0,7.0,64.0,21.0,25.0,11.0,35.0,72.0,40.0,68.0,81.0,9.0,0.0,1.0,0.0,1.0,7.0,7.0,asheville|buncombe,2025,111302,Asheville High,Buncombe,Asheville,28803,09:12,H,Regular School,P,91.8,91.8%,293,0,Met,1.41,83.5,69.6,69.6%,319,0,32.5,32.5%,194,0,69.0,69.0%,255,0,Provisional name/county match,False,419 McDowell Street,,Asheville,NC,28803,False,370027000070,name + county,Asheville High,419 McDowell Street,Asheville,28803,35.5729,-82.5531,NCES 2024-25,True
3.7003E+11,Avery County High,Avery County Schools,NC,37011,Avery County,Newland,28657,1,0.49,24,23.0,27.0,46.0,36.0,31,28,51.0,37.0,97.0,54.0,63,27,22,29,20,33,28,18,30.0,27.0,22.0,5.0,6.0,,38.0,37.0,,89.0,3.0,,,36.0,20.0,62.0,60.0,70.0,86.0,91.0,2.0,0.0,0.0,0.0,2.0,4.0,5.0,averycounty|avery,2025,060302,Avery County High School,Avery,Newland,28657,09:12,H,Regular School,P,86.8,86.8%,151,0,NotMet,-8.76,52.0,49.6,49.6%,123,0,7.8,7.8%,90,0,39.1,39.1%,133,0,Provisional name/county match,False,401 Avery County High School R,,Newland,NC,28657,False,370030000081,name + county,Avery County High,401 Avery County High School R,Newland,28657,36.067608,-81.919724,NCES 2024-25,True
3.70033E+11,Washington High,Beaufort County Schools,NC,37013,Beaufort County,Washington,27889,0,0.47,32,24.0,42.0,22.0,31.0,30,73,56.0,94.0,54.0,46.0,59,27,22,29,20,33,28,14,41.0,27.0,46.0,6.0,6.0,64.0,56.0,44.0,,39.0,6.0,,43.0,19.0,20.0,65.0,60.0,74.0,88.0,67.0,24.0,0.0,0.0,0.0,3.0,7.0,9.0,washington|beaufort,2025,070342,Washington High,Beaufort,Washington,27889,09:12,H,Regular School,P,88.1,88.1%,218,0,NotMet,-5.01,58.3,46.7,46.7%,169,0,27.5,27.5%,69,0,30.0,30.0%,140,0,Provisional name/county match,False,400 Slatestone Road,,Washington,NC,27889,False,370033001926,name + county,Washington High,400 Slatestone Road,Washington,27889,35.5575,-77.0135,NCES 2024-25,True
3.70033E+11,Northside High,Beaufort County Schools,NC,37013,Beaufort County,Pinetown,27865,0,0.47,32,21.0,41.0,33.0,31.0,31,73,39.0,92.0,83.0,46.0,63,27,22,29,20,33,28,14,43.0,26.0,46.0,2.0,4.0,64.0,50.0,44.0,,62.0,3.0,,43.0,19.0,15.0,66.0,52.0,77.0,91.0,84.0,11.0,0.0,0.0,0.0,0.0,4.0,3.0,northside|beaufort,2025,070330,Northside High,Beaufort,Pinetown,27865,09:12,H,Regular School,P,90.8,90.8%,87,0,Met,0.86,82.1,58.3,58.3%,103,0,33.3,33.3%,54,0,45.3,45.3%,86,0,Provisional name/county match,False,7868 Free Union Church Road,,Pinetown,NC,27865,False,370033002224,name + county,Northside High,7868 Free Union Church Road,Pinetown,27865,35.5366,-76.7301,NCES 2024-25,True
3.70033E+11,Southside High,Beaufort County Schools,NC,37013,Beaufort County,Chocowinity,27817,0,0.47,31,14.0,41.0,41.0,31.0,32,69,8.0,92.0,94.0,46.0,68,27,22,29,20,33,28,14,44.0,20.0,46.0,0.0,11.0,64.0,46.0,44.0,,79.0,2.0,,43.0,19.0,9.0,47.0,47.0,61.0,78.0,87.0,11.0,0.0,0.0,0.0,0.0,2.0,2.0,southside|beaufort,2025,070339,Southside High,Beaufort,Chocowinity,27817,09:12,H,Regular School,P,89.5,89.5%,114,0,Met,-1.36,73.2,50.0,50.0%,114,0,29.5,29.5%,88,0,38.0,38.0%,79,0,Provisional name/county match,False,5700 Hwy 33 East,,Chocowinity,NC,27817,False,370033002504,name + county,Southside High,5700 Hwy 33 East,Chocowinity,27817,35.445758,-77.056743,NCES 2024-25,True
3.70033E+11,Beaufort Co Early College High,Beaufort County Schools,NC,37013,Beaufort County,Washington,27889,0,0.47,32,24.0,42.0,22.0,31.0,30,73,56.0,94.0,54.0,46.0,59,27,22,29,20,33,28,14,41.0,27.0,46.0,6.0,6.0,64.0,56.0,44.0,,39.0,6.0,,43.0,19.0,20.0,65.0,60.0,74.0,88.0,67.0,24.0,0.0,0.0,0.0,3.0,7.0,9.0,beaufortcountyearlycollege|beaufort,2025,070311,Beaufort County Early College High School,Beaufort,Washington,27889,09:13,H,Regular School,P,,>95%,66,1,Exceeded,5.15,91.9,92.8,92.8%,69,0,88.9,88.9%,27,0,92.3,92.3%,52,0,Provisional name/county match,False,5337 Hwy 264 East,B,Washington,NC,27889,False,370033003011,name + county,Beaufort Co Early College High,5337 Hwy 264 East,Washington,27889,35.5336,-76.9654,NCES 2024-25,True
3.70036E+11,Bertie High,Bertie County Schools,NC,37015,Bertie County,Windsor,27983,1,0.5,43,26.0,34.0,27.0,57.0,37,97,66.0,72.0,70.0,81.0,83,27,22,29,20,33,28,21,45.0,41.0,65.0,4.0,5.0,,41.0,54.0,,46.0,7.0,,82.0,33.0,27.0,69.0,62.0,78.0,90.0,43.0,51.0,0.0,1.0,0.0,2.0,3.0,3.0,bertie|bertie,2025,080312,Bertie High,Bertie,Windsor,27983,09:12,H,Regular School,P,86.4,86.4%,118,0,Met,-0.35,78.2,39.2,39.2%,143,0,10.5,10.5%,86,0,17.6,17.6%,91,0,Provisional name/county match,True,716 US Hwy 13 North,,Windsor,NC,27983,False,370036000101,name + county,Bertie High,716 US Hwy 13 North,Windsor,27983,36.051033,-76.968744,NCES 2024-25,True
3.70036E+11,Bertie Early College High,Bertie County Schools,NC,37015,Bertie County,Windsor,27983,1,0.5,43,26.0,34.0,27.0,57.0,37,97,66.0,72.0,70.0,81.0,83,27,22,29,20,33,28,21,45.0,41.0,65.0,4.0,5.0,,41.0,54.0,,46.0,7.0,,82.0,33.0,27.0,69.0,62.0,78.0,90.0,43.0,51.0,0.0,1.0,0.0,2.0,3.0,3.0,bertieearlycollege|bertie,2025,080311,Bertie Early College High,Bertie,Windsor,27983,09:13,H,Regular School,P,,>95%,30,1,Met,1.55,83.8,88.2,88.2%,34,0,,,,,92.9,92.9%,28,0,Provisional name/county match,True,717 US Hwy 13 North,,Windsor,NC,27983,False,370036003149,name + county,Bertie Early College High,717 US Hwy 13 North,Windsor,27983,36.050952,-76.971551,NCES 2024-25,True
3.70039E+11,East Bladen High,Bladen County Schools,NC,37017,Bladen County,Elizabethtown,28337,1,0.51,36,24.0,31.0,26.0,92.0,42,87,56.0,58.0,67.0,96.0,93,27,22,29,20,33,28,21,45.0,33.0,47.0,3.0,11.0,,41.0,41.0,,47.0,5.0,,84.0,100.0,22.0,68.0,54.0,75.0,93.0,50.0,37.0,2.0,0.0,0.0,6.0,4.0,9.0,eastbladen|bladen,2025,090330,East Bladen High,Bladen,Elizabethtown,28337,09:12,H,Regular School,P,84.4,84.4%,147,0,NotMet,-5.61,57.3,33.6,33.6%,149,0,8.7,8.7%,115,0,42.1,42.1%,107,0,Provisional name/county match,True,5600 NC Hwy 87 East,,Elizabethtown,NC,28337,False,370039000116,name + county,East Bladen High,5600 NC Hwy 87 East,Elizabethtown,28337,34.5788,-78.5312,NCES 2024-25,True
3.70039E+11,West Bladen High,Bladen County Schools,NC,37017,Bladen County,Bladenboro,28320,1,0.51,40,24.0,33.0,17.0,92.0,41,94,56.0,67.0,36.0,96.0,91,27,22,29,20,33,28,21,65.0,26.0,47.0,5.0,7.0,,51.0,41.0,,29.0,6.0,,84.0,100.0,20.0,66.0,54.0,75.0,90.0,57.0,26.0,5.0,0.0,0.0,6.0,6.0,11.0,westbladen|bladen,2025,090368,West Bladen High,Bladen,Bladenboro,28320,09:12,H,Regular School,P,79.4,79.4%,209,0,NotMet,-3.29,63.5,48.4,48.4%,213,0,18.4,18.4%,141,0,24.3,24.3%,144,0,Provisional name/county match,True,1600 NC Hwy 410,,Bladenboro,NC,28320,False,370039002620,name + county,West Bladen High,1600 NC Hwy 410,Bladenboro,28320,34.6394,-78.7416,NCES 2024-25,True
3.70039E+11,Bladen Early College,Bladen County Schools,NC,37017,Bladen County,Dublin,28332,0,0.51,34,,41.0,,92.0,56,81,,92.0,,96.0,100,27,22,29,20,33,28,21,,,47.0,,,,,41.0,,,,,84.0,100.0,,,,,,,,,,,,,,bladenearlycollege|bladen,2025,090376,Bladen Early College,Bladen,Dublin,28332,09:13,H,Regular School,P,,>95%,28,1,Met,0.67,81.6,65.8,65.8%,38,0,68.8,68.8%,16,0,76.9,76.9%,39,0,Provisional name/county match,True,7418 NC Highway 41 West,P,Dublin,NC,28332,True,370039003477,name + county,Bladen Early College,7418 NC Highway 41 West,Dublin,28332,34.645814,-78.731332,NCES 2024-25,True
3.70042E+11,North Brunswick High,Brunswick County Schools,NC,37019,Brunswick County,Leland,28451,1,0.45,27,18.0,31.0,28.0,21.0,25,45,22.0,58.0,72.0,25.0,36,27,22,29,20,33,28,16,47.0,12.0,32.0,5.0,7.0,25.0,44.0,34.0,45.0,21.0,5.0,58.0,20.0,22.0,13.0,50.0,52.0,56.0,84.0,73.0,13.0,0.0,1.0,0.0,5.0,8.0,10.0,northbrunswick|brunswick,2025,100326,North Brunswick High,Brunswick,Leland,28451,09:12,H,Regular School,P,88.4,88.4%,396,0,Met,-1.74,71.3,53.9,53.9%,406,0,29.6,29.6%,375,0,47.2,47.2%,352,0,Provisional name/county match,False,114 Scorpion Drive,,Leland,NC,28451,False,370042000125,name + county,North Brunswick High,114 Scorpion Drive,Leland,28451,34.2405,-78.0245,NCES 2024-25,True
3.70042E+11,South Brunswick High,Brunswick County Schools,NC,37019,Brunswick County,Southport,28461,1,0.45,21,18.0,25.0,49.0,21.0,27,14,22.0,26.0,98.0,25.0,45,27,22,29,20,33,28,16,20.0,15.0,32.0,5.0,8.0,25.0,37.0,34.0,22.0,53.0,4.0,90.0,20.0,22.0,11.0,50.0,53.0,58.0,82.0,81.0,9.0,1.0,1.0,0.0,1.0,7.0,4.0,southbrunswick|brunswick,2025,100334,South Brunswick High,Brunswick,Southport,28461,09:12,H,Regular School,P,87.5,87.5%,319,0,NotMet,-4.34,59.4,55.5,55.5%,290,0,31.4,31.4%,220,0,54.4,54.4%,281,0,Provisional name/county match,False,280 Cougar Drive BSL,,Southport,NC,28461,False,370042000127,name + county,South Brunswick High,280 Cougar Drive BSL,Southport,28461,34.0116,-78.0424,NCES 2024-25,True
3.70042E+11,West Brunswick High,Brunswick County Schools,NC,37019,Brunswick County,Shallotte,28470,1,0.45,23,19.0,28.0,35.0,21.0,25,23,27.0,42.0,86.0,25.0,36,27,22,29,20,33,28,16,29.0,16.0,32.0,1.0,10.0,25.0,43.0,34.0,,66.0,5.0,,20.0,22.0,14.0,60.0,59.0,67.0,87.0,83.0,9.0,1.0,0.0,0.0,2.0,5.0,5.0,westbrunswick|brunswick,2025,100348,West Brunswick High,Brunswick,Shallotte,28470,09:12,H,Regular School,P,84.8,84.8%,387,0,NotMet,-4.61,58.9,51.1,51.1%,368,0,39.4,39.4%,302,0,47.1,47.1%,314,0,Provisional name/county match,False,550 Whiteville Road NW,,Shallotte,NC,28470,False,370042000132,name + county,West Brunswick High,550 Whiteville Road NW,Shallotte,28470,33.980586,-78.409982,NCES 2024-25,True
3.70042E+11,Brunswick County Early College,Brunswick County Schools,NC,37019,Brunswick County,Bolivia,28422,1,0.45,24,18.0,31.0,38.0,21.0,26,28,22.0,58.0,90.0,25.0,41,27,22,29,20,33,28,16,32.0,14.0,32.0,4.0,7.0,25.0,41.0,34.0,45.0,52.0,5.0,58.0,20.0,22.0,12.0,53.0,56.0,60.0,84.0,80.0,10.0,1.0,1.0,0.0,3.0,6.0,6.0,brunswickcountyearlycollege|brunswick,2025,100307,Brunswick County Early College High School,Brunswick,Bolivia,28422,09:13,H,Regular School,P,,>95%,79,1,Met,1.13,82.8,94.3,94.3%,70,0,84.6,84.6%,52,0,93.3,93.3%,75,0,Provisional name/county match,False,50 College Road NE,,Bolivia,NC,28422,False,370042002898,name + county,Brunswick County Early College,50 College Road NE,Bolivia,28422,34.03859,-78.230316,NCES 2024-25,True
3.70045E+11,Enka High,Buncombe County Schools,NC,37021,Buncombe County,Candler,28715,1,0.48,25,19.0,28.0,43.0,23.0,28,33,27.0,42.0,95.0,28.0,50,27,22,29,20,33,28,18,35.0,19.0,28.0,8.0,7.0,24.0,42.0,30.0,39.0,46.0,5.0,77.0,21.0,25.0,12.0,49.0,62.0,53.0,80.0,88.0,3.0,0.0,1.0,0.0,1.0,6.0,6.0,enka|buncombe,2025,110352,Enka High,Buncombe,Candler,28715,09:12,H,Regular School,P,90.6,90.6%,255,0,Met,-0.52,77.4,56.8,56.8%,278,0,22.9,22.9%,231,0,50.9,50.9%,232,0,Provisional name/county match,False,475 Enka Lake Road,,Candler,NC,28715,False,370045000147,name + county,Enka High,475 Enka Lake Road,Candler,28715,35.5297,-82.6658,NCES 2024-25,True
3.70045E+11,North Buncombe High,Buncombe County Schools,NC,37021,Buncombe County,Weaverville,28787,1,0.48,28,19.0,29.0,51.0,23.0,30,51,27.0,47.0,99.0,28.0,59,27,22,29,20,33,28,18,44.0,24.0,28.0,7.0,6.0,24.0,48.0,30.0,37.0,49.0,4.0,100.0,21.0,25.0,15.0,49.0,67.0,54.0,78.0,87.0,3.0,0.0,1.0,0.0,2.0,8.0,7.0,northbuncombe|buncombe,2025,110380,North Buncombe High,Buncombe,Weaverville,28787,09:12,H,Regular School,P,93.5,93.5%,248,0,NotMet,-3.2,64.0,69.2,69.2%,224,0,42.1,42.1%,159,0,70.5,70.5%,183,0,Provisional name/county match,False,890 Clarks Chapel Road,,Weaverville,NC,28787,False,370045000156,name + county,North Buncombe High,890 Clarks Chapel Road,Weaverville,28787,35.7397,-82.5576,NCES 2024-25,True
3.70045E+11,Community High School,Buncombe County Schools,NC,37021,Buncombe County,Swannanoa,28778,0,0.48,33,28.0,37.0,32.0,23.0,30,77,72.0,83.0,81.0,28.0,59,27,22,29,20,33,28,18,57.0,32.0,28.0,14.0,17.0,24.0,75.0,30.0,,60.0,4.0,,21.0,25.0,25.0,58.0,71.0,59.0,84.0,86.0,4.0,0.0,2.0,0.0,0.0,8.0,6.0,community|buncombe,2025,110303,Community High School,Buncombe,Swannanoa,28778,07:12,T,Alternative Educat,P,55.7,55.7%,61,0,NotMet,-3.4,63.0,24.4,24.4%,45,0,,<5%,24,2,16.2,16.2%,37,0,Provisional name/county match,False,235 Old US 70,,Swannanoa,NC,28778,False,370045002203,name + county,Community High School,235 Old US 70,Swannanoa,28778,35.6028,-82.4042,NCES 2024-25,True
3.70048E+11,East Burke High,Burke County Schools,NC,37023,Burke County,Connelly Springs,28612,1,0.44,31,22.0,32.0,16.0,26.0,25,69,45.0,63.0,32.0,34.0,36,27,22,29,20,33,28,13,52.0,26.0,31.0,2.0,4.0,45.0,48.0,31.0,,29.0,3.0,,32.0,21.0,22.0,64.0,43.0,78.0,90.0,87.0,3.0,0.0,3.0,0.0,2.0,4.0,5.0,eastburke|burke,2025,120314,East Burke High,Burke,Connelly Springs,28612,09:12,H,Regular School,P,92.6,92.6%,217,0,NotMet,-8.01,53.3,67.1,67.1%,216,0,41.5,41.5%,205,0,48.4,48.4%,184,0,Provisional name/county match,False,3695 East Burke Boulevard,,Connelly Springs,NC,28612,False,370048000174,name + county,East Burke High,3695 East Burke Boulevard,Connelly Springs,28612,35.7216,-81.4821,NCES 2024-25,True
3.70048E+11,Freedom High,Burke County Schools,NC,37023,Burke County,Morganton,28655,1,0.44,29,28.0,33.0,17.0,26.0,27,58,72.0,67.0,36.0,34.0,45,27,22,29,20,33,28,13,48.0,25.0,31.0,12.0,7.0,45.0,49.0,31.0,,30.0,4.0,,32.0,21.0,26.0,65.0,55.0,73.0,90.0,81.0,6.0,1.0,2.0,0.0,5.0,4.0,8.0,freedom|burke,2025,120318,Freedom High,Burke,Morganton,28655,09:12,H,Regular School,P,86.3,86.3%,371,0,NotMet,-3.4,63.0,41.7,41.7%,357,0,30.6,30.6%,281,0,43.0,43.0%,291,0,Provisional name/county match,False,511 Independence Boulevard,,Morganton,NC,28655,False,370048000176,name + county,Freedom High,511 Independence Boulevard,Morganton,28655,35.7449,-81.72,NCES 2024-25,True
3.70048E+11,Hallyburton Academy,Burke County Schools,NC,37023,Burke County,Drexel,28619,0,0.44,22,23.0,25.0,17.0,26.0,23,18,51.0,26.0,36.0,34.0,26,27,22,29,20,33,28,13,19.0,27.0,31.0,1.0,2.0,45.0,24.0,31.0,,30.0,3.0,,32.0,21.0,19.0,70.0,70.0,72.0,92.0,94.0,2.0,0.0,2.0,0.0,1.0,2.0,4.0,hallyburtonacademy|burke,2025,120308,Hallyburton Academy,Burke,Drexel,28619,06:12,T,Alternative Educat,P,50.0,50.0%,58,0,Met,-1.55,,14.3,14.3%,14,0,,<5%,13,2,,,,,Provisional name/county match,False,205 South Main Street,,Drexel,NC,28619,False,370048001005,name + county,Hallyburton Academy,205 South Main Street,Drexel,28619,35.755215,-81.603981,NCES 2024-25,True
3.70048E+11,Robert L. Patton High School,Burke County Schools,NC,37023,Burke County,Morganton,28655,1,0.44,29,28.0,32.0,14.0,26.0,26,58,72.0,63.0,25.0,34.0,41,27,22,29,20,33,28,13,45.0,27.0,31.0,11.0,9.0,45.0,43.0,31.0,,25.0,4.0,,32.0,21.0,27.0,65.0,52.0,76.0,89.0,79.0,7.0,2.0,2.0,0.0,6.0,4.0,11.0,robertlpatton|burke,2025,120370,Robert L. Patton High School,Burke,Morganton,28655,09:12,H,Regular School,P,,>95%,173,1,Met,0.63,81.5,63.6,63.6%,198,0,52.2,52.2%,159,0,54.2,54.2%,179,0,Provisional name/county match,False,701 Enola Road,,Morganton,NC,28655,False,370048002832,street + city + ZIP + county,Patton High School,701 Enola Road,Morganton,28655,35.7029,-81.67,NCES 2024-25,True
3.70048E+11,Jimmy C Draughn High School,Burke County Schools,NC,37023,Burke County,Valdese,28690,1,0.44,29,28.0,32.0,14.0,26.0,26,58,72.0,63.0,25.0,34.0,41,27,22,29,20,33,28,13,46.0,25.0,31.0,9.0,4.0,45.0,49.0,31.0,,24.0,4.0,,32.0,21.0,24.0,68.0,52.0,78.0,92.0,83.0,4.0,0.0,3.0,0.0,5.0,4.0,8.0,jimmycdraughn|burke,2025,120346,Jimmy C. Draughn High School,Burke,Valdese,28690,09:12,H,Regular School,P,,>95%,159,1,NotMet,-2.32,68.4,60.7,60.7%,163,0,64.9,64.9%,134,0,44.7,44.7%,159,0,Provisional name/county match,False,709 Lovelady Road NE,,Valdese,NC,28690,False,370048002836,street + city + ZIP + county,Draughn High School,709 Lovelady Road NE,Valdese,28690,35.766685,-81.543673,NCES 2024-25,True
3.70048E+11,Burke Middle College,Burke County Schools,NC,37023,Burke County,Morganton,28655,1,0.44,29,26.0,33.0,16.0,26.0,26,58,66.0,67.0,32.0,34.0,41,27,22,29,20,33,28,13,48.0,26.0,31.0,8.0,5.0,45.0,49.0,31.0,,29.0,3.0,,32.0,21.0,24.0,65.0,52.0,75.0,90.0,84.0,5.0,1.0,2.0,0.0,4.0,4.0,7.0,burkemiddlecollege|burke,2025,120310,Burke Middle College High School,Burke,Morganton,28655,11:12,H,Regular School,P,,>95%,62,1,,,,,,,,,,,,92.6,92.6%,68,0,Provisional name/county match,False,1001 Burkemont Ave,,Morganton,NC,28655,False,370048002908,name + county,Burke Middle College,1001 Burkemont Ave,Morganton,28655,35.723454,-81.68837,NCES 2024-25,True
3.70053E+11,Central Cabarrus High,Cabarrus County Schools,NC,37025,Cabarrus County,Concord,28025,1,0.44,25,19.0,28.0,39.0,22.0,27,33,27.0,42.0,92.0,27.0,45,27,22,29,20,33,28,12,47.0,16.0,26.0,6.0,6.0,27.0,46.0,30.0,31.0,22.0,5.0,90.0,18.0,26.0,13.0,52.0,62.0,54.0,84.0,62.0,19.0,0.0,4.0,0.0,6.0,10.0,14.0,centralcabarrus|cabarrus,2025,130310,Central Cabarrus High,Cabarrus,Concord,28025,09:12,H,Regular School,P,89.1,89.1%,340,0,Exceeded,2.38,85.9,55.0,55.0%,360,0,30.1,30.1%,296,0,40.2,40.2%,341,0,Provisional name/county match,False,505 Hwy 49 S,,Concord,NC,28025,False,370053000210,name + county,Central Cabarrus High,505 Hwy 49 S,Concord,28025,35.3627,-80.5839,NCES 2024-25,True
3.70053E+11,Mount Pleasant High,Cabarrus County Schools,NC,37025,Cabarrus County,Mount Pleasant,28124,1,0.44,25,19.0,33.0,42.0,22.0,28,33,27.0,67.0,95.0,27.0,50,27,22,29,20,33,28,12,43.0,20.0,26.0,1.0,5.0,27.0,61.0,30.0,39.0,27.0,4.0,96.0,18.0,26.0,15.0,59.0,61.0,64.0,88.0,78.0,10.0,0.0,1.0,0.0,3.0,7.0,8.0,mountpleasant|cabarrus,2025,130324,Mount Pleasant High,Cabarrus,Mount Pleasant,28124,09:12,H,Regular School,P,90.9,90.9%,232,0,Met,-0.82,75.9,54.9,54.9%,215,0,43.8,43.8%,185,0,44.5,44.5%,191,0,Provisional name/county match,False,700 Walker Road,,Mount Pleasant,NC,28124,False,370053000215,name + county,Mount Pleasant High,700 Walker Road,Mount Pleasant,28124,35.4076,-80.4821,NCES 2024-25,True
3.70053E+11,Northwest Cabarrus High,Cabarrus County Schools,NC,37025,Cabarrus County,Concord,28027,1,0.44,29,20.0,31.0,43.0,22.0,29,58,33.0,58.0,95.0,27.0,55,27,22,29,20,33,28,12,63.0,13.0,26.0,9.0,9.0,27.0,63.0,30.0,25.0,32.0,6.0,92.0,18.0,26.0,16.0,48.0,59.0,54.0,80.0,63.0,18.0,0.0,3.0,0.0,7.0,8.0,14.0,northwestcabarrus|cabarrus,2025,130326,Northwest Cabarrus High,Cabarrus,Concord,28027,09:12,H,Regular School,P,,>95%,296,1,Met,-1.1,74.5,70.5,70.5%,298,0,38.7,38.7%,222,0,52.8,52.8%,250,0,Provisional name/county match,False,5130 NW Cabarrus Drive,,Concord,NC,28027,False,370053000216,name + county,Northwest Cabarrus High,5130 NW Cabarrus Drive,Concord,28027,35.4506,-80.6622,NCES 2024-25,True
3.70053E+11,Concord High,Cabarrus County Schools,NC,37025,Cabarrus County,Concord,28025,1,0.44,27,24.0,32.0,43.0,22.0,30,45,56.0,63.0,95.0,27.0,59,27,22,29,20,33,28,12,50.0,18.0,26.0,9.0,8.0,27.0,53.0,30.0,44.0,32.0,6.0,90.0,18.0,26.0,21.0,59.0,63.0,65.0,86.0,63.0,19.0,0.0,1.0,0.0,9.0,8.0,17.0,concord|cabarrus,2025,130314,Concord High,Cabarrus,Concord,28025,09:12,H,Regular School,P,88.0,88.0%,259,0,Exceeded,6.22,93.7,48.5,48.5%,295,0,40.8,40.8%,282,0,34.3,34.3%,245,0,Provisional name/county match,False,481 Burrage Road NE,,Concord,NC,28025,False,370053000378,name + county,Concord High,481 Burrage Road NE,Concord,28025,35.4334,-80.5824,NCES 2024-25,True
3.70053E+11,Cabarrus Co Opportunity School,Cabarrus County Schools,NC,37025,Cabarrus County,Concord,28025,0,0.44,30,21.0,34.0,43.0,22.0,30,63,39.0,72.0,95.0,27.0,59,27,22,29,20,33,28,12,57.0,23.0,26.0,5.0,8.0,27.0,58.0,30.0,45.0,41.0,6.0,82.0,18.0,26.0,19.0,58.0,59.0,61.0,88.0,62.0,20.0,0.0,2.0,0.0,9.0,6.0,16.0,cabarruscountyopportunity|cabarrus,2025,130317,Cabarrus Co Opportunity School,Cabarrus,Concord,28025,06:12,T,Alternative Educat,P,,,,,,,,,,,,,,,,,,,,Provisional name/county match,False,120 Marsh Avenue NW,,Concord,NC,28025,False,370053002075,name + county,Cabarrus Co Opportunity School,120 Marsh Avenue NW,Concord,28025,35.4122,-80.5893,NCES 2024-25,True
3.70053E+11,Jay M Robinson High,Cabarrus County Schools,NC,37025,Cabarrus County,Concord,28027,1,0.44,26,21.0,28.0,42.0,22.0,28,39,39.0,42.0,95.0,27.0,50,27,22,29,20,33,28,12,51.0,16.0,26.0,10.0,6.0,27.0,52.0,30.0,27.0,30.0,7.0,87.0,18.0,26.0,16.0,47.0,62.0,53.0,78.0,52.0,23.0,0.0,7.0,0.0,8.0,9.0,16.0,jaymrobinson|cabarrus,2025,130316,Jay M Robinson High,Cabarrus,Concord,28027,09:12,H,Regular School,P,88.7,88.7%,302,0,Exceeded,3.66,89.1,57.4,57.4%,319,0,42.1,42.1%,278,0,39.6,39.6%,270,0,Provisional name/county match,False,300 Pitts School Road SW,,Concord,NC,28027,False,370053002570,name + county,Jay M Robinson High,300 Pitts School Road SW,Concord,28027,35.363,-80.6614,NCES 2024-25,True
3.70053E+11,Hickory Ridge High,Cabarrus County Schools,NC,37025,Cabarrus County,Harrisburg,28075,1,0.44,22,15.0,22.0,35.0,22.0,23,18,11.0,13.0,86.0,27.0,26,27,22,29,20,33,28,12,44.0,5.0,26.0,8.0,6.0,27.0,40.0,30.0,8.0,15.0,5.0,86.0,18.0,26.0,8.0,36.0,59.0,35.0,78.0,60.0,22.0,0.0,7.0,0.0,4.0,8.0,8.0,hickoryridge|cabarrus,2025,130332,Hickory Ridge High,Cabarrus,Harrisburg,28075,09:12,H,Regular School,P,94.4,94.4%,411,0,Met,1.93,84.8,73.6,73.6%,416,0,61.0,61.0%,277,0,70.5,70.5%,400,0,Provisional name/county match,False,7321 Raging Ridge Road,,Harrisburg,NC,28075,False,370053002833,name + county,Hickory Ridge High,7321 Raging Ridge Road,Harrisburg,28075,35.3078,-80.6349,NCES 2024-25,True
3.70053E+11,Performance Learning Center,Cabarrus County Schools,NC,37025,Cabarrus County,Concord,28027,0,0.44,27,21.0,28.0,43.0,22.0,28,45,39.0,42.0,95.0,27.0,50,27,22,29,20,33,28,12,58.0,14.0,26.0,9.0,6.0,27.0,52.0,30.0,23.0,30.0,7.0,91.0,18.0,26.0,16.0,49.0,63.0,51.0,82.0,58.0,21.0,0.0,4.0,0.0,8.0,10.0,17.0,performancelearningcenter|cabarrus,2025,130333,Performance Learning Center,Cabarrus,Concord,28027,06:12,T,Alternative Educat,P,84.9,84.9%,159,0,Met,-1.02,,38.9,38.9%,18,0,,,,,36.0,36.0%,25,0,Provisional name/county match,False,4521 Weddington Road,,Concord,NC,28027,False,370053002975,name + county,Performance Learning Center,4521 Weddington Road,Concord,28027,35.38956,-80.651705,NCES 2024-25,True
3.70053E+11,Cox Mill High School,Cabarrus County Schools,NC,37025,Cabarrus County,Concord,28027,1,0.44,25,12.0,29.0,40.0,22.0,26,33,4.0,47.0,93.0,27.0,41,27,22,29,20,33,28,12,50.0,10.0,26.0,5.0,6.0,27.0,75.0,30.0,7.0,20.0,6.0,95.0,18.0,26.0,7.0,33.0,69.0,37.0,67.0,66.0,13.0,0.0,10.0,0.0,2.0,9.0,10.0,coxmill|cabarrus,2025,130307,Cox Mill High School,Cabarrus,Concord,28027,09:12,H,Regular School,P,,>95%,471,1,Met,1.33,83.3,87.0,87.0%,468,0,63.0,63.0%,235,0,78.0,78.0%,413,0,Provisional name/county match,False,1355 Cox Mill Rd,,Concord,NC,28027,False,370053003083,name + county,Cox Mill High School,1355 Cox Mill Rd,Concord,28027,35.395,-80.7289,NCES 2024-25,True
3.70053E+11,Cabarrus Early College Of Technology,Cabarrus County Schools,NC,37025,Cabarrus County,Concord,28027,0,0.44,27,21.0,28.0,43.0,22.0,28,45,39.0,42.0,95.0,27.0,50,27,22,29,20,33,28,12,58.0,14.0,26.0,9.0,6.0,27.0,52.0,30.0,23.0,30.0,7.0,91.0,18.0,26.0,16.0,49.0,63.0,51.0,82.0,58.0,21.0,0.0,4.0,0.0,8.0,10.0,17.0,cabarrusearlycollegeoftechnology|cabarrus,2025,130349,Cabarrus Early College of Technology,Cabarrus,Concord,28027,09:13,H,Regular School,P,,>95%,55,1,Met,0.31,80.7,91.8,91.8%,61,0,85.7,85.7%,42,0,94.6,94.6%,56,0,Provisional name/county match,False,670 Concord Parkway North,,Concord,NC,28027,False,370053003407,name + county,Cabarrus Early College of Technology,670 Concord Parkway North,Concord,28027,35.417999,-80.613023,NCES 2024-25,True
3.70053E+11,West Cabarrus High,Cabarrus County Schools,NC,37025,Cabarrus County,Concord,28027,0,0.44,27,21.0,28.0,43.0,22.0,28,45,39.0,42.0,95.0,27.0,50,27,22,29,20,33,28,12,58.0,14.0,26.0,9.0,6.0,27.0,52.0,30.0,23.0,30.0,7.0,91.0,18.0,26.0,16.0,49.0,63.0,51.0,82.0,58.0,21.0,0.0,4.0,0.0,8.0,10.0,17.0,westcabarrus|cabarrus,2025,130339,West Cabarrus High School,Cabarrus,Concord,28027,09:12,H,Regular School,P,84.9,84.9%,482,0,Met,0.6,81.5,47.8,47.8%,437,0,33.8,33.8%,379,0,43.2,43.2%,340,0,Provisional name/county match,False,4100 Weddington Rd,,Concord,NC,28027,False,370053003482,name + county,West Cabarrus High,4100 Weddington Rd,Concord,28027,35.40196,-80.647177,NCES 2024-25,True
3.70058E+11,Hibriten High,Caldwell County Schools,NC,37027,Caldwell County,Lenoir,28645,1,0.43,26,26.0,34.0,22.0,30.0,28,39,66.0,72.0,54.0,43.0,50,27,22,29,20,33,28,13,32.0,27.0,32.0,4.0,9.0,45.0,44.0,39.0,,41.0,3.0,,29.0,32.0,28.0,66.0,63.0,72.0,90.0,86.0,5.0,0.0,1.0,0.0,4.0,4.0,7.0,hibriten|caldwell,2025,140348,Hibriten High,Caldwell,Lenoir,28645,09:12,H,Regular School,P,83.3,83.3%,216,0,Met,-1.53,72.3,54.5,54.5%,187,0,31.6,31.6%,206,0,51.4,51.4%,183,0,Provisional name/county match,False,1350 Panther Trail SE,,Lenoir,NC,28645,False,370058000231,name + county,Hibriten High,1350 Panther Trail SE,Lenoir,28645,35.9252,-81.495,NCES 2024-25,True
3.70058E+11,South Caldwell High,Caldwell County Schools,NC,37027,Caldwell County,Hudson,28638,1,0.43,27,24.0,35.0,13.0,30.0,26,45,56.0,76.0,21.0,43.0,41,27,22,29,20,33,28,13,42.0,22.0,32.0,3.0,4.0,45.0,52.0,39.0,,23.0,4.0,,29.0,32.0,24.0,65.0,59.0,71.0,89.0,90.0,2.0,0.0,1.0,0.0,2.0,4.0,5.0,southcaldwell|caldwell,2025,140386,South Caldwell High,Caldwell,Hudson,28638,09:12,H,Regular School,P,83.4,83.4%,362,0,NotMet,-3.21,63.9,62.7,62.7%,311,0,36.1,36.1%,252,0,60.8,60.8%,296,0,Provisional name/county match,False,7035 Spartan Drive,,Hudson,NC,28638,False,370058000239,name + county,South Caldwell High,7035 Spartan Drive,Hudson,28638,35.8214,-81.4508,NCES 2024-25,True
3.70058E+11,West Caldwell High,Caldwell County Schools,NC,37027,Caldwell County,Lenoir,28645,1,0.43,27,26.0,34.0,30.0,30.0,30,45,66.0,72.0,77.0,43.0,59,27,22,29,20,33,28,13,37.0,27.0,32.0,5.0,7.0,45.0,46.0,39.0,,57.0,4.0,,29.0,32.0,27.0,66.0,60.0,73.0,90.0,86.0,5.0,0.0,1.0,0.0,4.0,5.0,7.0,westcaldwell|caldwell,2025,140390,West Caldwell High,Caldwell,Lenoir,28645,09:12,H,Regular School,P,74.2,74.2%,198,0,NotMet,-3.67,61.6,38.1,38.1%,139,0,28.7,28.7%,164,0,36.1,36.1%,144,0,Provisional name/county match,False,300 W Caldwell Drive,,Lenoir,NC,28645,False,370058000241,name + county,West Caldwell High,300 W Caldwell Drive,Lenoir,28645,35.8868,-81.5918,NCES 2024-25,True
3.70058E+11,Gateway School,Caldwell County Schools,NC,37027,Caldwell County,Granite Falls,28630,0,0.43,29,26.0,34.0,15.0,30.0,27,58,66.0,72.0,29.0,43.0,45,27,22,29,20,33,28,13,47.0,23.0,32.0,2.0,4.0,45.0,50.0,39.0,,28.0,3.0,,29.0,32.0,29.0,69.0,61.0,74.0,92.0,91.0,1.0,0.0,1.0,0.0,3.0,4.0,5.0,gateway|caldwell,2025,140306,Gateway School,Caldwell,Granite Falls,28630,06:12,T,Alternative Educat,P,,,,,NotMet,-2.28,68.6,,<5%,18,2,18.2,18.2%,11,0,,,,,Provisional name/county match,False,1889 Dudley Shoals Road,,Granite Falls,NC,28630,False,370058001010,name + county,Gateway School,1889 Dudley Shoals Road,Granite Falls,28630,35.8644,-81.3684,NCES 2024-25,True
3.70058E+11,Caldwell Applied Sciences Academy,Caldwell County Schools,NC,37027,Caldwell County,Hudson,28638,1,0.43,26,24.0,35.0,23.0,30.0,28,39,56.0,76.0,58.0,43.0,50,27,22,29,20,33,28,13,37.0,24.0,32.0,4.0,6.0,45.0,50.0,39.0,,42.0,3.0,,29.0,32.0,25.0,63.0,59.0,70.0,89.0,88.0,3.0,0.0,1.0,0.0,3.0,4.0,6.0,caldwellappliedsciencesacademy|caldwell,2025,140305,Caldwell Applied Sciences Academy,Caldwell,Hudson,28638,09:12,H,Regular School,P,,>95%,45,1,Met,0.18,80.4,87.3,87.3%,55,0,60.0,60.0%,40,0,78.2,78.2%,55,0,Provisional name/county match,False,2857 Hickory Boulevard,,Hudson,NC,28638,False,370058002435,name + county,Caldwell Applied Sciences Academy,2857 Hickory Boulevard,Hudson,28638,35.8555,-81.4852,NCES 2024-25,True
3.70058E+11,Caldwell Early College,Caldwell County Schools,NC,37027,Caldwell County,Hudson,28638,1,0.43,26,24.0,35.0,23.0,30.0,28,39,56.0,76.0,58.0,43.0,50,27,22,29,20,33,28,13,37.0,24.0,32.0,4.0,6.0,45.0,50.0,39.0,,42.0,3.0,,29.0,32.0,25.0,63.0,59.0,70.0,89.0,88.0,3.0,0.0,1.0,0.0,3.0,4.0,6.0,caldwellearlycollege|caldwell,2025,140309,Caldwell Early College High School,Caldwell,Hudson,28638,09:13,H,Regular School,P,,>95%,90,1,Met,-0.83,75.8,92.5,92.5%,80,0,55.4,55.4%,65,0,,>95%,60,1,Provisional name/county match,False,2859 Hickory Blvd SW,,Hudson,NC,28638,False,370058002880,name + county,Caldwell Early College,2859 Hickory Blvd SW,Hudson,28638,35.85753,-81.486721,NCES 2024-25,True
3.7006E+11,Camden County High,Camden County Schools,NC,37029,Camden County,Camden,27921,1,0.38,24,18.0,24.0,37.0,55.0,31,28,22.0,21.0,89.0,79.0,63,27,22,29,20,33,28,9,39.0,17.0,31.0,2.0,8.0,,58.0,24.0,5.0,22.0,5.0,84.0,,55.0,12.0,56.0,58.0,63.0,85.0,72.0,16.0,1.0,1.0,0.0,2.0,8.0,8.0,camdencounty|camden,2025,150304,Camden County High School,Camden,Camden,27921,09:12,H,Regular School,P,93.2,93.2%,118,0,NotMet,-4.14,59.7,72.0,72.0%,125,0,42.7,42.7%,110,0,58.7,58.7%,104,0,Provisional name/county match,False,103 US 158 W,,Camden,NC,27921,False,370060000246,name + county,Camden County High,103 US 158 W,Camden,27921,36.327179,-76.171832,NCES 2024-25,True
3.7006E+11,Camden Early College High,Camden County Schools,NC,37029,Camden County,Camden,27921,0,0.38,16,18.0,19.0,10.0,55.0,24,2,22.0,5.0,10.0,79.0,31,27,22,29,20,33,28,9,13.0,13.0,31.0,1.0,1.0,,34.0,24.0,,16.0,4.0,,,55.0,11.0,57.0,49.0,63.0,89.0,79.0,8.0,0.0,1.0,0.0,3.0,8.0,4.0,camdenearlycollege|camden,2025,150350,Camden Early College High School,Camden,Camden,27921,09:13,H,Regular School,P,93.3,93.3%,30,0,Met,1.63,84.0,82.4,82.4%,34,0,94.1,94.1%,17,0,85.7,85.7%,35,0,Provisional name/county match,False,103-A US Highway 158 West,,Camden,NC,27921,False,370060003391,name + county,Camden Early College High,103-A US Highway 158 West,Camden,27921,36.327277,-76.171887,NCES 2024-25,True
3.70063E+11,East Carteret High,Carteret County Public Schools,NC,37031,Carteret County,Beaufort,28516,1,0.46,20,19.0,27.0,38.0,27.0,26,10,27.0,37.0,90.0,36.0,41,27,22,29,20,33,28,12,23.0,16.0,27.0,3.0,10.0,28.0,47.0,23.0,,70.0,5.0,,20.0,35.0,14.0,56.0,58.0,62.0,85.0,78.0,12.0,1.0,0.0,0.0,2.0,7.0,6.0,eastcarteret|carteret,2025,160313,East Carteret High School,Carteret,Beaufort,28516,09:12,H,Regular School,P,89.4,89.4%,123,0,Met,1.02,82.5,70.6,70.6%,143,0,63.0,63.0%,100,0,76.2,76.2%,105,0,Provisional name/county match,False,3263 Hwy 70 E,,Beaufort,NC,28516,False,370063000253,name + county,East Carteret High,3263 Hwy 70 E,Beaufort,28516,34.7815,-76.6318,NCES 2024-25,True
3.70063E+11,West Carteret High,Carteret County Public Schools,NC,37031,Carteret County,Morehead City,28557,1,0.46,22,19.0,28.0,30.0,27.0,25,18,27.0,42.0,77.0,36.0,36,27,22,29,20,33,28,12,34.0,15.0,27.0,5.0,8.0,28.0,54.0,23.0,,54.0,6.0,,20.0,35.0,12.0,54.0,53.0,62.0,84.0,81.0,7.0,0.0,2.0,0.0,2.0,8.0,6.0,westcarteret|carteret,2025,160344,West Carteret High School,Carteret,Morehead City,28557,08:12,H,Regular School,P,82.7,82.7%,312,0,NotMet,-3.52,62.4,61.1,61.1%,257,0,45.6,45.6%,217,0,67.5,67.5%,212,0,Provisional name/county match,False,4700 Country Club Rd,,Morehead City,NC,28557,False,370063000259,name + county,West Carteret High,4700 Country Club Rd,Morehead City,28557,34.7373,-76.7859,NCES 2024-25,True
3.70063E+11,Croatan High,Carteret County Public Schools,NC,37031,Carteret County,Newport,28570,1,0.46,25,17.0,27.0,27.0,27.0,25,33,17.0,37.0,70.0,36.0,36,27,22,29,20,33,28,12,45.0,17.0,27.0,2.0,8.0,28.0,50.0,23.0,,50.0,5.0,,20.0,35.0,12.0,54.0,54.0,61.0,84.0,84.0,6.0,0.0,1.0,0.0,2.0,6.0,5.0,croatan|carteret,2025,160314,Croatan High School,Carteret,Newport,28570,09:12,H,Regular School,P,92.5,92.5%,255,0,Exceeded,7.8,96.3,84.8,84.8%,250,0,70.8,70.8%,212,0,78.9,78.9%,247,0,Provisional name/county match,False,1 Cougar Ln,,Newport,NC,28570,False,370063002369,name + county,Croatan High,1 Cougar Ln,Newport,28570,34.716121,-76.950347,NCES 2024-25,True
3.70063E+11,Bridges School,Carteret County Public Schools,NC,37031,Carteret County,Morehead City,28557,0,0.46,18,18.0,26.0,22.0,27.0,22,5,22.0,31.0,54.0,36.0,22,27,22,29,20,33,28,12,20.0,15.0,27.0,3.0,6.0,28.0,46.0,23.0,,36.0,7.0,,20.0,35.0,14.0,52.0,59.0,57.0,83.0,83.0,5.0,0.0,1.0,0.0,2.0,9.0,9.0,bridges|carteret,2025,160309,Bridges School,Carteret,Morehead City,28557,06:12,T,Alternative Educat,P,,,,,,,,,,,,,,,,,,,,Provisional name/county match,False,140 Vashti Dr,,Morehead City,NC,28557,False,370063003317,name + county,Bridges School,140 Vashti Dr,Morehead City,28557,34.7385,-76.7895,NCES 2024-25,True
3.70066E+11,Bartlett Yancey High,Caswell County Schools,NC,37033,Caswell County,Yanceyville,27379,1,0.42,33,25.0,42.0,46.0,56.0,40,77,61.0,94.0,97.0,80.0,90,27,22,29,20,33,28,13,47.0,36.0,36.0,3.0,8.0,,47.0,43.0,69.0,38.0,5.0,94.0,45.0,68.0,25.0,71.0,58.0,78.0,93.0,65.0,26.0,0.0,0.0,0.0,1.0,7.0,7.0,bartlettyancey|caswell,2025,170316,Bartlett Yancey High School,Caswell,Yanceyville,27379,09:12,H,Regular School,P,88.5,88.5%,174,0,Met,-0.98,75.1,44.6,44.6%,166,0,34.2,34.2%,117,0,32.0,32.0%,147,0,Provisional name/county match,True,466 Main Street E,,Yanceyville,NC,27379,False,370066000264,name + county,Bartlett Yancey High,466 Main Street E,Yanceyville,27379,36.4033,-79.3273,NCES 2024-25,True
3.70069E+11,Bandys High,Catawba County Schools,NC,37035,Catawba County,Catawba,28609,1,0.46,22,21.0,26.0,44.0,33.0,29,18,39.0,31.0,96.0,49.0,55,27,22,29,20,33,28,13,23.0,18.0,35.0,6.0,11.0,30.0,59.0,29.0,0.0,28.0,4.0,100.0,30.0,36.0,18.0,54.0,53.0,58.0,87.0,84.0,4.0,0.0,2.0,0.0,3.0,5.0,9.0,bandys|catawba,2025,180308,Bandys High,Catawba,Catawba,28609,09:12,H,Regular School,P,94.7,94.7%,225,0,Exceeded,2.22,85.5,63.1,63.1%,255,0,56.8,56.8%,176,0,59.0,59.0%,212,0,Provisional name/county match,False,5040 E Bandys Road,,Catawba,NC,28609,False,370069000274,name + county,Bandys High,5040 E Bandys Road,Catawba,28609,35.6452,-81.0856,NCES 2024-25,True
3.70069E+11,Bunker Hill High,Catawba County Schools,NC,37035,Catawba County,Claremont,28610,1,0.46,30,28.0,31.0,15.0,33.0,27,63,72.0,58.0,29.0,49.0,45,27,22,29,20,33,28,13,48.0,23.0,35.0,9.0,9.0,30.0,54.0,29.0,,26.0,3.0,,30.0,36.0,25.0,68.0,60.0,73.0,92.0,80.0,5.0,1.0,4.0,0.0,5.0,6.0,9.0,bunkerhill|catawba,2025,180320,Bunker Hill High,Catawba,Claremont,28610,09:12,H,Regular School,P,89.2,89.2%,259,0,NotMet,-3.0,65.0,43.4,43.4%,226,0,25.1,25.1%,183,0,44.3,44.3%,176,0,Provisional name/county match,False,4675 Oxford School Road,,Claremont,NC,28610,False,370069000277,name + county,Bunker Hill High,4675 Oxford School Road,Claremont,28610,35.754,-81.1196,NCES 2024-25,True
3.70069E+11,Fred T Foard High,Catawba County Schools,NC,37035,Catawba County,Newton,28658,1,0.46,30,23.0,26.0,12.0,33.0,25,63,51.0,31.0,17.0,49.0,36,27,22,29,20,33,28,13,45.0,26.0,35.0,2.0,3.0,30.0,42.0,29.0,,22.0,3.0,,30.0,36.0,22.0,65.0,50.0,73.0,93.0,79.0,8.0,0.0,5.0,0.0,2.0,6.0,7.0,fredtfoard|catawba,2025,180340,Fred T Foard High,Catawba,Newton,28658,09:12,H,Regular School,P,,>95%,243,1,Met,0.81,82.0,66.8,66.8%,217,0,50.8,50.8%,181,0,60.4,60.4%,235,0,Provisional name/county match,False,3407 Plateau Road,,Newton,NC,28658,False,370069000282,name + county,Fred T Foard High,3407 Plateau Road,Newton,28658,35.6175,-81.3711,NCES 2024-25,True
3.70069E+11,Maiden High,Catawba County Schools,NC,37035,Catawba County,Maiden,28650,1,0.46,24,26.0,29.0,11.0,33.0,25,28,66.0,47.0,13.0,49.0,36,27,22,29,20,33,28,13,25.0,23.0,35.0,9.0,16.0,30.0,40.0,29.0,,19.0,3.0,,30.0,36.0,20.0,67.0,51.0,75.0,93.0,74.0,8.0,0.0,4.0,0.0,6.0,8.0,13.0,maiden|catawba,2025,180348,Maiden High,Catawba,Maiden,28650,09:12,H,Regular School,P,87.2,87.2%,226,0,NotMet,-3.79,61.0,49.1,49.1%,220,0,43.3,43.3%,178,0,53.7,53.7%,214,0,Provisional name/county match,False,600 West Main Street,,Maiden,NC,28650,False,370069000285,name + county,Maiden High,600 West Main Street,Maiden,28650,35.579694,-81.224146,NCES 2024-25,True
3.70069E+11,Saint Stephens High,Catawba County Schools,NC,37035,Catawba County,Hickory,28601,1,0.46,30,26.0,30.0,14.0,33.0,27,63,66.0,53.0,25.0,49.0,45,27,22,29,20,33,28,13,51.0,21.0,35.0,10.0,10.0,30.0,50.0,29.0,,23.0,5.0,,30.0,36.0,23.0,60.0,58.0,65.0,88.0,74.0,6.0,1.0,4.0,0.0,6.0,8.0,14.0,saintstephens|catawba,2025,180376,Saint Stephens High,Catawba,Hickory,28601,09:12,H,Regular School,P,86.2,86.2%,327,0,Exceeded,3.36,88.4,58.2,58.2%,299,0,52.2,52.2%,270,0,49.5,49.5%,281,0,Provisional name/county match,False,3205 34th Street Drive NE,,Hickory,NC,28601,False,370069000290,name + county,Saint Stephens High,3205 34th Street Drive NE,Hickory,28601,35.7723,-81.2691,NCES 2024-25,True
3.70069E+11,Challenger Early College High,Catawba County Schools,NC,37035,Catawba County,Hickory,28602,1,0.46,27,23.0,24.0,43.0,33.0,30,45,51.0,21.0,95.0,49.0,59,27,22,29,20,33,28,13,40.0,21.0,35.0,6.0,9.0,30.0,52.0,29.0,0.0,25.0,4.0,100.0,30.0,36.0,20.0,60.0,55.0,65.0,90.0,80.0,6.0,1.0,4.0,0.0,4.0,7.0,10.0,challengerearlycollege|catawba,2025,180325,Challenger Early College High School,Catawba,Hickory,28602,09:12,H,Regular School,P,,>95%,90,1,Met,1.2,83.0,,>95%,97,1,88.2,88.2%,68,0,,>95%,88,1,Provisional name/county match,False,2550 Hwy 70 SE,,Hickory,NC,28602,False,370069002753,name + county,Challenger Early College High,2550 Hwy 70 SE,Hickory,28602,35.6995,-81.2881,NCES 2024-25,True
3.70072E+11,Chapel Hill High,Chapel Hill-Carrboro City Schools,NC,37135,Orange County,Chapel Hill,27516,1,0.51,19,12.0,31.0,18.0,11.0,18,7,4.0,58.0,40.0,6.0,7,27,22,29,20,33,28,11,31.0,10.0,23.0,11.0,4.0,28.0,50.0,27.0,46.0,25.0,7.0,22.0,14.0,9.0,8.0,17.0,79.0,42.0,39.0,69.0,11.0,0.0,9.0,0.0,3.0,7.0,10.0,chapelhill|orange,2025,681308,Chapel Hill High School,Orange,Chapel Hill,27516,09:12,H,Regular School,P,94.5,94.5%,399,0,Exceeded,10.29,100.0,80.8,80.8%,411,0,38.2,38.2%,186,0,77.1,77.1%,345,0,Provisional name/county match,False,9217 Seawell School Rd,,Chapel Hill,NC,27516,False,370072000295,name + county,Chapel Hill High,9217 Seawell School Rd,Chapel Hill,27516,35.946531,-79.080171,NCES 2024-25,True
3.70072E+11,East Chapel Hill High,Chapel Hill-Carrboro City Schools,NC,37135,Orange County,Chapel Hill,27514,1,0.51,19,14.0,30.0,21.0,11.0,19,7,8.0,53.0,51.0,6.0,10,27,22,29,20,33,28,11,17.0,24.0,23.0,19.0,3.0,28.0,48.0,27.0,42.0,32.0,8.0,22.0,14.0,9.0,6.0,12.0,83.0,30.0,39.0,69.0,10.0,0.0,12.0,0.0,2.0,6.0,8.0,eastchapelhill|orange,2025,681314,East Chapel Hill High School,Orange,Chapel Hill,27514,09:12,H,Regular School,P,93.1,93.1%,348,0,Exceeded,4.32,90.5,87.5,87.5%,335,0,41.7,41.7%,180,0,81.0,81.0%,332,0,Provisional name/county match,False,500 Weaver Dairy Rd,,Chapel Hill,NC,27514,False,370072001942,name + county,East Chapel Hill High,500 Weaver Dairy Rd,Chapel Hill,27514,35.961,-79.0297,NCES 2024-25,True
3.70072E+11,Carrboro High,Chapel Hill-Carrboro City Schools,NC,37135,Orange County,Carrboro,27510,1,0.51,14,11.0,29.0,17.0,11.0,17,1,3.0,47.0,36.0,6.0,5,27,22,29,20,33,28,11,14.0,9.0,23.0,11.0,3.0,28.0,43.0,27.0,45.0,22.0,7.0,21.0,14.0,9.0,8.0,16.0,77.0,39.0,42.0,71.0,13.0,1.0,7.0,0.0,3.0,5.0,9.0,carrboro|orange,2025,681305,Carrboro High School,Orange,Carrboro,27510,09:12,H,Regular School,P,85.8,85.8%,226,0,Exceeded,3.07,87.6,61.8,61.8%,225,0,35.6,35.6%,149,0,76.8,76.8%,211,0,Provisional name/county match,False,201 Rock Haven Rd,,Carrboro,NC,27510,False,370072002823,name + county,Carrboro High,201 Rock Haven Rd,Carrboro,27510,35.8917,-79.0855,NCES 2024-25,True
3.70072E+11,Phoenix Academy High,Chapel Hill-Carrboro City Schools,NC,37135,Orange County,Chapel Hill,27516,0,0.51,23,11.0,31.0,13.0,11.0,18,23,3.0,58.0,21.0,6.0,7,27,22,29,20,33,28,11,43.0,15.0,23.0,10.0,5.0,28.0,39.0,27.0,54.0,20.0,7.0,13.0,14.0,9.0,9.0,17.0,80.0,33.0,46.0,74.0,9.0,0.0,7.0,0.0,3.0,7.0,10.0,phoenixacademy|orange,2025,681338,Phoenix Academy High School,Orange,Chapel Hill,27516,09:12,H,Alternative Educat,P,71.4,71.4%,84,0,Met,0.46,,50.0,50.0%,10,0,,,,,,,,,Provisional name/county match,False,750 S Merritt Mill Rd,,Chapel Hill,NC,27516,False,370072003157,name + county,Phoenix Academy High,750 S Merritt Mill Rd,Chapel Hill,27516,35.903386,-79.068018,NCES 2024-25,True
3.70075E+11,Chatham Central High,Chatham County Schools,NC,37037,Chatham County,Bear Creek,27207,1,0.5,29,26.0,40.0,17.0,20.0,26,58,66.0,90.0,36.0,22.0,41,27,22,29,20,33,28,11,40.0,37.0,26.0,12.0,11.0,57.0,60.0,33.0,,31.0,4.0,,28.0,12.0,23.0,58.0,49.0,67.0,87.0,72.0,13.0,0.0,1.0,0.0,8.0,7.0,15.0,chathamcentral|chatham,2025,190316,Chatham Central High,Chatham,Bear Creek,27207,09:12,H,Regular School,P,90.3,90.3%,103,0,Exceeded,5.16,91.9,66.2,66.2%,71,0,60.0,60.0%,75,0,35.2,35.2%,71,0,Provisional name/county match,False,14950 NC Hwy 902 W,,Bear Creek,NC,27207,False,370075000306,name + county,Chatham Central High,14950 NC Hwy 902 W,Bear Creek,27207,35.6138,-79.3898,NCES 2024-25,True
3.70075E+11,Jordan Matthews High,Chatham County Schools,NC,37037,Chatham County,Siler City,27344,1,0.5,30,32.0,39.0,16.0,20.0,27,63,80.0,88.0,32.0,22.0,45,27,22,29,20,33,28,11,51.0,31.0,26.0,16.0,10.0,57.0,56.0,33.0,,28.0,5.0,,28.0,12.0,30.0,66.0,68.0,73.0,87.0,68.0,11.0,0.0,0.0,0.0,10.0,11.0,22.0,jordanmatthews|chatham,2025,190336,Jordan-Matthews High,Chatham,Siler City,27344,09:12,H,Regular School,P,85.9,85.9%,248,0,Met,-1.7,71.5,42.9,42.9%,203,0,23.0,23.0%,217,0,33.9,33.9%,180,0,Provisional name/county match,False,910 East Cardinal Street,,Siler City,NC,27344,False,370075000311,name + county,Jordan-Matthews High,910 East Cardinal Street,Siler City,27344,35.7233,-79.4514,NCES 2024-25,True
3.70075E+11,Northwood High,Chatham County Schools,NC,37037,Chatham County,Pittsboro,27312,1,0.5,23,11.0,30.0,36.0,20.0,24,23,3.0,53.0,87.0,22.0,31,27,22,29,20,33,28,11,41.0,16.0,26.0,7.0,2.0,57.0,50.0,33.0,7.0,17.0,5.0,88.0,28.0,12.0,8.0,24.0,67.0,42.0,54.0,72.0,12.0,0.0,6.0,0.0,3.0,7.0,8.0,northwood|chatham,2025,190342,Northwood High,Chatham,Pittsboro,27312,09:12,H,Regular School,P,91.6,91.6%,166,0,Exceeded,4.22,90.3,69.5,69.5%,151,0,41.4,41.4%,87,0,68.6,68.6%,153,0,Provisional name/county match,False,310 Northwood High School Road,,Pittsboro,NC,27312,False,370075000313,name + county,Northwood High,310 Northwood High School Road,Pittsboro,27312,35.757,-79.1735,NCES 2024-25,True
3.70078E+11,Andrews High,Cherokee County Schools,NC,37039,Cherokee County,Andrews,28901,1,0.43,26,21.0,26.0,35.0,85.0,39,39,39.0,31.0,86.0,94.0,88,27,22,29,20,33,28,15,23.0,32.0,35.0,1.0,10.0,,34.0,33.0,,67.0,4.0,,,85.0,17.0,62.0,57.0,69.0,89.0,89.0,2.0,4.0,0.0,0.0,1.0,3.0,3.0,andrews|cherokee,2025,200308,Andrews High,Cherokee,Andrews,28901,09:12,H,Regular School,P,88.9,88.9%,63,0,NotMet,-4.38,59.3,44.7,44.7%,47,0,43.1,43.1%,58,0,51.8,51.8%,56,0,Provisional name/county match,True,50 High School Drive,,Andrews,NC,28901,False,370078000318,name + county,Andrews High,50 High School Drive,Andrews,28901,35.1954,-83.8244,NCES 2024-25,True
3.70078E+11,Murphy High,Cherokee County Schools,NC,37039,Cherokee County,Murphy,28906,1,0.43,27,20.0,27.0,38.0,85.0,39,45,33.0,37.0,90.0,94.0,88,27,22,29,20,33,28,15,30.0,31.0,35.0,1.0,9.0,,38.0,33.0,,71.0,4.0,,,85.0,17.0,61.0,58.0,67.0,89.0,90.0,1.0,3.0,1.0,0.0,1.0,4.0,3.0,murphy|cherokee,2025,200328,Murphy High,Cherokee,Murphy,28906,09:12,H,Regular School,P,,>95%,98,1,Met,-0.01,79.9,55.8,55.8%,95,0,50.0,50.0%,82,0,59.3,59.3%,118,0,Provisional name/county match,True,234 High School Circle,,Murphy,NC,28906,False,370078000323,name + county,Murphy High,234 High School Circle,Murphy,28906,35.1005,-84.0164,NCES 2024-25,True
3.70078E+11,The Oaks Academy,Cherokee County Schools,NC,37039,Cherokee County,Marble,28905,0,0.43,23,18.0,28.0,34.0,85.0,38,23,22.0,42.0,84.0,94.0,85,27,22,29,20,33,28,15,11.0,33.0,35.0,0.0,5.0,,45.0,33.0,,65.0,3.0,,,85.0,17.0,56.0,41.0,64.0,91.0,84.0,3.0,4.0,2.0,0.0,2.0,5.0,0.0,theoaksacademy|cherokee,2025,200322,The Oaks Academy,Cherokee,Murphy,28906,06:12,T,Alternative Educat,P,71.6,71.6%,67,0,NotMet,-3.16,,12.5,12.5%,16,0,,,,,,,,,Provisional name/county match,True,The Oaks Academy,4,Murphy,NC,28906,False,370078002082,name + county,The Oaks Academy,The Oaks Academy,Murphy,28906,35.065177,-83.96798,NCES 2024-25,True
3.70078E+11,Hiwassee Dam High,Cherokee County Schools,NC,37039,Cherokee County,Murphy,28906,1,0.43,28,20.0,28.0,39.0,85.0,40,51,33.0,42.0,92.0,94.0,90,27,22,29,20,33,28,15,35.0,27.0,35.0,0.0,11.0,,41.0,33.0,,74.0,5.0,,,85.0,14.0,66.0,58.0,74.0,89.0,93.0,1.0,1.0,0.0,0.0,1.0,5.0,4.0,hiwasseedam|cherokee,2025,200314,Hiwassee Dam High,Cherokee,Murphy,28906,09:12,H,Regular School,P,95.0,95.0%,40,0,Met,-1.64,71.8,70.0,70.0%,20,0,36.8,36.8%,38,0,41.7,41.7%,36,0,Provisional name/county match,True,267 Blue Eagle Circle,,Murphy,NC,28906,True,370078002626,name + county,Hiwassee Dam High,267 Blue Eagle Circle,Murphy,28906,35.1039,-84.2237,NCES 2024-25,True
3.70078E+11,Tri-County Early College High,Cherokee County Schools,NC,37039,Cherokee County,Murphy,28906,1,0.43,27,20.0,27.0,37.0,85.0,39,45,33.0,37.0,89.0,94.0,88,27,22,29,20,33,28,15,29.0,30.0,35.0,1.0,10.0,,39.0,33.0,,69.0,4.0,,,85.0,16.0,63.0,59.0,70.0,89.0,91.0,1.0,2.0,0.0,0.0,1.0,4.0,3.0,tricountyearlycollege|cherokee,2025,200350,Tri-County Early College High,Cherokee,Murphy,28906,09:13,H,Regular School,P,,>95%,28,1,Met,1.03,82.5,90.5,90.5%,42,0,62.5,62.5%,32,0,84.8,84.8%,33,0,Provisional name/county match,True,Tri-County Early College High,4,Murphy,NC,28906,True,370078002892,name + county,Tri-County Early College High,Tri-County Early College High,Murphy,28906,35.065177,-83.96798,NCES 2024-25,True
3.70084E+11,John A Holmes High,Edenton-Chowan Schools,NC,37041,Chowan County,Edenton,27932,1,0.46,33,24.0,28.0,25.0,41.0,30,77,56.0,42.0,64.0,62.0,59,27,22,29,20,33,28,12,40.0,34.0,46.0,4.0,6.0,,38.0,39.0,,45.0,5.0,,,41.0,20.0,68.0,63.0,77.0,88.0,63.0,30.0,0.0,0.0,0.0,2.0,4.0,3.0,johnaholmes|chowan,2025,210312,John A Holmes High,Chowan,Edenton,27932,09:12,H,Regular School,P,87.4,87.4%,167,0,Met,0.42,81.0,57.6,57.6%,151,0,22.3,22.3%,94,0,50.4,50.4%,119,0,Provisional name/county match,False,701 North Oakum Street,,Edenton,NC,27932,False,370084000330,name + county,John A Holmes High,800 North Oakum Street,Edenton,27932,36.066716,-76.604929,NCES 2024-25,False
3.70087E+11,Hayesville High,Clay County Schools,NC,37043,Clay County,Hayesville,28904,1,0.47,23,18.0,24.0,38.0,51.0,31,23,22.0,21.0,90.0,75.0,63,27,22,29,20,33,28,12,28.0,33.0,20.0,1.0,10.0,,35.0,28.0,,70.0,5.0,,,51.0,14.0,57.0,53.0,65.0,87.0,90.0,1.0,1.0,1.0,0.0,2.0,4.0,5.0,hayesville|clay,2025,220310,Hayesville High,Clay,Hayesville,28904,09:12,H,Regular School,P,86.8,86.8%,91,0,Met,-1.27,73.6,62.2,62.2%,90,0,34.2,34.2%,73,0,61.0,61.0%,100,0,Provisional name/county match,False,205 Yellow Jacket Drive,,Hayesville,NC,28904,False,370087000333,name + county,Hayesville High,205 Yellow Jacket Drive,Hayesville,28904,35.041027,-83.815108,NCES 2024-25,True
3.7009E+11,Burns High,Cleveland County Schools,NC,37045,Cleveland County,Lawndale,28090,1,0.46,35,22.0,37.0,22.0,59.0,35,84,45.0,83.0,54.0,83.0,77,27,22,29,20,33,28,16,48.0,32.0,46.0,2.0,7.0,43.0,55.0,42.0,,40.0,4.0,,42.0,77.0,23.0,64.0,51.0,73.0,90.0,79.0,13.0,0.0,1.0,0.0,2.0,5.0,5.0,burns|cleveland,2025,230312,Burns High,Cleveland,Lawndale,28090,09:12,H,Regular School,P,90.1,90.1%,213,0,NotMet,-5.82,56.9,56.3,56.3%,252,0,43.4,43.4%,173,0,44.0,44.0%,193,0,Provisional name/county match,False,307 E Stagecoach Trail,,Lawndale,NC,28090,False,370090000336,name + county,Burns High,307 E Stagecoach Trail,Lawndale,28090,35.4201,-81.5323,NCES 2024-25,True
3.7009E+11,Crest High,Cleveland County Schools,NC,37045,Cleveland County,Shelby,28152,1,0.46,36,22.0,34.0,19.0,59.0,34,87,45.0,72.0,44.0,83.0,74,27,22,29,20,33,28,16,54.0,29.0,46.0,3.0,8.0,43.0,45.0,42.0,,34.0,4.0,,42.0,77.0,19.0,63.0,50.0,75.0,88.0,75.0,15.0,0.0,1.0,0.0,3.0,6.0,6.0,crest|cleveland,2025,230324,Crest High,Cleveland,Shelby,28152,09:12,H,Regular School,P,89.1,89.1%,285,0,NotMet,-4.37,59.3,50.9,50.9%,277,0,37.9,37.9%,240,0,47.8,47.8%,245,0,Provisional name/county match,False,800 Old Boiling Springs Road,,Shelby,NC,28152,False,370090000340,name + county,Crest High,800 Old Boiling Springs Road,Shelby,28152,35.2723,-81.6094,NCES 2024-25,True
3.7009E+11,Turning Point Academy,Cleveland County Schools,NC,37045,Cleveland County,Shelby,28150,0,0.46,35,21.0,39.0,25.0,59.0,36,84,39.0,88.0,64.0,83.0,80,27,22,29,20,33,28,16,48.0,31.0,46.0,1.0,8.0,43.0,62.0,42.0,,46.0,5.0,,42.0,77.0,22.0,60.0,53.0,68.0,88.0,71.0,21.0,0.0,1.0,0.0,2.0,5.0,3.0,turningpointacademy|cleveland,2025,230330,Turning Point Academy,Cleveland,Shelby,28150,06:12,T,Alternative Educat,P,49.4,49.4%,79,0,NotMet,-4.63,58.9,,<5%,37,2,,<5%,21,2,6.3,6.3%,16,0,Provisional name/county match,True,409 West Sumter Street,,Shelby,NC,28150,False,370090002708,name + county,Turning Point Academy,409 West Sumter Street,Shelby,28150,35.293104,-81.54542,NCES 2024-25,True
3.7009E+11,Kings Mountain High,Cleveland County Schools,NC,37045,Cleveland County,Kings Mountain,28086,1,0.46,39,25.0,36.0,17.0,59.0,35,93,61.0,80.0,36.0,83.0,77,27,22,29,20,33,28,16,61.0,33.0,46.0,5.0,4.0,43.0,56.0,42.0,,30.0,4.0,,42.0,77.0,24.0,68.0,54.0,77.0,92.0,77.0,14.0,0.0,1.0,0.0,2.0,6.0,6.0,kingsmountain|cleveland,2025,230350,Kings Mountain High,Cleveland,Kings Mountain,28086,09:12,H,Regular School,P,89.3,89.3%,326,0,NotMet,-7.44,54.2,52.5,52.5%,341,0,39.1,39.1%,253,0,50.3,50.3%,286,0,Provisional name/county match,False,500 Phifer Road,,Kings Mountain,NC,28086,False,370090002714,name + county,Kings Mountain High,500 Phifer Road,Kings Mountain,28086,35.2346,-81.3701,NCES 2024-25,True
3.7009E+11,Shelby High,Cleveland County Schools,NC,37045,Cleveland County,Shelby,28152,1,0.46,36,22.0,36.0,22.0,59.0,35,87,45.0,80.0,54.0,83.0,77,27,22,29,20,33,28,16,52.0,29.0,46.0,4.0,4.0,43.0,55.0,42.0,,38.0,5.0,,42.0,77.0,19.0,61.0,48.0,71.0,89.0,66.0,23.0,0.0,1.0,0.0,2.0,8.0,5.0,shelby|cleveland,2025,230361,Shelby High,Cleveland,Shelby,28152,09:12,H,Regular School,P,88.7,88.7%,213,0,NotMet,-7.66,53.9,39.0,39.0%,177,0,17.8,17.8%,152,0,35.1,35.1%,168,0,Provisional name/county match,False,230 E Dixon Boulevard,,Shelby,NC,28152,False,370090002720,name + county,Shelby High,230 E Dixon Boulevard,Shelby,28152,35.2746,-81.5384,NCES 2024-25,True
3.70093E+11,Clinton High,Clinton City Schools,NC,37163,Sampson County,Clinton,28328,1,0.45,36,34.0,32.0,23.0,67.0,38,87,82.0,63.0,58.0,88.0,85,27,22,29,20,33,28,16,64.0,30.0,35.0,19.0,10.0,26.0,59.0,34.0,,41.0,6.0,,53.0,80.0,27.0,69.0,56.0,77.0,93.0,47.0,30.0,3.0,1.0,0.0,15.0,5.0,23.0,clinton|sampson,2025,821308,Clinton High,Sampson,Clinton,28328,09:12,H,Regular School,P,77.0,77.0%,226,0,NotMet,-5.21,57.9,42.3,42.3%,220,0,23.1,23.1%,195,0,32.6,32.6%,181,0,Provisional name/county match,True,340 Indian Town Road,,Clinton,NC,28328,False,370093000353,name + county,Clinton High,340 Indian Town Road,Clinton,28328,34.971935,-78.330351,NCES 2024-25,True
3.70096E+11,East Columbus Junior-Senior High,Columbus County Schools,NC,37047,Columbus County,Lake Waccamaw,28450,0,0.47,35,21.0,43.0,31.0,82.0,42,84,39.0,95.0,79.0,94.0,93,27,22,29,20,33,28,18,37.0,38.0,45.0,1.0,7.0,59.0,59.0,46.0,,58.0,4.0,,100.0,64.0,17.0,66.0,55.0,73.0,92.0,55.0,24.0,12.0,0.0,0.0,2.0,7.0,2.0,eastcolumbusjuniorsenior|columbus,2025,240334,East Columbus Junior-Senior High,Columbus,Lake Waccamaw,28450,07:12,T,Regular School,P,82.0,82.0%,100,0,NotMet,-11.69,50.0,41.4,41.4%,111,0,20.9,20.9%,91,0,15.4,15.4%,78,0,Provisional name/county match,True,32 Gator Lane,,Lake Waccamaw,NC,28450,False,370096000145,name + county,East Columbus Junior-Senior High,32 Gator Lane,Lake Waccamaw,28450,34.3359,-78.5016,NCES 2024-25,True
3.70096E+11,South Columbus High,Columbus County Schools,NC,37047,Columbus County,Tabor City,28463,0,0.47,46,21.0,43.0,32.0,82.0,45,98,39.0,95.0,81.0,94.0,97,27,22,29,20,33,28,18,93.0,29.0,45.0,3.0,6.0,59.0,61.0,46.0,,58.0,7.0,,100.0,64.0,23.0,54.0,0.0,81.0,91.0,72.0,19.0,0.0,1.0,0.0,3.0,5.0,9.0,southcolumbus|columbus,2025,240371,South Columbus High,Columbus,Tabor City,28463,09:12,H,Regular School,P,89.7,89.7%,194,0,NotMet,-6.1,56.5,45.3,45.3%,159,0,32.3,32.3%,161,0,23.7,23.7%,139,0,Provisional name/county match,True,40 Stallion Drive,,Tabor City,NC,28463,False,370096000237,name + county,South Columbus High,40 Stallion Drive,Tabor City,28463,34.173121,-78.814842,NCES 2024-25,True
3.70096E+11,West Columbus High,Columbus County Schools,NC,37047,Columbus County,Cerro Gordo,28430,0,0.47,46,23.0,41.0,25.0,82.0,43,98,51.0,92.0,64.0,94.0,95,27,22,29,20,33,28,18,83.0,39.0,45.0,3.0,7.0,59.0,51.0,46.0,,45.0,6.0,,100.0,64.0,20.0,65.0,30.0,83.0,93.0,63.0,31.0,2.0,0.0,0.0,1.0,2.0,3.0,westcolumbus|columbus,2025,240380,West Columbus High,Columbus,Cerro Gordo,28430,09:12,H,Regular School,P,90.2,90.2%,102,0,Met,1.66,84.1,30.5,30.5%,118,0,36.4,36.4%,118,0,13.2,13.2%,91,0,Provisional name/county match,True,7294 Andrew Jackson Hwy SW,,Cerro Gordo,NC,28430,False,370096000373,street + city + ZIP + county,West Columbus High,7294 Andrew Jackson Hwy SW,Cerro Gordo,28430,34.3281,-78.924,NCES 2024-25,True
3.70096E+11,Columbus Career And College Academy,Columbus County Schools,NC,37047,Columbus County,Whiteville,28472,0,0.47,36,26.0,40.0,23.0,82.0,41,87,66.0,90.0,58.0,94.0,91,27,22,29,20,33,28,18,48.0,34.0,45.0,8.0,10.0,59.0,45.0,46.0,,40.0,6.0,,100.0,64.0,19.0,68.0,53.0,78.0,92.0,59.0,33.0,2.0,1.0,0.0,2.0,3.0,3.0,columbuscareerandcollegeacademy|columbus,2025,240373,Columbus Career and College Academy,Columbus,Whiteville,28472,09:13,H,Regular School,P,93.0,93.0%,57,0,Met,1.46,83.6,76.8,76.8%,56,0,75.0,75.0%,36,0,64.2,64.2%,53,0,Provisional name/county match,True,4564 Chadbourn Hwy,,Whiteville,NC,28472,True,370096002902,name + county,Columbus Career and College Academy,4564 Chadbourn Hwy,Whiteville,28472,34.332,-78.7824,NCES 2024-25,True
3.70108E+11,Currituck County High,Currituck County Schools,NC,37053,Currituck County,Barco,27917,1,0.41,23,17.0,26.0,43.0,24.0,27,23,17.0,31.0,95.0,30.0,45,27,22,29,20,33,28,9,44.0,12.0,28.0,2.0,7.0,,42.0,26.0,29.0,35.0,6.0,88.0,,24.0,10.0,55.0,64.0,58.0,85.0,84.0,7.0,0.0,1.0,0.0,2.0,6.0,5.0,currituckcounty|currituck,2025,270306,Currituck County High,Currituck,Barco,27917,09:12,H,Regular School,P,92.8,92.8%,306,0,NotMet,-4.16,59.7,59.4,59.4%,224,0,36.0,36.0%,228,0,52.3,52.3%,239,0,Provisional name/county match,False,4203 Caratoke Hwy,,Barco,NC,27917,False,370108000449,name + county,Currituck County High,4203 Caratoke Hwy,Barco,27917,36.3725,-75.9691,NCES 2024-25,True
3.70111E+11,Cape Hatteras Secondary School,Dare County Schools,NC,37055,Dare County,Buxton,27920,0,0.42,20,18.0,27.0,55.0,36.0,31,10,22.0,37.0,100.0,54.0,63,27,22,29,20,33,28,16,29.0,15.0,20.0,2.0,17.0,,44.0,19.0,,100.0,9.0,,,36.0,13.0,54.0,76.0,41.0,90.0,94.0,0.0,1.0,1.0,0.0,0.0,4.0,6.0,capehatterassecondary|dare,2025,280304,Cape Hatteras Secondary School,Dare,Buxton,27920,06:12,T,Regular School,P,87.8,87.8%,49,0,Met,0.94,82.3,62.0,62.0%,50,0,30.8,30.8%,39,0,37.3,37.3%,59,0,Provisional name/county match,False,48576  Highway 12,,Buxton,NC,27920,False,370111000454,name + county,Cape Hatteras Secondary School,48576  Highway 12,Buxton,27920,35.265552,-75.55126,NCES 2024-25,True
3.70111E+11,Manteo High School,Dare County Schools,NC,37055,Dare County,Manteo,27954,1,0.42,26,17.0,29.0,45.0,36.0,30,39,17.0,47.0,97.0,54.0,59,27,22,29,20,33,28,16,51.0,15.0,20.0,7.0,13.0,,55.0,19.0,,83.0,6.0,,,36.0,9.0,45.0,62.0,44.0,82.0,86.0,5.0,0.0,1.0,0.0,5.0,4.0,8.0,manteo|dare,2025,280316,Manteo High School,Dare,Manteo,27954,09:12,H,Regular School,P,92.5,92.5%,134,0,Met,0.55,81.3,67.7,67.7%,133,0,36.4,36.4%,107,0,69.6,69.6%,112,0,Provisional name/county match,False,829 Wingina Avenue,,Manteo,NC,27954,False,370111000457,name + county,Manteo High School,829 Wingina Avenue,Manteo,27954,35.9157,-75.6738,NCES 2024-25,True
3.70111E+11,Dare Learning Academy,Dare County Schools,NC,37055,Dare County,Nags Head,27959,0,0.42,11,11.0,10.0,52.0,36.0,24,0,3.0,0.0,99.0,54.0,31,27,22,29,20,33,28,16,0.0,7.0,20.0,0.0,11.0,,0.0,19.0,,100.0,4.0,,,36.0,6.0,36.0,75.0,30.0,75.0,94.0,1.0,1.0,1.0,0.0,0.0,3.0,4.0,darelearningacademy|dare,2025,280306,Dare Learning Academy,Dare,Kill Devil Hills,27948,09:12,H,Alternative Educat,P,73.3,73.3%,60,0,Met,-1.36,,14.3,14.3%,14,0,,,,,17.6,17.6%,17,0,Provisional name/county match,False,100 Veterans Drive,,Kill Devil Hills,NC,27948,False,370111002093,name + county,Dare Learning Academy,100 Veterans Drive,Kill Devil Hills,27948,36.009339,-75.666583,NCES 2024-25,True
3.70111E+11,First Flight High School,Dare County Schools,NC,37055,Dare County,Kill Devil Hills,27948,1,0.42,18,13.0,24.0,53.0,36.0,29,5,6.0,21.0,99.0,54.0,55,27,22,29,20,33,28,16,28.0,7.0,20.0,4.0,8.0,,46.0,19.0,,100.0,7.0,,,36.0,6.0,38.0,65.0,37.0,77.0,89.0,1.0,0.0,1.0,0.0,3.0,6.0,6.0,firstflight|dare,2025,280330,First Flight High School,Dare,Kill Devil Hills,27948,09:12,H,Regular School,P,,>95%,254,1,Met,1.09,82.7,75.8,75.8%,194,0,69.9,69.9%,163,0,74.0,74.0%,219,0,Provisional name/county match,False,100 Veterans Drive,,Kill Devil Hills,NC,27948,False,370111002724,name + county,First Flight High School,100 Veterans Drive,Kill Devil Hills,27948,36.009339,-75.666583,NCES 2024-25,True
3.70114E+11,Central Davidson High,Davidson County Schools,NC,37057,Davidson County,Lexington,27292,0,0.44,28,28.0,33.0,16.0,25.0,26,51,72.0,67.0,32.0,32.0,41,27,22,29,20,33,28,14,39.0,25.0,33.0,4.0,7.0,35.0,54.0,37.0,,28.0,4.0,,19.0,30.0,31.0,72.0,65.0,76.0,94.0,79.0,8.0,0.0,2.0,0.0,2.0,9.0,7.0,centraldavidson|davidson,2025,290308,Central Davidson High,Davidson,Lexington,27292,09:12,H,Regular School,P,87.2,87.2%,234,0,NotMet,-5.09,58.1,49.0,49.0%,206,0,28.2,28.2%,181,0,48.4,48.4%,186,0,Provisional name/county match,False,2747 NC Hwy 47,,Lexington,NC,27292,False,370114000459,name + county,Central Davidson High,2747 NC Hwy 47,Lexington,27292,35.7398,-80.2216,NCES 2024-25,True
3.70114E+11,Davidson County High School,Davidson County Schools,NC,37057,Davidson County,Lexington,27292,0,0.44,28,28.0,33.0,16.0,25.0,26,51,72.0,67.0,32.0,32.0,41,27,22,29,20,33,28,14,39.0,25.0,33.0,4.0,7.0,35.0,54.0,37.0,,28.0,4.0,,19.0,30.0,31.0,72.0,65.0,76.0,94.0,79.0,8.0,0.0,2.0,0.0,2.0,9.0,7.0,davidsoncounty|davidson,2025,290314,Davidson County High School,Davidson,Lexington,27292,06:12,T,Alternative Educat,P,74.7,74.7%,217,0,Met,0.19,,16.7,16.7%,12,0,,,,,10.0,10.0%,20,0,Provisional name/county match,False,2061 E Holly Grove Road,,Lexington,NC,27292,False,370114000462,name + county,Davidson County High School,2061 E Holly Grove Road,Lexington,27292,35.8171,-80.1887,NCES 2024-25,True
3.70114E+11,East Davidson High,Davidson County Schools,NC,37057,Davidson County,Thomasville,27360,0,0.44,27,29.0,33.0,40.0,25.0,31,45,75.0,67.0,93.0,32.0,63,27,22,29,20,33,28,14,41.0,21.0,33.0,9.0,7.0,35.0,53.0,37.0,33.0,21.0,4.0,96.0,19.0,30.0,27.0,71.0,63.0,77.0,92.0,78.0,9.0,0.0,1.0,0.0,3.0,9.0,9.0,eastdavidson|davidson,2025,290324,East Davidson High,Davidson,Thomasville,27360,09:12,H,Regular School,P,86.2,86.2%,203,0,NotMet,-3.25,63.7,53.5,53.5%,172,0,21.1,21.1%,128,0,51.7,51.7%,151,0,Provisional name/county match,False,1408 Lake Road,,Thomasville,NC,27360,False,370114000467,name + county,East Davidson High,1408 Lake Road,Thomasville,27360,35.8502,-80.1016,NCES 2024-25,True
3.70114E+11,Ledford Senior High,Davidson County Schools,NC,37057,Davidson County,Thomasville,27360,0,0.44,27,29.0,33.0,40.0,25.0,31,45,75.0,67.0,93.0,32.0,63,27,22,29,20,33,28,14,41.0,21.0,33.0,9.0,7.0,35.0,53.0,37.0,33.0,21.0,4.0,96.0,19.0,30.0,27.0,71.0,63.0,77.0,92.0,78.0,9.0,0.0,1.0,0.0,3.0,9.0,9.0,ledfordsenior|davidson,2025,290336,Ledford Senior High,Davidson,Thomasville,27360,09:12,H,Regular School,P,92.8,92.8%,207,0,NotMet,-4.95,58.4,57.1,57.1%,217,0,41.3,41.3%,143,0,54.9,54.9%,164,0,Provisional name/county match,False,140 Jesse Green Road,,Thomasville,NC,27360,False,370114000471,name + county,Ledford Senior High,140 Jesse Green Road,Thomasville,27360,35.9631,-80.1343,NCES 2024-25,True
3.70114E+11,North Davidson High,Davidson County Schools,NC,37057,Davidson County,Lexington,27295,0,0.44,27,21.0,36.0,8.0,25.0,23,45,39.0,80.0,4.0,32.0,26,27,22,29,20,33,28,14,41.0,22.0,33.0,1.0,2.0,35.0,70.0,37.0,,13.0,3.0,,19.0,30.0,16.0,64.0,60.0,70.0,90.0,87.0,5.0,0.0,1.0,0.0,1.0,5.0,6.0,northdavidson|davidson,2025,290348,North Davidson High,Davidson,Lexington,27295,09:12,H,Regular School,P,92.5,92.5%,214,0,NotMet,-4.88,58.5,56.8,56.8%,234,0,41.3,41.3%,160,0,65.6,65.6%,218,0,Provisional name/county match,False,7227 Old US Hwy 52,,Lexington,NC,27295,False,370114000475,name + county,North Davidson High,7227 Old US Hwy 52,Lexington,27295,35.924225,-80.246106,NCES 2024-25,True
3.70114E+11,West Davidson High,Davidson County Schools,NC,37057,Davidson County,Lexington,27295,0,0.44,27,21.0,36.0,8.0,25.0,23,45,39.0,80.0,4.0,32.0,26,27,22,29,20,33,28,14,41.0,22.0,33.0,1.0,2.0,35.0,70.0,37.0,,13.0,3.0,,19.0,30.0,16.0,64.0,60.0,70.0,90.0,87.0,5.0,0.0,1.0,0.0,1.0,5.0,6.0,westdavidson|davidson,2025,290388,West Davidson High,Davidson,Lexington,27295,09:12,H,Regular School,P,84.1,84.1%,195,0,NotMet,-4.06,59.9,54.1,54.1%,196,0,23.8,23.8%,147,0,45.2,45.2%,146,0,Provisional name/county match,False,200 Dragon Drive,,Lexington,NC,27295,False,370114000484,name + county,West Davidson High,200 Dragon Drive,Lexington,27295,35.8037,-80.3656,NCES 2024-25,True
3.70114E+11,South Davidson Middle And High,Davidson County Schools,NC,37057,Davidson County,Denton,27239,0,0.44,27,28.0,34.0,17.0,25.0,26,45,72.0,72.0,36.0,32.0,41,27,22,29,20,33,28,14,35.0,28.0,33.0,3.0,7.0,35.0,58.0,37.0,,31.0,2.0,,19.0,30.0,32.0,72.0,60.0,78.0,94.0,93.0,1.0,0.0,0.0,0.0,3.0,3.0,3.0,southdavidsonmiddleand|davidson,2025,290365,South Davidson Middle and High,Davidson,Denton,27239,06:12,T,Regular School,P,78.3,78.3%,92,0,Met,1.4,83.5,47.0,47.0%,100,0,20.8,20.8%,53,0,40.9,40.9%,66,0,Provisional name/county match,False,14956 South NC Hwy 109,,Denton,NC,27239,False,370114002216,name + county,South Davidson Middle and High,14956 South NC Hwy 109,Denton,27239,35.6733,-80.1036,NCES 2024-25,True
3.70114E+11,Davidson Early College,Davidson County Schools,NC,37057,Davidson County,Thomasville,27360,0,0.44,27,29.0,33.0,40.0,25.0,31,45,75.0,67.0,93.0,32.0,63,27,22,29,20,33,28,14,41.0,21.0,33.0,9.0,7.0,35.0,53.0,37.0,33.0,21.0,4.0,96.0,19.0,30.0,27.0,71.0,63.0,77.0,92.0,78.0,9.0,0.0,1.0,0.0,3.0,9.0,9.0,davidsonearlycollege|davidson,2025,290315,Davidson Early College,Davidson,Thomasville,27360,09:13,H,Regular School,P,,>95%,35,1,Exceeded,3.15,87.8,,>95%,39,1,90.0,90.0%,10,0,,>95%,29,1,Provisional name/county match,False,297 DCCC Road,,Thomasville,NC,27360,False,370114002759,name + county,Davidson Early College,297 DCCC Road,Thomasville,27360,35.864815,-80.182466,NCES 2024-25,True
3.70114E+11,Yadkin Valley Regional Career Academy,Davidson County Schools,NC,37057,Davidson County,Lexington,27292,0,0.44,28,28.0,33.0,16.0,25.0,26,51,72.0,67.0,32.0,32.0,41,27,22,29,20,33,28,14,39.0,25.0,33.0,4.0,7.0,35.0,54.0,37.0,,28.0,4.0,,19.0,30.0,31.0,72.0,65.0,76.0,94.0,79.0,8.0,0.0,2.0,0.0,2.0,9.0,7.0,yadkinvalleyregionalcareeracademy|davidson,2025,290389,Yadkin Valley Regional Career Academy,Davidson,Lexington,27292,09:13,H,Regular School,P,,>95%,33,1,Met,1.26,83.1,75.0,75.0%,44,0,56.0,56.0%,25,0,80.0,80.0%,30,0,Provisional name/county match,False,2065 E. Holly Grove Road,,Lexington,NC,27292,False,370114003257,name + county,Yadkin Valley Regional Career Academy,2065 E. Holly Grove Road,Lexington,27292,35.8171,-80.1887,NCES 2024-25,True
3.70114E+11,Oak Grove High,Davidson County Schools,NC,37057,Davidson County,Winston-Salem,27107,0,0.44,39,29.0,40.0,33.0,25.0,33,93,75.0,90.0,83.0,32.0,71,27,22,29,20,33,28,14,84.0,26.0,33.0,12.0,7.0,35.0,65.0,37.0,58.0,21.0,6.0,72.0,19.0,30.0,24.0,66.0,69.0,69.0,90.0,51.0,29.0,1.0,1.0,0.0,8.0,9.0,22.0,oakgrove|davidson,2025,290349,Oak Grove High School,Davidson,Winston-Salem,27107,09:12,H,Regular School,P,93.3,93.3%,224,0,NotMet,-2.2,69.0,68.0,68.0%,272,0,30.5,30.5%,154,0,64.8,64.8%,247,0,Provisional name/county match,False,3507 Midway School Rd,,Winston-Salem,NC,27107,False,370114003389,name + county,Oak Grove High,3507 Midway School Rd,Winston-Salem,27107,35.944133,-80.163944,NCES 2024-25,True
3.70117E+11,Davie County High,Davie County Schools,NC,37059,Davie County,Mocksville,27028,1,0.42,23,20.0,30.0,14.0,34.0,24,23,33.0,53.0,25.0,52.0,31,27,22,29,20,33,28,12,43.0,15.0,23.0,5.0,6.0,,54.0,29.0,,24.0,3.0,,,34.0,15.0,57.0,58.0,62.0,86.0,82.0,6.0,0.0,2.0,0.0,3.0,7.0,9.0,daviecounty|davie,2025,300312,Davie County High School,Davie,Mocksville,27028,09:12,H,Regular School,P,91.6,91.6%,466,0,NotMet,-10.72,50.0,57.9,57.9%,458,0,33.1,33.1%,411,0,56.1,56.1%,403,0,Provisional name/county match,False,180 War Eagle Drive,,Mocksville,NC,27028,False,370117000486,name + county,Davie County High,180 War Eagle Drive,Mocksville,27028,35.971751,-80.535951,NCES 2024-25,True
3.70117E+11,Davie County Early College High,Davie County Schools,NC,37059,Davie County,Mocksville,27028,1,0.42,23,20.0,30.0,14.0,34.0,24,23,33.0,53.0,25.0,52.0,31,27,22,29,20,33,28,12,43.0,15.0,23.0,5.0,6.0,,54.0,29.0,,24.0,3.0,,,34.0,15.0,57.0,58.0,62.0,86.0,82.0,6.0,0.0,2.0,0.0,3.0,7.0,9.0,daviecountyearlycollege|davie,2025,300314,Davie County Early College High School,Davie,Mocksville,27028,09:13,H,Regular School,P,93.5,93.5%,31,0,Met,0.07,80.1,84.6,84.6%,39,0,60.0,60.0%,25,0,76.9,76.9%,26,0,Provisional name/county match,False,1211 Salisbury Road,,Mocksville,NC,27028,False,370117002827,name + county,Davie County Early College High,1211 Salisbury Road,Mocksville,27028,35.8709,-80.5555,NCES 2024-25,True
3.7012E+11,East Duplin High,Duplin County Schools,NC,37061,Duplin County,Beulaville,28518,1,0.43,36,34.0,34.0,21.0,32.0,31,87,82.0,72.0,51.0,47.0,63,27,22,29,20,33,28,12,55.0,37.0,40.0,19.0,4.0,47.0,50.0,34.0,,37.0,4.0,,21.0,42.0,28.0,70.0,59.0,77.0,93.0,68.0,14.0,1.0,0.0,0.0,10.0,7.0,20.0,eastduplin|duplin,2025,310344,East Duplin High,Duplin,Beulaville,28518,09:12,H,Regular School,P,80.7,80.7%,244,0,NotMet,-6.03,56.6,44.3,44.3%,230,0,37.2,37.2%,183,0,44.1,44.1%,179,0,Provisional name/county match,False,394 North NC Highway 111,,Beulaville,NC,28518,False,370120000497,name + county,East Duplin High,394 North NC Highway 111,Beulaville,28518,34.9407,-77.7843,NCES 2024-25,True
3.7012E+11,James Kenan High,Duplin County Schools,NC,37061,Duplin County,Warsaw,28398,1,0.43,36,33.0,32.0,22.0,32.0,31,87,81.0,63.0,54.0,47.0,63,27,22,29,20,33,28,12,51.0,40.0,40.0,19.0,9.0,47.0,39.0,34.0,,40.0,5.0,,21.0,42.0,26.0,69.0,56.0,75.0,93.0,54.0,26.0,0.0,1.0,0.0,13.0,5.0,22.0,jameskenan|duplin,2025,310352,James Kenan High,Duplin,Warsaw,28398,09:12,H,Regular School,P,77.0,77.0%,217,0,Met,-0.85,75.7,32.1,32.1%,184,0,27.3,27.3%,198,0,28.1,28.1%,171,0,Provisional name/county match,False,1241 NC 24 & 50,,Warsaw,NC,28398,False,370120000498,name + county,James Kenan High,1241 NC 24 & 50,Warsaw,28398,34.9845,-78.0431,NCES 2024-25,True
3.7012E+11,North Duplin Jr Sr High,Duplin County Schools,NC,37061,Duplin County,Mt. Olive,28365,1,0.43,36,43.0,39.0,23.0,32.0,35,87,89.0,88.0,58.0,47.0,77,27,22,29,20,33,28,12,60.0,34.0,40.0,30.0,10.0,47.0,63.0,34.0,,42.0,4.0,,21.0,42.0,37.0,76.0,69.0,81.0,94.0,52.0,25.0,1.0,1.0,0.0,12.0,10.0,27.0,northduplinjrsr|duplin,2025,310364,North Duplin Jr Sr High,Duplin,Mt. Olive,28365,07:12,T,Regular School,P,91.8,91.8%,97,0,Exceeded,5.31,92.1,50.5,50.5%,103,0,50.5,50.5%,91,0,44.0,44.0%,91,0,Provisional name/county match,False,1388 West NC 403 Highway,,Mt. Olive,NC,28365,False,370120000500,name + county,North Duplin Jr Sr High,1388 West NC 403 Highway,Mt. Olive,28365,35.1345,-78.0858,NCES 2024-25,True
3.7012E+11,Wallace-Rose Hill High,Duplin County Schools,NC,37061,Duplin County,Teachey,28464,1,0.43,39,32.0,35.0,22.0,32.0,32,93,80.0,76.0,54.0,47.0,68,27,22,29,20,33,28,12,65.0,38.0,40.0,16.0,11.0,47.0,48.0,34.0,,39.0,6.0,,21.0,42.0,27.0,68.0,57.0,73.0,93.0,56.0,23.0,0.0,0.0,0.0,13.0,7.0,21.0,wallacerosehill|duplin,2025,310392,Wallace-Rose Hill High,Duplin,Teachey,28464,09:12,H,Regular School,P,84.2,84.2%,228,0,NotMet,-3.51,62.4,29.7,29.7%,172,0,16.6,16.6%,169,0,30.9,30.9%,162,0,Provisional name/county match,False,602 High School Road,,Teachey,NC,28464,False,370120000505,name + county,Wallace-Rose Hill High,602 High School Road,Teachey,28464,34.7712,-77.9997,NCES 2024-25,True
3.7012E+11,Duplin Early College High,Duplin County Schools,NC,37061,Duplin County,Kenansville,28349,1,0.43,37,35.0,34.0,21.0,32.0,32,89,83.0,72.0,51.0,47.0,68,27,22,29,20,33,28,12,58.0,37.0,40.0,21.0,4.0,47.0,51.0,34.0,,37.0,4.0,,21.0,42.0,29.0,71.0,60.0,77.0,93.0,68.0,13.0,1.0,0.0,0.0,10.0,8.0,21.0,duplinearlycollege|duplin,2025,310338,Duplin Early College High School,Duplin,Kenansville,28349,09:13,H,Regular School,P,,>95%,40,1,Exceeded,5.97,93.2,76.0,76.0%,50,0,75.0,75.0%,44,0,69.2,69.2%,39,0,Provisional name/county match,False,212 James Sprunt Dr,,Kenansville,NC,28349,False,370120003154,name + county,Duplin Early College High,212 James Sprunt Dr,Kenansville,28349,34.9468,-77.9786,NCES 2024-25,True
3.70126E+11,Hillside High,Durham Public Schools,NC,37063,Durham County,Durham,27707,1,0.46,24,17.0,31.0,27.0,46.0,29,28,17.0,58.0,70.0,70.0,55,27,22,29,20,33,28,11,35.0,10.0,41.0,12.0,11.0,32.0,60.0,31.0,21.0,16.0,5.0,60.0,70.0,22.0,12.0,30.0,72.0,40.0,61.0,42.0,36.0,1.0,7.0,0.0,6.0,7.0,13.0,hillside|durham,2025,320325,Hillside High,Durham,Durham,27707,09:12,H,Regular School,P,74.7,74.7%,411,0,Met,-1.89,70.5,38.7,38.7%,333,0,17.3,17.3%,451,0,32.9,32.9%,307,0,Provisional name/county match,False,3727 Fayetteville St,,Durham,NC,27707,False,370126000385,name + county,Hillside High,3727 Fayetteville St,Durham,27707,35.9533,-78.9036,NCES 2024-25,True
3.70126E+11,The School For Creative Studies,Durham Public Schools,NC,37063,Durham County,Durham,27704,0,0.46,27,37.0,34.0,28.0,46.0,34,45,85.0,72.0,72.0,70.0,74,27,22,29,20,33,28,11,43.0,14.0,41.0,33.0,16.0,32.0,47.0,31.0,44.0,17.0,6.0,61.0,70.0,22.0,27.0,54.0,69.0,59.0,80.0,32.0,40.0,0.0,2.0,0.0,14.0,12.0,26.0,theschoolforcreativestudies|durham,2025,320314,The School for Creative Studies,Durham,Durham,27704,06:12,T,Regular School,P,94.1,94.1%,51,0,Exceeded,2.83,87.0,42.0,42.0%,50,0,39.4,39.4%,33,0,48.7,48.7%,39,0,Provisional name/county match,False,5001 Red Mill Rd,,Durham,NC,27704,False,370126000531,name + county,The School for Creative Studies,5001 Red Mill Rd,Durham,27704,36.072,-78.8229,NCES 2024-25,True
3.70126E+11,Northern High,Durham Public Schools,NC,37063,Durham County,Durham,27712,1,0.46,31,29.0,34.0,26.0,46.0,33,69,75.0,72.0,67.0,70.0,71,27,22,29,20,33,28,11,54.0,17.0,41.0,21.0,11.0,32.0,53.0,31.0,42.0,17.0,5.0,54.0,70.0,22.0,23.0,52.0,70.0,57.0,79.0,50.0,31.0,0.0,2.0,0.0,9.0,8.0,18.0,northern|durham,2025,320356,Northern High,Durham,Durham,27704,09:12,H,Regular School,P,77.5,77.5%,364,0,NotMet,-6.0,56.6,38.3,38.3%,311,0,21.2,21.2%,231,0,30.4,30.4%,240,0,Provisional name/county match,False,4622 N Roxboro Street,,Durham,NC,27704,False,370126000545,name + county,Northern High,4622 N Roxboro Street,Durham,27704,36.062102,-78.899545,NCES 2024-25,True
3.70126E+11,Durham School Of The Arts,Durham Public Schools,NC,37063,Durham County,Durham,27701,0,0.46,28,31.0,38.0,15.0,46.0,31,51,78.0,85.0,29.0,70.0,63,27,22,29,20,33,28,11,42.0,18.0,41.0,26.0,12.0,32.0,37.0,31.0,76.0,28.0,6.0,10.0,70.0,22.0,25.0,46.0,84.0,57.0,65.0,44.0,33.0,1.0,3.0,0.0,10.0,10.0,21.0,durhamschoolofthearts|durham,2025,320323,Durham School of the Arts,Durham,Durham,27701,06:12,T,Regular School,P,,>95%,185,1,Exceeded,6.39,93.9,85.6,85.6%,313,0,57.3,57.3%,199,0,79.0,79.0%,229,0,Provisional name/county match,False,401 North Duke Street,,Durham,NC,27701,False,370126001547,name + county,Durham School of the Arts,401 North Duke Street,Durham,27701,36.0033,-78.9066,NCES 2024-25,True
3.70126E+11,Riverside High,Durham Public Schools,NC,37063,Durham County,Durham,27712,1,0.46,28,25.0,33.0,24.0,46.0,31,51,61.0,67.0,61.0,70.0,63,27,22,29,20,33,28,11,48.0,14.0,41.0,22.0,10.0,32.0,45.0,31.0,49.0,23.0,8.0,40.0,70.0,22.0,18.0,37.0,76.0,44.0,65.0,50.0,28.0,0.0,5.0,0.0,8.0,9.0,16.0,riverside|durham,2025,320365,Riverside High,Durham,Durham,27712,09:12,H,Regular School,P,75.6,75.6%,569,0,Met,-1.89,70.5,46.5,46.5%,507,0,17.7,17.7%,367,0,48.8,48.8%,379,0,Provisional name/county match,False,3218 Rose of Sharon Road,,Durham,NC,27712,False,370126002292,name + county,Riverside High,3218 Rose of Sharon Road,Durham,27712,36.06601,-78.94834,NCES 2024-25,True
3.70126E+11,Lakeview School,Durham Public Schools,NC,37063,Durham County,Durham,27704,0,0.46,27,37.0,34.0,28.0,46.0,34,45,85.0,72.0,72.0,70.0,74,27,22,29,20,33,28,11,43.0,14.0,41.0,33.0,16.0,32.0,47.0,31.0,44.0,17.0,6.0,61.0,70.0,22.0,27.0,54.0,69.0,59.0,80.0,32.0,40.0,0.0,2.0,0.0,14.0,12.0,26.0,lakeview|durham,2025,320341,Lakeview School,Durham,Durham,27704,06:12,T,Alternative Educat,P,50.0,50.0%,42,0,NotMet,-3.89,60.5,5.9,5.9%,34,0,,<5%,42,2,5.9,5.9%,17,0,Provisional name/county match,False,3507 Dearborn Drive,,Durham,NC,27704,False,370126002517,name + county,Lakeview School,3507 Dearborn Drive,Durham,27704,36.0378,-78.8785,NCES 2024-25,True
3.70126E+11,Durham School Of Technology,Durham Public Schools,NC,37063,Durham County,Durham,27707,1,0.46,26,20.0,31.0,27.0,46.0,30,39,33.0,58.0,70.0,70.0,59,27,22,29,20,33,28,11,40.0,12.0,41.0,16.0,10.0,32.0,53.0,31.0,31.0,19.0,6.0,56.0,70.0,22.0,15.0,34.0,73.0,44.0,63.0,50.0,29.0,0.0,6.0,0.0,7.0,8.0,14.0,durhamschooloftechnology|durham,2025,320701,Durham School of Technology,Durham,Durham,27707,09:13,H,Regular School,P,93.4,93.4%,61,0,Exceeded,5.96,93.2,72.7,72.7%,55,0,66.0,66.0%,53,0,50.0,50.0%,40,0,Provisional name/county match,False,3727 Fayetteville St,,Durham,NC,27707,False,370126002920,name + county,Durham School of Technology,3727 Fayetteville St,Durham,27707,35.9526,-78.9036,NCES 2024-25,True
3.70126E+11,Durham'S Performance Learning Center,Durham Public Schools,NC,37063,Durham County,Durham,27703,0,0.46,26,30.0,35.0,30.0,46.0,33,39,77.0,76.0,77.0,70.0,71,27,22,29,20,33,28,11,40.0,11.0,41.0,23.0,17.0,32.0,60.0,31.0,36.0,21.0,6.0,64.0,70.0,22.0,24.0,49.0,67.0,55.0,77.0,35.0,40.0,1.0,4.0,0.0,11.0,9.0,22.0,durhamsperformancelearningcenter|durham,2025,320322,Durham's Performance Learning Center,Durham,Durham,27703,09:12,H,Alternative Educat,P,58.8,58.8%,119,0,Met,-0.87,,8.3,8.3%,24,0,,,,,20.5,20.5%,39,0,Provisional name/county match,False,401 North Driver Street,,Durham,NC,27703,False,370126003085,name + county,Durham's Performance Learning Center,401 North Driver Street,Durham,27703,35.989464,-78.878848,NCES 2024-25,True
3.70126E+11,City Of Medicine Academy,Durham Public Schools,NC,37063,Durham County,Durham,27704,1,0.46,26,20.0,31.0,27.0,46.0,30,39,33.0,58.0,70.0,70.0,59,27,22,29,20,33,28,11,40.0,12.0,41.0,16.0,10.0,32.0,53.0,31.0,31.0,19.0,6.0,56.0,70.0,22.0,15.0,34.0,73.0,44.0,63.0,50.0,29.0,0.0,6.0,0.0,7.0,8.0,14.0,cityofmedicineacademy|durham,2025,320317,City of Medicine Academy,Durham,Durham,27704,09:13,H,Regular School,P,,>95%,72,1,Exceeded,8.8,98.0,94.4,94.4%,72,0,86.5,86.5%,74,0,81.7,81.7%,60,0,Provisional name/county match,False,301 Crutchfield St,,Durham,NC,27704,False,370126003112,name + county,City of Medicine Academy,301 Crutchfield Road,Durham,27704,36.038276,-78.902387,NCES 2024-25,False
3.70132E+11,North Edgecombe High,Edgecombe County Public Schools,NC,37065,Edgecombe County,Tarboro,27886,1,0.46,47,28.0,44.0,46.0,79.0,49,99,72.0,96.0,97.0,93.0,99,27,22,29,20,33,28,23,59.0,45.0,63.0,2.0,10.0,59.0,51.0,52.0,49.0,37.0,6.0,95.0,98.0,59.0,32.0,74.0,65.0,81.0,93.0,34.0,59.0,0.0,0.0,0.0,4.0,2.0,8.0,northedgecombe|edgecombe,2025,330328,North Edgecombe High,Edgecombe,Tarboro,27886,09:12,H,Regular School,P,78.9,78.9%,95,0,Met,-1.13,74.3,27.3,27.3%,77,0,12.2,12.2%,90,0,14.3,14.3%,56,0,Provisional name/county match,True,7589 NC 33-NW,,Tarboro,NC,27886,False,370132000555,name + county,North Edgecombe High,7589 NC 33-NW,Tarboro,27886,35.9894,-77.5816,NCES 2024-25,True
3.70132E+11,Southwest Edgecombe High,Edgecombe County Public Schools,NC,37065,Edgecombe County,Pinetops,27864,1,0.46,46,25.0,48.0,33.0,79.0,46,98,61.0,99.0,83.0,93.0,97,27,22,29,20,33,28,23,59.0,40.0,63.0,1.0,10.0,59.0,51.0,52.0,70.0,40.0,7.0,53.0,98.0,59.0,24.0,72.0,65.0,77.0,92.0,38.0,56.0,0.0,0.0,0.0,1.0,4.0,3.0,southwestedgecombe|edgecombe,2025,330350,SouthWest Edgecombe High,Edgecombe,Pinetops,27864,09:12,H,Regular School,P,83.8,83.8%,234,0,NotMet,-11.73,50.0,26.9,26.9%,208,0,6.8,6.8%,132,0,32.1,32.1%,162,0,Provisional name/county match,True,5912 NC 43 North,,Pinetops,NC,27864,False,370132000559,name + county,SouthWest Edgecombe High,5912 NC 43 North,Pinetops,27864,35.83652,-77.658317,NCES 2024-25,True
3.70132E+11,Tarboro High,Edgecombe County Public Schools,NC,37065,Edgecombe County,Tarboro,27886,1,0.46,48,24.0,42.0,18.0,79.0,42,99,56.0,94.0,40.0,93.0,93,27,22,29,20,33,28,23,69.0,37.0,63.0,2.0,4.0,59.0,51.0,52.0,,31.0,6.0,,98.0,59.0,23.0,70.0,69.0,73.0,92.0,45.0,48.0,0.0,0.0,0.0,4.0,3.0,11.0,tarboro|edgecombe,2025,330358,Tarboro High,Edgecombe,Tarboro,27886,09:12,H,Regular School,P,76.3,76.3%,160,0,NotMet,-3.92,60.4,16.3,16.3%,123,0,8.0,8.0%,25,0,19.0,19.0%,105,0,Provisional name/county match,True,1400 Howard Avenue,,Tarboro,NC,27886,False,370132001770,name + county,Tarboro High,1400 Howard Avenue,Tarboro,27886,35.9014,-77.5583,NCES 2024-25,True
3.70132E+11,Edgecombe Early College High,Edgecombe County Public Schools,NC,37065,Edgecombe County,Tarboro,27886,1,0.46,46,26.0,48.0,36.0,79.0,47,98,66.0,99.0,87.0,93.0,98,27,22,29,20,33,28,23,56.0,43.0,63.0,2.0,10.0,59.0,51.0,52.0,65.0,41.0,7.0,61.0,98.0,59.0,28.0,74.0,67.0,79.0,92.0,36.0,58.0,0.0,0.0,0.0,2.0,3.0,5.0,edgecombeearlycollege|edgecombe,2025,330326,Edgecombe Early College High,Edgecombe,Tarboro,27886,09:13,H,Regular School,P,,>95%,33,1,Exceeded,3.86,89.6,,>95%,32,1,,,,,85.7,85.7%,35,0,Provisional name/county match,True,2009 West Wilson St,,Tarboro,NC,27886,False,370132002762,name + county,Edgecombe Early College High,2009 West Wilson St,Tarboro,27886,35.8794,-77.5723,NCES 2024-25,True
3.70138E+11,Elkin High,Elkin City Schools,NC,37171,Surry County,Elkin,28621,1,0.47,29,25.0,30.0,19.0,42.0,29,58,61.0,53.0,44.0,64.0,55,27,22,29,20,33,28,12,49.0,28.0,28.0,3.0,9.0,28.0,52.0,31.0,,35.0,4.0,,29.0,55.0,28.0,66.0,58.0,71.0,92.0,88.0,3.0,1.0,0.0,0.0,4.0,4.0,13.0,elkin|surry,2025,861308,Elkin High School,Surry,Elkin,28621,09:12,H,Regular School,P,,>95%,108,1,Exceeded,4.62,91.0,77.2,77.2%,92,0,52.6,52.6%,76,0,72.6,72.6%,84,0,Provisional name/county match,False,334 Elk Spur St,,Elkin,NC,28621,False,370138000562,name + county,Elkin High,334 Elk Spur St,Elkin,28621,36.245709,-80.860376,NCES 2024-25,True
3.7015E+11,Career Center,Winston Salem / Forsyth County Schools,NC,37067,Forsyth County,Winston Salem,27101,0,0.47,35,25.0,41.0,27.0,39.0,34,84,61.0,92.0,70.0,60.0,74,27,22,29,20,33,28,15,55.0,30.0,39.0,13.0,8.0,44.0,43.0,41.0,69.0,34.0,10.0,38.0,41.0,38.0,19.0,57.0,70.0,65.0,80.0,44.0,39.0,0.0,2.0,0.0,7.0,7.0,15.0,careercenter|forsyth,2025,340332,Career Center,Forsyth,Winston Salem,27101,09:12,H,Vocational Educati,P,,,,,,,,,,,,,,,,,,,,Provisional name/county match,False,910 Highland Court,,Winston Salem,NC,27101,False,370150000591,name + county,Career Center,910 Highland Court,Winston Salem,27101,36.10629,-80.23361,NCES 2024-25,True
3.7015E+11,Carver High,Winston Salem / Forsyth County Schools,NC,37067,Forsyth County,Winston Salem,27105,1,0.47,35,25.0,43.0,33.0,39.0,35,84,61.0,95.0,83.0,60.0,77,27,22,29,20,33,28,15,59.0,26.0,39.0,7.0,6.0,44.0,61.0,41.0,65.0,31.0,7.0,61.0,41.0,38.0,21.0,67.0,66.0,70.0,91.0,49.0,36.0,0.0,1.0,0.0,7.0,6.0,15.0,carver|forsyth,2025,340330,Carver High,Forsyth,Winston Salem,27105,09:12,H,Regular School,P,75.3,75.3%,182,0,Met,-1.46,72.7,24.0,24.0%,196,0,6.0,6.0%,201,0,13.7,13.7%,139,0,Provisional name/county match,False,3545 Carver School Road,,Winston Salem,NC,27105,False,370150000592,name + county,Carver High,3545 Carver School Road,Winston Salem,27105,36.1346,-80.2079,NCES 2024-25,True
3.7015E+11,East Forsyth High,Winston Salem / Forsyth County Schools,NC,37067,Forsyth County,Kernersville,27284,1,0.47,32,20.0,37.0,32.0,39.0,32,73,33.0,83.0,81.0,60.0,68,27,22,29,20,33,28,15,55.0,17.0,39.0,6.0,6.0,44.0,61.0,41.0,32.0,17.0,4.0,74.0,41.0,38.0,13.0,53.0,61.0,58.0,83.0,64.0,20.0,0.0,3.0,0.0,5.0,8.0,11.0,eastforsyth|forsyth,2025,340364,East Forsyth High,Forsyth,Kernersville,27284,09:12,H,Regular School,P,87.3,87.3%,464,0,NotMet,-6.38,56.0,44.4,44.4%,426,0,23.9,23.9%,347,0,46.4,46.4%,388,0,Provisional name/county match,False,2500 W Mountain Street,,Kernersville,NC,27284,False,370150000600,name + county,East Forsyth High,2500 W Mountain Street,Kernersville,27284,36.1166,-80.1504,NCES 2024-25,True
3.7015E+11,Robert B Glenn High School,Winston Salem / Forsyth County Schools,NC,37067,Forsyth County,Kernersville,27284,1,0.47,37,27.0,42.0,33.0,39.0,36,89,69.0,94.0,83.0,60.0,80,27,22,29,20,33,28,15,73.0,23.0,39.0,12.0,6.0,44.0,62.0,41.0,54.0,22.0,6.0,71.0,41.0,38.0,22.0,61.0,65.0,64.0,87.0,53.0,28.0,0.0,2.0,0.0,8.0,9.0,19.0,robertbglenn|forsyth,2025,340382,Robert B Glenn High,Forsyth,Kernersville,27284,09:12,H,Regular School,P,74.8,74.8%,404,0,NotMet,-6.04,56.6,33.3,33.3%,336,0,10.0,10.0%,300,0,23.9,23.9%,309,0,Provisional name/county match,True,1600 Union Cross Road,,Kernersville,NC,27284,False,370150000604,name + county,Robert B Glenn High School,1600 Union Cross Road,Kernersville,27284,36.0679,-80.1135,NCES 2024-25,True
3.7015E+11,Mount Tabor High School,Winston Salem / Forsyth County Schools,NC,37067,Forsyth County,Winston Salem,27106,1,0.47,27,19.0,33.0,33.0,39.0,30,45,27.0,67.0,83.0,60.0,59,27,22,29,20,33,28,15,38.0,17.0,39.0,10.0,3.0,44.0,40.0,41.0,39.0,28.0,6.0,66.0,41.0,38.0,15.0,40.0,71.0,48.0,69.0,56.0,28.0,0.0,3.0,0.0,5.0,7.0,14.0,mounttabor|forsyth,2025,340454,Mount Tabor High,Forsyth,Winston Salem,27106,09:12,H,Regular School,P,90.6,90.6%,360,0,NotMet,-3.88,60.6,51.0,51.0%,345,0,20.3,20.3%,276,0,49.1,49.1%,336,0,Provisional name/county match,False,342 Petree Road,,Winston Salem,NC,27106,False,370150000623,name + county,Mount Tabor High School,342 Petree Road,Winston Salem,27106,36.1268,-80.3132,NCES 2024-25,True
3.7015E+11,Parkland High,Winston Salem / Forsyth County Schools,NC,37067,Forsyth County,Winston Salem,27127,1,0.47,33,28.0,41.0,32.0,39.0,35,77,72.0,92.0,81.0,60.0,77,27,22,29,20,33,28,15,57.0,22.0,39.0,17.0,9.0,44.0,51.0,41.0,61.0,25.0,6.0,64.0,41.0,38.0,22.0,57.0,68.0,61.0,83.0,52.0,28.0,0.0,2.0,0.0,8.0,10.0,21.0,parkland|forsyth,2025,340486,Parkland High,Forsyth,Winston Salem,27127,09:12,H,Regular School,P,80.4,80.4%,465,0,Met,1.71,84.2,34.0,34.0%,397,0,15.1,15.1%,324,0,15.0,15.0%,333,0,Provisional name/county match,False,1600 Brewer Road,,Winston Salem,NC,27127,False,370150000631,name + county,Parkland High,1600 Brewer Road,Winston Salem,27127,36.057,-80.2571,NCES 2024-25,True
3.7015E+11,R J Reynolds High,Winston Salem / Forsyth County Schools,NC,37067,Forsyth County,Winston Salem,27104,1,0.47,30,23.0,38.0,31.0,39.0,32,63,51.0,85.0,79.0,60.0,68,27,22,29,20,33,28,15,40.0,25.0,39.0,12.0,6.0,44.0,40.0,41.0,58.0,31.0,8.0,55.0,41.0,38.0,19.0,48.0,71.0,55.0,74.0,55.0,30.0,0.0,3.0,0.0,6.0,6.0,14.0,rjreynolds|forsyth,2025,340496,R J Reynolds High,Forsyth,Winston Salem,27104,09:12,H,Regular School,P,85.6,85.6%,459,0,Met,-0.39,78.0,53.6,53.6%,431,0,17.3,17.3%,341,0,48.9,48.9%,380,0,Provisional name/county match,False,301 N Hawthorne Road,,Winston Salem,NC,27104,False,370150000634,name + county,R J Reynolds High,301 N Hawthorne Road,Winston Salem,27104,36.1018,-80.2654,NCES 2024-25,True
3.7015E+11,West Forsyth High,Winston Salem / Forsyth County Schools,NC,37067,Forsyth County,Clemmons,27012,1,0.47,28,17.0,36.0,36.0,39.0,31,51,17.0,80.0,87.0,60.0,63,27,22,29,20,33,28,15,46.0,12.0,39.0,7.0,6.0,44.0,58.0,41.0,33.0,18.0,4.0,85.0,41.0,38.0,10.0,42.0,59.0,46.0,79.0,76.0,11.0,1.0,3.0,0.0,3.0,7.0,8.0,westforsyth|forsyth,2025,340556,West Forsyth High,Forsyth,Clemmons,27012,09:12,H,Regular School,P,93.4,93.4%,542,0,Met,0.17,80.4,75.0,75.0%,508,0,31.0,31.0%,336,0,63.4,63.4%,574,0,Provisional name/county match,False,1735 Lewisville-Clemmons,,Clemmons,NC,27012,False,370150000647,name + county,West Forsyth High,1735 Lewisville-Clemmons,Clemmons,27012,36.0627,-80.3879,NCES 2024-25,True
3.7015E+11,J F Kennedy High,Winston Salem / Forsyth County Schools,NC,37067,Forsyth County,Winston Salem,27101,0,0.47,35,25.0,41.0,27.0,39.0,34,84,61.0,92.0,70.0,60.0,74,27,22,29,20,33,28,15,55.0,30.0,39.0,13.0,8.0,44.0,43.0,41.0,69.0,34.0,10.0,38.0,41.0,38.0,19.0,57.0,70.0,65.0,80.0,44.0,39.0,0.0,2.0,0.0,7.0,7.0,15.0,jfkennedy|forsyth,2025,340488,J. F. Kennedy High School,Forsyth,Winston Salem,27101,06:12,T,Regular School,P,84.0,84.0%,81,0,Exceeded,3.08,87.7,56.4,56.4%,78,0,19.4,19.4%,72,0,28.9,28.9%,83,0,Provisional name/county match,False,890 E 11th Street,,Winston Salem,NC,27101,False,370150002194,name + county,J F Kennedy High,890 E 11th Street,Winston Salem,27101,36.1073,-80.2346,NCES 2024-25,True
3.7015E+11,Middle College Of Forsyth Cnty,Winston Salem / Forsyth County Schools,NC,37067,Forsyth County,Winston-Salem,27103,1,0.47,30,21.0,38.0,32.0,39.0,32,63,39.0,85.0,81.0,60.0,68,27,22,29,20,33,28,15,50.0,18.0,39.0,9.0,5.0,44.0,54.0,41.0,47.0,24.0,5.0,68.0,41.0,38.0,16.0,51.0,64.0,56.0,80.0,63.0,22.0,0.0,2.0,0.0,5.0,7.0,13.0,middlecollegeofforsythcounty|forsyth,2025,340446,Middle College of Forsyth County,Forsyth,Winston-Salem,27103,11:12,H,Regular School,P,,>95%,57,1,,,,,,,,,,,,78.3,78.3%,60,0,Provisional name/county match,False,2100 Silas Creek Parkway,,Winston-Salem,NC,27103,False,370150002666,name + county,Middle College of Forsyth Cnty,2100 Silas Creek Parkway,Winston-Salem,27103,36.0688,-80.272,NCES 2024-25,True
3.7015E+11,Winston-Salem Preparatory Acad,Winston Salem / Forsyth County Schools,NC,37067,Forsyth County,Winston-Salem,27101,0,0.47,35,25.0,41.0,27.0,39.0,34,84,61.0,92.0,70.0,60.0,74,27,22,29,20,33,28,15,55.0,30.0,39.0,13.0,8.0,44.0,43.0,41.0,69.0,34.0,10.0,38.0,41.0,38.0,19.0,57.0,70.0,65.0,80.0,44.0,39.0,0.0,2.0,0.0,7.0,7.0,15.0,winstonsalempreparatoryacad|forsyth,2025,340568,Winston-Salem Preparatory Acad,Forsyth,Winston-Salem,27101,06:12,T,Regular School,P,72.5,72.5%,40,0,Met,1.16,82.9,32.4,32.4%,37,0,23.6,23.6%,55,0,11.8,11.8%,34,0,Provisional name/county match,False,1215 North Cameron Avenue,,Winston-Salem,NC,27101,False,370150002729,name + county,Winston-Salem Preparatory Acad,1215 North Cameron Avenue,Winston-Salem,27101,36.1102,-80.2219,NCES 2024-25,True
3.7015E+11,Main Street Academy,Winston Salem / Forsyth County Schools,NC,37067,Forsyth County,Winston-Salem,27127,0,0.47,31,24.0,40.0,33.0,39.0,33,69,56.0,90.0,83.0,60.0,71,27,22,29,20,33,28,15,52.0,18.0,39.0,12.0,7.0,44.0,56.0,41.0,50.0,20.0,5.0,73.0,41.0,38.0,18.0,55.0,63.0,61.0,83.0,60.0,23.0,0.0,1.0,0.0,6.0,10.0,17.0,mainstreetacademy|forsyth,2025,340385,Main Street Academy,Forsyth,Winston-Salem,27127,06:12,T,Alternative Educat,P,,,,,NotMet,-3.55,,,<5%,13,2,,<5%,22,2,,,,,Provisional name/county match,False,2700 S. Main Street,,Winston-Salem,NC,27127,False,370150002764,name + county,Main Street Academy,2700 S. Main Street,Winston-Salem,27127,36.062406,-80.239325,NCES 2024-25,True
3.7015E+11,Early College Of Forsyth Co,Winston Salem / Forsyth County Schools,NC,37067,Forsyth County,Winston Salem,27103,1,0.47,30,21.0,38.0,32.0,39.0,32,63,39.0,85.0,81.0,60.0,68,27,22,29,20,33,28,15,50.0,18.0,39.0,9.0,5.0,44.0,54.0,41.0,47.0,24.0,5.0,68.0,41.0,38.0,16.0,51.0,64.0,56.0,80.0,63.0,22.0,0.0,2.0,0.0,5.0,7.0,13.0,earlycollegeofforsythcounty|forsyth,2025,340362,Early College of Forsyth County,Forsyth,Winston Salem,27103,09:12,H,Regular School,P,,>95%,64,1,Met,1.39,83.4,,>95%,88,1,55.6,55.6%,18,0,88.3,88.3%,77,0,Provisional name/county match,False,2100 Silas Creek Prky,,Winston Salem,NC,27103,False,370150003038,name + county,Early College of Forsyth Co,2100 Silas Creek Prky,Winston Salem,27103,36.069304,-80.272828,NCES 2024-25,True
3.7015E+11,Walkertown High,Winston Salem / Forsyth County Schools,NC,37067,Forsyth County,Walkertown,27051,1,0.47,31,22.0,42.0,36.0,39.0,34,69,45.0,94.0,87.0,60.0,74,27,22,29,20,33,28,15,53.0,17.0,39.0,3.0,2.0,44.0,68.0,41.0,54.0,27.0,4.0,77.0,41.0,38.0,18.0,64.0,63.0,68.0,90.0,65.0,23.0,0.0,1.0,0.0,4.0,7.0,10.0,walkertown|forsyth,2025,340542,Walkertown High School,Forsyth,Walkertown,27051,09:12,H,Regular School,P,89.6,89.6%,192,0,NotMet,-7.57,54.0,36.0,36.0%,161,0,12.8,12.8%,141,0,31.4,31.4%,169,0,Provisional name/county match,False,5240 Sullivantown Road,,Walkertown,NC,27051,False,370150003194,name + county,Walkertown High,5240 Sullivantown Road,Walkertown,27051,36.176456,-80.147917,NCES 2024-25,True
3.70153E+11,Bunn High,Franklin County Schools,NC,37069,Franklin County,Bunn,27508,1,0.42,25,28.0,34.0,15.0,40.0,28,33,72.0,72.0,29.0,61.0,50,27,22,29,20,33,28,12,35.0,22.0,32.0,12.0,5.0,42.0,56.0,33.0,,24.0,5.0,,39.0,41.0,24.0,63.0,62.0,68.0,89.0,58.0,25.0,0.0,1.0,0.0,9.0,7.0,14.0,bunn|franklin,2025,350308,Bunn High,Franklin,Bunn,27508,09:12,H,Regular School,P,84.7,84.7%,235,0,Met,1.68,84.2,49.3,49.3%,219,0,35.2,35.2%,142,0,46.9,46.9%,175,0,Provisional name/county match,False,29 Bunn Elem School Road,,Bunn,NC,27508,False,370153000651,name + county,Bunn High,29 Bunn Elem School Road,Bunn,27508,35.9547,-78.2493,NCES 2024-25,True
3.70153E+11,Louisburg Magnet High,Franklin County Schools,NC,37069,Franklin County,Louisburg,27549,1,0.42,29,25.0,32.0,17.0,40.0,29,58,61.0,63.0,36.0,61.0,55,27,22,29,20,33,28,12,46.0,26.0,32.0,4.0,6.0,42.0,47.0,33.0,,28.0,5.0,,39.0,41.0,25.0,68.0,64.0,73.0,90.0,53.0,32.0,2.0,1.0,0.0,6.0,7.0,9.0,louisburgmagnet|franklin,2025,350336,Louisburg Magnet High,Franklin,Louisburg,27549,09:12,H,Regular School,P,91.6,91.6%,166,0,Exceeded,2.93,87.3,51.3,51.3%,154,0,47.2,47.2%,125,0,40.7,40.7%,118,0,Provisional name/county match,False,201 Allen Lane,,Louisburg,NC,27549,False,370153000658,name + county,Louisburg Magnet High,201 Allen Lane,Louisburg,27549,36.1101,-78.3001,NCES 2024-25,True
3.70153E+11,Franklinton High,Franklin County Schools,NC,37069,Franklin County,Franklinton,27525,1,0.42,25,20.0,30.0,11.0,40.0,25,33,33.0,53.0,13.0,61.0,36,27,22,29,20,33,28,12,40.0,18.0,32.0,4.0,6.0,42.0,38.0,33.0,,18.0,4.0,,39.0,41.0,17.0,57.0,60.0,60.0,87.0,63.0,24.0,0.0,1.0,0.0,5.0,7.0,9.0,franklinton|franklin,2025,350321,Franklinton High,Franklin,Franklinton,27525,09:12,H,Regular School,P,89.4,89.4%,284,0,Exceeded,5.5,92.5,58.0,58.0%,305,0,44.3,44.3%,185,0,42.9,42.9%,252,0,Provisional name/county match,False,910 Cedar Creek Road,,Franklinton,NC,27525,False,370153000661,name + county,Franklinton High,910 Cedar Creek Road,Franklinton,27525,36.07064,-78.436356,NCES 2024-25,True
3.70153E+11,Franklin County Early College,Franklin County Schools,NC,37069,Franklin County,Louisburg,27549,1,0.42,26,24.0,32.0,14.0,40.0,27,39,56.0,63.0,25.0,61.0,45,27,22,29,20,33,28,12,40.0,21.0,32.0,7.0,5.0,42.0,47.0,33.0,,23.0,5.0,,39.0,41.0,21.0,62.0,62.0,66.0,89.0,58.0,27.0,1.0,1.0,0.0,6.0,7.0,10.0,franklincountyearlycollege|franklin,2025,350317,Franklin County Early College,Franklin,Louisburg,27549,09:13,H,Regular School,P,,>95%,33,1,Exceeded,6.02,93.3,93.3,93.3%,45,0,72.0,72.0%,25,0,92.9,92.9%,42,0,Provisional name/county match,False,8150 NC Highway 56,,Louisburg,NC,27549,False,370153003101,name + county,Franklin County Early College,8150 NC Highway 56,Louisburg,27549,36.0847,-78.3318,NCES 2024-25,True
3.70162E+11,Ashbrook High,Gaston County Schools,NC,37071,Gaston County,Gastonia,28054,1,0.46,25,25.0,35.0,33.0,33.0,30,33,61.0,76.0,83.0,49.0,59,27,22,29,20,33,28,14,26.0,23.0,36.0,11.0,11.0,37.0,44.0,37.0,46.0,19.0,7.0,73.0,29.0,36.0,19.0,60.0,59.0,65.0,88.0,59.0,26.0,0.0,2.0,0.0,5.0,8.0,11.0,ashbrook|gaston,2025,360310,Ashbrook High School,Gaston,Gastonia,28054,09:12,H,Regular School,P,86.7,86.7%,346,0,Met,-1.9,70.5,39.5,39.5%,365,0,26.0,26.0%,354,0,24.3,24.3%,329,0,Provisional name/county match,False,2222 S New Hope Road,,Gastonia,NC,28054,False,370162000663,name + county,Ashbrook High,2222 S New Hope Road,Gastonia,28054,35.2431,-81.1272,NCES 2024-25,True
3.70162E+11,Bessemer City High,Gaston County Schools,NC,37071,Gaston County,Bessemer City,28016,1,0.46,35,28.0,40.0,36.0,33.0,34,84,72.0,90.0,87.0,49.0,74,27,22,29,20,33,28,14,58.0,32.0,36.0,7.0,6.0,37.0,53.0,37.0,66.0,24.0,5.0,78.0,29.0,36.0,27.0,71.0,60.0,77.0,94.0,69.0,20.0,0.0,1.0,0.0,3.0,7.0,9.0,bessemercity|gaston,2025,360336,Bessemer City High School,Gaston,Bessemer City,28016,09:12,H,Regular School,P,80.1,80.1%,151,0,NotMet,-7.34,54.4,35.0,35.0%,143,0,18.4,18.4%,147,0,26.3,26.3%,118,0,Provisional name/county match,False,119 Yellow Jacket Lane,,Bessemer City,NC,28016,False,370162000668,name + county,Bessemer City High,119 Yellow Jacket Lane,Bessemer City,28016,35.2972,-81.2814,NCES 2024-25,True
3.70162E+11,Cherryville High,Gaston County Schools,NC,37071,Gaston County,Cherryville,28021,1,0.46,26,24.0,33.0,14.0,33.0,26,39,56.0,67.0,25.0,49.0,41,27,22,29,20,33,28,14,28.0,27.0,36.0,2.0,4.0,37.0,51.0,37.0,,24.0,3.0,,29.0,36.0,24.0,68.0,56.0,76.0,92.0,88.0,5.0,0.0,1.0,0.0,2.0,4.0,6.0,cherryville|gaston,2025,360360,Cherryville High School,Gaston,Cherryville,28021,09:12,H,Regular School,P,,>95%,116,1,Met,0.66,81.6,53.8,53.8%,132,0,41.1,41.1%,112,0,44.6,44.6%,101,0,Provisional name/county match,False,313 Ridge Avenue,,Cherryville,NC,28021,False,370162000675,name + county,Cherryville High,313 Ridge Avenue,Cherryville,28021,35.3897,-81.3799,NCES 2024-25,True
3.70162E+11,East Gaston High,Gaston County Schools,NC,37071,Gaston County,Mount Holly,28120,1,0.46,23,21.0,29.0,29.0,33.0,27,23,39.0,47.0,75.0,49.0,45,27,22,29,20,33,28,14,30.0,13.0,36.0,6.0,6.0,37.0,58.0,37.0,6.0,16.0,5.0,68.0,29.0,36.0,16.0,54.0,58.0,57.0,87.0,77.0,12.0,0.0,3.0,0.0,3.0,6.0,8.0,eastgaston|gaston,2025,360390,East Gaston High School,Gaston,Mount Holly,28120,09:12,H,Regular School,P,93.4,93.4%,229,0,NotMet,-7.79,53.6,45.4,45.4%,238,0,36.5,36.5%,211,0,50.8,50.8%,191,0,Provisional name/county match,False,1744 Lane Road,,Mount Holly,NC,28120,False,370162000681,name + county,East Gaston High,1744 Lane Road,Mount Holly,28120,35.3154,-81.0756,NCES 2024-25,True
3.70162E+11,Hunter Huss High,Gaston County Schools,NC,37071,Gaston County,Gastonia,28052,1,0.46,32,30.0,40.0,32.0,33.0,34,73,77.0,90.0,81.0,49.0,74,27,22,29,20,33,28,14,52.0,28.0,36.0,15.0,9.0,37.0,52.0,37.0,66.0,21.0,7.0,69.0,29.0,36.0,24.0,67.0,60.0,73.0,91.0,62.0,25.0,0.0,1.0,0.0,5.0,7.0,12.0,hunterhuss|gaston,2025,360428,Hunter Huss High School,Gaston,Gastonia,28052,09:12,H,Regular School,P,90.7,90.7%,301,0,NotMet,-5.1,58.1,23.5,23.5%,328,0,30.2,30.2%,291,0,24.2,24.2%,227,0,Provisional name/county match,False,1518 Edgefield Avenue,,Gastonia,NC,28052,False,370162000691,name + county,Hunter Huss High,1518 Edgefield Avenue,Gastonia,28052,35.2406,-81.2069,NCES 2024-25,True
3.70162E+11,North Gaston High,Gaston County Schools,NC,37071,Gaston County,Dallas,28034,1,0.46,25,28.0,37.0,33.0,33.0,31,33,72.0,83.0,83.0,49.0,63,27,22,29,20,33,28,14,24.0,25.0,36.0,8.0,7.0,37.0,49.0,37.0,57.0,19.0,5.0,74.0,29.0,36.0,25.0,70.0,58.0,75.0,94.0,72.0,15.0,0.0,1.0,0.0,4.0,7.0,11.0,northgaston|gaston,2025,360470,North Gaston High School,Gaston,Dallas,28034,09:12,H,Regular School,P,89.1,89.1%,274,0,NotMet,-3.07,64.6,43.5,43.5%,246,0,24.3,24.3%,267,0,36.4,36.4%,236,0,Provisional name/county match,False,1133 Ratchford Road,,Dallas,NC,28034,False,370162000702,name + county,North Gaston High,1133 Ratchford Road,Dallas,28034,35.3344,-81.1775,NCES 2024-25,True
3.70162E+11,South Point High,Gaston County Schools,NC,37071,Gaston County,Belmont,28012,1,0.46,27,17.0,31.0,38.0,33.0,29,45,17.0,58.0,90.0,49.0,55,27,22,29,20,33,28,14,47.0,13.0,36.0,8.0,9.0,37.0,53.0,37.0,17.0,13.0,5.0,95.0,29.0,36.0,13.0,41.0,56.0,44.0,79.0,71.0,13.0,0.0,5.0,0.0,5.0,6.0,10.0,southpoint|gaston,2025,360494,South Point High School,Gaston,Belmont,28012,09:12,H,Regular School,P,94.0,94.0%,248,0,Exceeded,7.42,95.7,70.7,70.7%,263,0,71.0,71.0%,200,0,59.2,59.2%,228,0,Provisional name/county match,False,906 South Point Road,,Belmont,NC,28012,False,370162000711,name + county,South Point High,906 South Point Road,Belmont,28012,35.2229,-81.0387,NCES 2024-25,True
3.70162E+11,Warlick Academy,Gaston County Schools,NC,37071,Gaston County,Gastonia,28054,0,0.46,23,23.0,35.0,33.0,33.0,29,23,51.0,76.0,83.0,49.0,55,27,22,29,20,33,28,14,21.0,20.0,36.0,9.0,15.0,37.0,45.0,37.0,41.0,20.0,6.0,74.0,29.0,36.0,16.0,57.0,55.0,60.0,88.0,57.0,28.0,0.0,2.0,0.0,4.0,9.0,10.0,warlickacademy|gaston,2025,360372,Warlick Academy,Gaston,Gastonia,28054,06:12,T,Alternative Educat,P,35.2,35.2%,71,0,NotMet,-5.53,57.4,7.7,7.7%,26,0,,<5%,48,2,,,,,Provisional name/county match,False,1316 Spencer Mountain Road,,Gastonia,NC,28054,False,370162002263,name + county,Warlick Academy,1316 Spencer Mountain Road,Gastonia,28054,35.282,-81.1338,NCES 2024-25,True
3.70162E+11,Forestview High,Gaston County Schools,NC,37071,Gaston County,Gastonia,28056,1,0.46,28,23.0,35.0,33.0,33.0,30,51,51.0,76.0,83.0,49.0,59,27,22,29,20,33,28,14,43.0,18.0,36.0,12.0,12.0,37.0,65.0,37.0,27.0,10.0,5.0,83.0,29.0,36.0,15.0,53.0,58.0,57.0,85.0,71.0,16.0,0.0,2.0,0.0,5.0,6.0,9.0,forestview|gaston,2025,360396,Forestview High School,Gaston,Gastonia,28056,09:12,H,Regular School,P,89.5,89.5%,285,0,NotMet,-4.01,59.9,56.8,56.8%,280,0,36.8,36.8%,220,0,57.9,57.9%,259,0,Provisional name/county match,False,5545 Union Road,,Gastonia,NC,28056,False,370162002384,name + county,Forestview High,5545 Union Road,Gastonia,28056,35.1834,-81.1356,NCES 2024-25,True
3.70162E+11,Highland Sch Of Technology,Gaston County Schools,NC,37071,Gaston County,Gastonia,28052,0,0.46,35,34.0,41.0,35.0,33.0,36,84,82.0,92.0,86.0,49.0,80,27,22,29,20,33,28,14,54.0,35.0,36.0,17.0,9.0,37.0,53.0,37.0,69.0,25.0,7.0,74.0,29.0,36.0,29.0,73.0,67.0,77.0,94.0,55.0,30.0,0.0,0.0,0.0,5.0,9.0,14.0,highlandschooloftechnology|gaston,2025,360418,Highland School of Technology,Gaston,Gastonia,28052,09:12,H,Regular School,P,,>95%,125,1,Exceeded,10.92,100.0,,>95%,142,1,,>95%,79,1,,>95%,125,1,Provisional name/county match,True,1600 N Morris Street,,Gastonia,NC,28052,True,370162002521,name + county,Highland Sch of Technology,1600 N Morris Street,Gastonia,28052,35.2804,-81.1907,NCES 2024-25,True
3.70162E+11,Gaston Early College High School,Gaston County Schools,NC,37071,Gaston County,Dallas,28034,1,0.46,28,23.0,35.0,33.0,33.0,30,51,51.0,76.0,83.0,49.0,59,27,22,29,20,33,28,14,41.0,20.0,36.0,8.0,8.0,37.0,53.0,37.0,38.0,18.0,5.0,77.0,29.0,36.0,19.0,58.0,58.0,62.0,88.0,70.0,18.0,0.0,2.0,0.0,4.0,6.0,9.0,gastonearlycollege|gaston,2025,360337,Gaston Early College High School,Gaston,Dallas,28034,09:13,H,Regular School,P,,>95%,50,1,Exceeded,5.7,92.8,,>95%,48,1,,>95%,27,1,,>95%,43,1,Provisional name/county match,False,201 Hwy 321 South,G,Dallas,NC,28034,False,370162003217,name + county,Gaston Early College High School,201 Hwy 321 South,Dallas,28034,35.312316,-81.190487,NCES 2024-25,True
3.70162E+11,Stuart W Cramer High,Gaston County Schools,NC,37071,Gaston County,Belmont,28012,1,0.46,24,19.0,29.0,34.0,33.0,28,28,27.0,47.0,84.0,49.0,50,27,22,29,20,33,28,14,30.0,15.0,36.0,6.0,7.0,37.0,52.0,37.0,13.0,13.0,5.0,83.0,29.0,36.0,15.0,50.0,58.0,52.0,84.0,69.0,19.0,0.0,2.0,0.0,3.0,6.0,9.0,stuartwcramer|gaston,2025,360378,Stuart W Cramer High School,Gaston,Belmont,28012,09:12,H,Regular School,P,91.7,91.7%,240,0,Met,-0.15,79.2,63.3,63.3%,259,0,49.5,49.5%,190,0,43.2,43.2%,227,0,Provisional name/county match,False,101 Lakewood Rd,,Belmont,NC,28012,False,370162003246,name + county,Stuart W Cramer High,101 Lakewood Rd,Belmont,28012,35.2456,-81.0596,NCES 2024-25,True
3.70162E+11,Gaston Early College Of Medical Sciences,Gaston County Schools,NC,37071,Gaston County,Dallas,28034,0,0.46,26,26.0,31.0,36.0,33.0,30,39,66.0,58.0,87.0,49.0,59,27,22,29,20,33,28,14,27.0,27.0,36.0,4.0,2.0,37.0,46.0,37.0,33.0,21.0,5.0,82.0,29.0,36.0,25.0,69.0,54.0,76.0,94.0,78.0,14.0,1.0,1.0,0.0,2.0,5.0,8.0,gastonearlycollegeofmedicalsciences|gaston,2025,360342,Gaston Early College of Medical Sciences,Gaston,Dallas,28034,09:12,H,Regular School,P,,>95%,47,1,Exceeded,3.92,89.8,,>95%,46,1,,>95%,26,1,78.8,78.8%,33,0,Provisional name/county match,False,300 Rhodes Perimeter Drive,G,Dallas,NC,28034,False,370162003563,name + county,Gaston Early College of Medical Sciences,300 Rhodes Perimeter Drive,Dallas,28034,35.311209,-81.18912,NCES 2024-25,True
3.70168E+11,Gates County Senior High,Gates County Schools,NC,37073,Gates County,Gatesville,27938,0,0.4,28,28.0,28.0,17.0,,25,51,72.0,42.0,36.0,,36,27,22,29,20,33,28,12,32.0,43.0,24.0,8.0,0.0,,43.0,41.0,,30.0,4.0,,,,17.0,78.0,66.0,89.0,92.0,63.0,31.0,0.0,0.0,0.0,1.0,4.0,2.0,gatescountysenior|gates,2025,370312,Gates County Senior High,Gates,Gatesville,27938,09:12,H,Regular School,P,83.7,83.7%,123,0,Met,-1.6,72.0,49.5,49.5%,95,0,29.9,29.9%,87,0,42.3,42.3%,97,0,Provisional name/county match,False,088 Hwy 158 West,,Gatesville,NC,27938,False,370168000720,name + county,Gates County Senior High,088 Hwy 158 West,Gatesville,27938,36.445836,-76.705925,NCES 2024-25,True
3.70177E+11,Robbinsville High,Graham County Schools,NC,37075,Graham County,Robbinsville,28771,1,0.43,26,22.0,25.0,38.0,22.0,27,39,45.0,26.0,90.0,27.0,45,27,22,29,20,33,28,13,27.0,33.0,31.0,2.0,12.0,,33.0,30.0,,72.0,3.0,,,22.0,18.0,67.0,63.0,74.0,89.0,88.0,1.0,5.0,1.0,0.0,1.0,4.0,3.0,robbinsville|graham,2025,380308,Robbinsville High,Graham,Robbinsville,28771,09:12,H,Regular School,P,88.5,88.5%,87,0,Met,-1.37,73.1,63.4,63.4%,71,0,38.8,38.8%,98,0,35.6,35.6%,73,0,Provisional name/county match,False,301 Sweetwater Road,,Robbinsville,NC,28771,False,370177000734,name + county,Robbinsville High,301 Sweetwater Road,Robbinsville,28771,35.329,-83.7967,NCES 2024-25,True
3.7018E+11,J. F. Webb High,Granville County Schools,NC,37077,Granville County,Oxford,27565,0,0.44,30,22.0,26.0,20.0,45.0,28,63,45.0,31.0,47.0,68.0,50,27,22,29,20,33,28,13,39.0,26.0,42.0,3.0,3.0,28.0,37.0,38.0,,36.0,4.0,,27.0,62.0,17.0,64.0,57.0,70.0,91.0,57.0,34.0,0.0,0.0,0.0,2.0,6.0,6.0,jfwebb|granville,2025,390324,J. F. Webb High,Granville,Oxford,27565,09:12,H,Regular School,P,83.4,83.4%,169,0,Met,-0.2,79.0,44.6,44.6%,112,0,20.7,20.7%,111,0,30.8,30.8%,107,0,Provisional name/county match,False,3200 Webb School Rd,,Oxford,NC,27565,False,370180000742,name + county,J. F. Webb High,3200 Webb School Rd,Oxford,27565,36.33791,-78.597163,NCES 2024-25,True
3.7018E+11,Granville Central High,Granville County Schools,NC,37077,Granville County,Stem,27581,0,0.44,27,23.0,25.0,11.0,45.0,26,45,51.0,26.0,13.0,68.0,41,27,22,29,20,33,28,13,29.0,22.0,42.0,6.0,3.0,28.0,31.0,38.0,,19.0,2.0,,27.0,62.0,17.0,62.0,58.0,65.0,90.0,72.0,19.0,0.0,0.0,0.0,2.0,6.0,9.0,granvillecentral|granville,2025,390322,Granville Central High,Granville,Stem,27581,09:12,H,Regular School,P,85.9,85.9%,170,0,Met,0.64,81.6,41.1,41.1%,112,0,20.0,20.0%,80,0,34.5,34.5%,119,0,Provisional name/county match,False,2043 Sanders Rd,,Stem,NC,27581,False,370180002829,name + county,Granville Central High,2043 Sanders Rd,Stem,27581,36.213412,-78.687071,NCES 2024-25,True
3.7018E+11,Granville Early College High,Granville County Schools,NC,37077,Granville County,Creedmoor,27522,0,0.44,33,25.0,27.0,12.0,45.0,28,77,61.0,37.0,17.0,68.0,50,27,22,29,20,33,28,13,49.0,27.0,42.0,6.0,7.0,28.0,33.0,38.0,,21.0,2.0,,27.0,62.0,25.0,65.0,62.0,67.0,92.0,66.0,22.0,0.0,0.0,0.0,6.0,5.0,11.0,granvilleearlycollege|granville,2025,390323,Granville Early College High,Granville,Creedmoor,27522,09:13,H,Regular School,P,,>95%,47,1,Exceeded,9.22,98.7,,>95%,54,1,,>95%,24,1,,>95%,48,1,Provisional name/county match,False,1552 South Campus Dr,,Creedmoor,NC,27522,False,370180003142,name + county,Granville Early College High,1552 South Campus Dr,Creedmoor,27522,36.141006,-78.720209,NCES 2024-25,True
3.7018E+11,South Granville High,Granville County Schools,NC,37077,Granville County,Creedmoor,27522,0,0.44,33,25.0,27.0,12.0,45.0,28,77,61.0,37.0,17.0,68.0,50,27,22,29,20,33,28,13,49.0,27.0,42.0,6.0,7.0,28.0,33.0,38.0,,21.0,2.0,,27.0,62.0,25.0,65.0,62.0,67.0,92.0,66.0,22.0,0.0,0.0,0.0,6.0,5.0,11.0,southgranville|granville,2025,390352,South Granville High,Granville,Creedmoor,27522,09:12,H,Regular School,P,82.6,82.6%,184,0,Exceeded,2.95,87.3,46.4,46.4%,183,0,36.1,36.1%,133,0,50.7,50.7%,146,0,Provisional name/county match,False,701 N Crescent Dr,,Creedmoor,NC,27522,False,370180003385,name + county,South Granville High,701 N Crescent Dr,Creedmoor,27522,36.122887,-78.674378,NCES 2024-25,True
3.70183E+11,Greene Central High,Greene County Schools,NC,37079,Greene County,Snow Hill,28580,1,0.4,35,26.0,31.0,46.0,59.0,39,84,66.0,58.0,97.0,83.0,88,27,22,29,20,33,28,11,49.0,27.0,52.0,9.0,8.0,,50.0,42.0,24.0,32.0,5.0,100.0,62.0,56.0,23.0,63.0,53.0,70.0,90.0,53.0,32.0,0.0,1.0,0.0,5.0,8.0,11.0,greenecentral|greene,2025,400308,Greene Central High School,Greene,Snow Hill,28580,09:12,H,Regular School,P,90.5,90.5%,232,0,NotMet,-4.33,59.4,35.2,35.2%,176,0,11.4,11.4%,193,0,22.3,22.3%,148,0,Provisional name/county match,True,140 School Drive,,Snow Hill,NC,28580,False,370183000750,name + county,Greene Central High,140 School Drive,Snow Hill,28580,35.4799,-77.6703,NCES 2024-25,True
3.70183E+11,Greene Early College High,Greene County Schools,NC,37079,Greene County,Snow Hill,28580,1,0.4,35,26.0,31.0,46.0,59.0,39,84,66.0,58.0,97.0,83.0,88,27,22,29,20,33,28,11,49.0,27.0,52.0,9.0,8.0,,50.0,42.0,24.0,32.0,5.0,100.0,62.0,56.0,23.0,63.0,53.0,70.0,90.0,53.0,32.0,0.0,1.0,0.0,5.0,8.0,11.0,greeneearlycollege|greene,2025,400315,Greene Early College High School,Greene,Snow Hill,28580,09:13,H,Regular School,P,,>95%,31,1,Exceeded,3.19,87.9,82.5,82.5%,40,0,60.6,60.6%,33,0,67.6,67.6%,34,0,Provisional name/county match,True,818 Highway 91,,Snow Hill,NC,28580,True,370183002860,name + county,Greene Early College High,818 Highway 91,Snow Hill,28580,35.4759,-77.6705,NCES 2024-25,True
3.70192E+11,Grimsley High,Guilford County Schools,NC,37081,Guilford County,Greensboro,27408,1,0.48,30,21.0,40.0,19.0,42.0,30,63,39.0,90.0,44.0,64.0,59,27,22,29,20,33,28,17,38.0,22.0,41.0,10.0,5.0,45.0,43.0,37.0,68.0,28.0,8.0,20.0,56.0,29.0,17.0,46.0,68.0,53.0,75.0,46.0,41.0,0.0,2.0,0.0,4.0,7.0,10.0,grimsley|guilford,2025,410394,Grimsley High School,Guilford,Greensboro,27408,09:12,H,Regular School,P,90.3,90.3%,455,0,Exceeded,4.47,90.7,68.3,68.3%,479,0,27.0,27.0%,248,0,58.9,58.9%,411,0,Provisional name/county match,False,801 N Josephine Boyd St.,,Greensboro,NC,27408,False,370192000774,name + county,Grimsley High,801 N Josephine Boyd St.,Greensboro,27408,36.08298,-79.814564,NCES 2024-25,True
3.70192E+11,Ben L. Smith High School,Guilford County Schools,NC,37081,Guilford County,Greensboro,27407,1,0.48,33,28.0,40.0,21.0,42.0,33,77,72.0,90.0,51.0,64.0,71,27,22,29,20,33,28,17,53.0,23.0,41.0,14.0,5.0,45.0,49.0,37.0,64.0,24.0,8.0,32.0,56.0,29.0,24.0,58.0,67.0,61.0,85.0,29.0,49.0,1.0,6.0,0.0,6.0,8.0,14.0,benlsmith|guilford,2025,410544,Ben L. Smith High School,Guilford,Greensboro,27407,09:12,H,Regular School,P,86.5,86.5%,377,0,NotMet,-3.73,61.3,34.2,34.2%,322,0,16.2,16.2%,272,0,14.0,14.0%,236,0,Provisional name/county match,False,2407 South Holden Road,,Greensboro,NC,27407,False,370192000798,name + county,Ben L. Smith High School,2407 South Holden Road,Greensboro,27407,36.0347,-79.8474,NCES 2024-25,True
3.70192E+11,Eastern Guilford High,Guilford County Schools,NC,37081,Guilford County,Gibsonville,27249,1,0.48,33,23.0,37.0,33.0,42.0,33,77,51.0,83.0,83.0,64.0,71,27,22,29,20,33,28,17,51.0,22.0,41.0,8.0,6.0,45.0,53.0,37.0,41.0,22.0,6.0,70.0,56.0,29.0,18.0,57.0,63.0,63.0,84.0,39.0,46.0,0.0,2.0,0.0,5.0,7.0,10.0,easternguilford|guilford,2025,410358,Eastern Guilford High School,Guilford,Gibsonville,27249,09:12,H,Regular School,P,88.4,88.4%,328,0,Met,-1.63,71.8,41.4,41.4%,314,0,18.5,18.5%,259,0,23.0,23.0%,222,0,Provisional name/county match,False,415 Peeden Drive,,Gibsonville,NC,27249,False,370192000821,name + county,Eastern Guilford High,415 Peeden Drive,Gibsonville,27249,36.0925,-79.6161,NCES 2024-25,True
3.70192E+11,Lucy Ragsdale High,Guilford County Schools,NC,37081,Guilford County,Jamestown,27282,1,0.48,28,26.0,36.0,31.0,42.0,33,51,66.0,80.0,79.0,64.0,71,27,22,29,20,33,28,17,39.0,14.0,41.0,18.0,10.0,45.0,52.0,37.0,34.0,15.0,6.0,72.0,56.0,29.0,18.0,52.0,62.0,55.0,83.0,41.0,37.0,1.0,10.0,0.0,5.0,6.0,12.0,lucyragsdale|guilford,2025,410529,Lucy Ragsdale High School,Guilford,Jamestown,27282,09:12,H,Regular School,P,94.6,94.6%,333,0,NotMet,-2.84,65.8,47.6,47.6%,334,0,21.2,21.2%,208,0,30.0,30.0%,290,0,Provisional name/county match,False,1000 Lucy Ragsdale Drive,,Jamestown,NC,27282,False,370192000830,name + county,Lucy Ragsdale High,1000 Lucy Ragsdale Drive,Jamestown,27282,35.994623,-79.916637,NCES 2024-25,True
3.70192E+11,Northeast Guilford High,Guilford County Schools,NC,37081,Guilford County,Mcleansville,27301,1,0.48,32,21.0,36.0,35.0,42.0,33,73,39.0,80.0,86.0,64.0,71,27,22,29,20,33,28,17,49.0,20.0,41.0,5.0,6.0,45.0,58.0,37.0,33.0,22.0,5.0,77.0,56.0,29.0,17.0,57.0,63.0,63.0,83.0,46.0,40.0,0.0,2.0,0.0,4.0,7.0,10.0,northeastguilford|guilford,2025,410484,Northeast Guilford High School,Guilford,McLeansville,27301,09:12,H,Regular School,P,87.4,87.4%,253,0,NotMet,-4.85,58.5,29.5,29.5%,271,0,20.2,20.2%,228,0,18.9,18.9%,180,0,Provisional name/county match,False,6700 McLeansville Road,,McLeansville,NC,27301,False,370192000836,name + county,Northeast Guilford High,6700 McLeansville Road,McLeansville,27301,36.1586,-79.673,NCES 2024-25,True
3.70192E+11,Northwest Guilford High,Guilford County Schools,NC,37081,Guilford County,Greensboro,27409,1,0.48,29,15.0,31.0,31.0,42.0,30,58,11.0,58.0,79.0,64.0,59,27,22,29,20,33,28,17,43.0,15.0,41.0,5.0,4.0,45.0,63.0,37.0,6.0,17.0,4.0,73.0,56.0,29.0,9.0,41.0,61.0,46.0,75.0,73.0,12.0,0.0,6.0,0.0,3.0,7.0,7.0,northwestguilford|guilford,2025,410490,Northwest Guilford High School,Guilford,Greensboro,27409,09:12,H,Regular School,P,,>95%,512,1,Exceeded,3.95,89.8,81.3,81.3%,562,0,63.8,63.8%,188,0,69.4,69.4%,468,0,Provisional name/county match,False,5240 Northwest School Road,,Greensboro,NC,27409,False,370192000838,name + county,Northwest Guilford High,5240 Northwest School Road,Greensboro,27409,36.1546,-79.9531,NCES 2024-25,True
3.70192E+11,Southeast Guilford High,Guilford County Schools,NC,37081,Guilford County,Greensboro,27406,1,0.48,28,20.0,34.0,36.0,42.0,32,51,33.0,72.0,87.0,64.0,68,27,22,29,20,33,28,17,40.0,16.0,41.0,6.0,6.0,45.0,45.0,37.0,37.0,19.0,5.0,86.0,56.0,29.0,11.0,56.0,64.0,59.0,85.0,52.0,34.0,0.0,2.0,0.0,3.0,10.0,11.0,southeastguilford|guilford,2025,410547,Southeast Guilford High School,Guilford,Greensboro,27406,09:12,H,Regular School,P,,>95%,332,1,Met,0.33,80.8,58.4,58.4%,296,0,23.0,23.0%,191,0,44.4,44.4%,306,0,Provisional name/county match,False,4530 Southeast School Road,,Greensboro,NC,27406,False,370192000846,name + county,Southeast Guilford High,4530 Southeast School Road,Greensboro,27406,35.9726,-79.6978,NCES 2024-25,True
3.70192E+11,Southern Guilford High,Guilford County Schools,NC,37081,Guilford County,Greensboro,27406,1,0.48,33,30.0,39.0,31.0,42.0,35,77,77.0,88.0,79.0,64.0,77,27,22,29,20,33,28,17,55.0,19.0,41.0,16.0,3.0,45.0,55.0,37.0,52.0,19.0,5.0,70.0,56.0,29.0,25.0,64.0,67.0,68.0,88.0,44.0,35.0,0.0,7.0,0.0,6.0,8.0,13.0,southernguilford|guilford,2025,410556,Southern Guilford High School,Guilford,Greensboro,27406,09:12,H,Regular School,P,92.8,92.8%,235,0,NotMet,-2.93,65.3,36.7,36.7%,286,0,30.2,30.2%,172,0,24.6,24.6%,199,0,Provisional name/county match,False,5700 Drake Road,,Greensboro,NC,27406,False,370192000849,name + county,Southern Guilford High,5700 Drake Road,Greensboro,27406,35.9495,-79.8554,NCES 2024-25,True
3.70192E+11,Western Guilford High,Guilford County Schools,NC,37081,Guilford County,Greensboro,27410,1,0.48,26,16.0,31.0,25.0,42.0,28,39,13.0,58.0,64.0,64.0,50,27,22,29,20,33,28,17,33.0,12.0,41.0,10.0,4.0,45.0,39.0,37.0,28.0,22.0,6.0,48.0,56.0,29.0,9.0,36.0,66.0,40.0,72.0,58.0,27.0,1.0,5.0,0.0,2.0,6.0,8.0,westernguilford|guilford,2025,410595,Western Guilford High School,Guilford,Greensboro,27410,09:12,H,Regular School,P,92.2,92.2%,309,0,Exceeded,6.2,93.6,63.1,63.1%,295,0,30.2,30.2%,248,0,38.5,38.5%,291,0,Provisional name/county match,False,409 Friendway Road,,Greensboro,NC,27410,False,370192000855,name + county,Western Guilford High,409 Friendway Road,Greensboro,27410,36.082378,-79.907575,NCES 2024-25,True
3.70192E+11,High Point Central High,Guilford County Schools,NC,37081,Guilford County,High Point,27262,1,0.48,32,30.0,39.0,30.0,42.0,34,73,77.0,88.0,77.0,64.0,74,27,22,29,20,33,28,17,49.0,21.0,41.0,17.0,5.0,45.0,53.0,37.0,51.0,22.0,6.0,61.0,56.0,29.0,25.0,58.0,68.0,61.0,85.0,49.0,31.0,0.0,7.0,0.0,5.0,8.0,13.0,highpointcentral|guilford,2025,410406,High Point Central High School,Guilford,High Point,27262,09:12,H,Regular School,P,90.2,90.2%,265,0,Exceeded,5.02,91.7,37.6,37.6%,229,0,29.1,29.1%,223,0,18.5,18.5%,222,0,Provisional name/county match,False,801 Ferndale Boulevard,,High Point,NC,27262,False,370192000956,name + county,High Point Central High,801 Ferndale Boulevard,High Point,27262,35.9571,-80.0217,NCES 2024-25,True
3.70192E+11,T Wingate Andrews High,Guilford County Schools,NC,37081,Guilford County,High Point,27265,1,0.48,29,23.0,35.0,27.0,42.0,31,58,51.0,76.0,70.0,64.0,63,27,22,29,20,33,28,17,43.0,17.0,41.0,14.0,11.0,45.0,49.0,37.0,32.0,17.0,6.0,57.0,56.0,29.0,17.0,50.0,65.0,54.0,80.0,53.0,30.0,0.0,7.0,0.0,3.0,7.0,8.0,twingateandrews|guilford,2025,410319,T. Wingate Andrews High School,Guilford,High Point,27265,09:12,H,Regular School,P,94.8,94.8%,174,0,NotMet,-2.12,69.4,37.6,37.6%,186,0,17.0,17.0%,153,0,15.6,15.6%,173,0,Provisional name/county match,False,1920 McGuinn Drive,,High Point,NC,27265,False,370192000967,name + county,T Wingate Andrews High,1920 McGuinn Drive,High Point,27265,35.985104,-79.990009,NCES 2024-25,True
3.70192E+11,Southwest Guilford High,Guilford County Schools,NC,37081,Guilford County,High Point,27265,1,0.48,29,22.0,35.0,29.0,42.0,32,58,45.0,76.0,75.0,64.0,68,27,22,29,20,33,28,17,42.0,18.0,41.0,12.0,8.0,45.0,55.0,37.0,30.0,18.0,6.0,63.0,56.0,29.0,16.0,49.0,66.0,52.0,80.0,49.0,31.0,0.0,8.0,0.0,4.0,7.0,10.0,southwestguilford|guilford,2025,410562,Southwest Guilford High School,Guilford,High Point,27265,09:12,H,Regular School,P,,>95%,430,1,Met,0.84,82.1,63.8,63.8%,365,0,16.9,16.9%,231,0,41.5,41.5%,347,0,Provisional name/county match,False,4364 Barrow Road,,High Point,NC,27265,False,370192002042,name + county,Southwest Guilford High,4364 Barrow Road,High Point,27265,36.0467,-79.9888,NCES 2024-25,True
3.70192E+11,Northern Guilford High,Guilford County Schools,NC,37081,Guilford County,Greensboro,27455,1,0.48,30,13.0,33.0,27.0,42.0,29,63,6.0,67.0,70.0,64.0,55,27,22,29,20,33,28,17,43.0,17.0,41.0,2.0,4.0,45.0,65.0,37.0,13.0,15.0,4.0,61.0,56.0,29.0,9.0,40.0,59.0,48.0,73.0,68.0,19.0,1.0,4.0,0.0,3.0,6.0,7.0,northernguilford|guilford,2025,410489,Northern Guilford High School,Guilford,Greensboro,27455,09:12,H,Regular School,P,,>95%,295,1,Exceeded,3.95,89.8,71.5,71.5%,298,0,34.6,34.6%,104,0,63.3,63.3%,308,0,Provisional name/county match,False,7101 Spencer Dixon Road,,Greensboro,NC,27455,False,370192002991,name + county,Northern Guilford High,7101 Spencer Dixon Road,Greensboro,27455,36.209,-79.807,NCES 2024-25,True
3.70192E+11,Stem Early College @ Nc A&T Su,Guilford County Schools,NC,37081,Guilford County,Greensboro,27411,0,0.48,43,43.0,49.0,29.0,42.0,41,97,89.0,99.0,75.0,64.0,91,27,22,29,20,33,28,17,75.0,38.0,41.0,34.0,12.0,45.0,50.0,37.0,100.0,51.0,13.0,24.0,56.0,29.0,27.0,78.0,76.0,92.0,86.0,22.0,66.0,0.0,1.0,0.0,7.0,4.0,10.0,stemearlycollegeatncaandtsu|guilford,2025,410569,STEM Early College at NC A&T SU,Guilford,Greensboro,27411,09:12,H,Regular School,P,,>95%,44,1,Exceeded,2.5,86.2,,>95%,54,1,,,,,,>95%,45,1,Provisional name/county match,True,402 Laurel Street,,Greensboro,NC,27411,False,370192003242,name + county,STEM Early College @ NC A&T SU,402 Laurel Street,Greensboro,27411,36.0778,-79.7729,NCES 2024-25,True
3.70195E+11,Halifax County Early College High,Halifax County Schools,NC,37083,Halifax County,Weldon,27890,0,0.49,49,27.0,42.0,24.0,66.0,42,99,69.0,94.0,61.0,88.0,93,27,22,29,20,33,28,23,67.0,42.0,63.0,0.0,3.0,60.0,56.0,51.0,,38.0,10.0,,90.0,42.0,24.0,82.0,73.0,89.0,95.0,17.0,75.0,0.0,6.0,0.0,1.0,1.0,1.0,halifaxcountyearlycollege|halifax,2025,420380,Halifax County Early College High School,Halifax,Weldon,27890,09:12,H,Regular School,P,,>95%,29,1,Exceeded,3.84,89.6,79.5,79.5%,39,0,79.3,79.3%,29,0,56.5,56.5%,23,0,Provisional name/county match,True,100 College Drive,P,Weldon,NC,27890,True,370195003512,name + county,Halifax County Early College High,100 College Drive,Weldon,27890,36.428164,-77.617534,NCES 2024-25,True
3.70201E+11,Harnett Central High,Harnett County Schools,NC,37085,Harnett County,Angier,27501,1,0.43,30,23.0,34.0,13.0,33.0,26,63,51.0,72.0,21.0,49.0,41,27,22,29,20,33,28,15,52.0,24.0,29.0,7.0,7.0,38.0,59.0,31.0,,22.0,4.0,,39.0,27.0,20.0,59.0,54.0,67.0,87.0,70.0,15.0,1.0,1.0,0.0,6.0,7.0,14.0,harnettcentral|harnett,2025,430346,Harnett Central High,Harnett,Angier,27501,09:12,H,Regular School,P,94.9,94.9%,410,0,NotMet,-5.03,58.2,47.2,47.2%,373,0,18.9,18.9%,302,0,41.9,41.9%,353,0,Provisional name/county match,False,2911 Harnett Central Rd,,Angier,NC,27501,False,370201000884,name + county,Harnett Central High,2911 Harnett Central Rd,Angier,27501,35.4635,-78.7796,NCES 2024-25,True
3.70201E+11,Western Harnett High,Harnett County Schools,NC,37085,Harnett County,Lillington,27546,1,0.43,34,20.0,34.0,14.0,33.0,27,81,33.0,72.0,25.0,49.0,45,27,22,29,20,33,28,15,66.0,28.0,29.0,5.0,4.0,38.0,65.0,31.0,,24.0,4.0,,39.0,27.0,14.0,54.0,44.0,65.0,86.0,67.0,18.0,1.0,1.0,0.0,4.0,9.0,15.0,westernharnett|harnett,2025,430384,Western Harnett High,Harnett,Lillington,27546,09:12,H,Regular School,P,89.1,89.1%,384,0,NotMet,-5.04,58.2,47.1,47.1%,342,0,28.3,28.3%,286,0,40.5,40.5%,264,0,Provisional name/county match,False,10637 NC Hwy 27 West,,Lillington,NC,27546,False,370201000894,name + county,Western Harnett High,10637 NC Hwy 27 West,Lillington,27546,35.336,-78.9811,NCES 2024-25,True
3.70201E+11,Star Academy,Harnett County Schools,NC,37085,Harnett County,Lillington,27546,0,0.43,34,19.0,32.0,14.0,33.0,27,81,27.0,63.0,25.0,49.0,45,27,22,29,20,33,28,15,66.0,26.0,29.0,5.0,4.0,38.0,56.0,31.0,,24.0,5.0,,39.0,27.0,16.0,52.0,47.0,62.0,84.0,65.0,17.0,1.0,2.0,0.0,5.0,10.0,15.0,staracademy|harnett,2025,430345,STAR Academy,Harnett,Lillington,27546,06:12,T,Alternative Educat,P,61.5,61.5%,13,0,NotMet,-3.29,,8.3,8.3%,12,0,,<5%,14,2,,,,,Provisional name/county match,False,900 11th Street,,Lillington,NC,27546,False,370201002117,name + county,STAR Academy,900 11th Street,Lillington,27546,35.3987,-78.8227,NCES 2024-25,True
3.70201E+11,Triton High,Harnett County Schools,NC,37085,Harnett County,Erwin,28339,1,0.43,28,24.0,31.0,44.0,33.0,32,51,56.0,58.0,96.0,49.0,68,27,22,29,20,33,28,15,41.0,27.0,29.0,6.0,6.0,38.0,46.0,31.0,33.0,27.0,5.0,100.0,39.0,27.0,21.0,62.0,56.0,71.0,88.0,66.0,20.0,1.0,1.0,0.0,6.0,6.0,12.0,triton|harnett,2025,430378,Triton High,Harnett,Erwin,28339,09:12,H,Regular School,P,87.5,87.5%,353,0,Exceeded,2.35,85.8,48.8,48.8%,324,0,27.1,27.1%,284,0,37.8,37.8%,275,0,Provisional name/county match,False,215 Maynard Lake Road,,Erwin,NC,28339,False,370201002158,name + county,Triton High,215 Maynard Lake Road,Erwin,28339,35.3385,-78.6649,NCES 2024-25,True
3.70201E+11,Overhills High,Harnett County Schools,NC,37085,Harnett County,Spring Lake,28390,1,0.43,34,20.0,35.0,44.0,33.0,33,81,33.0,76.0,96.0,49.0,71,27,22,29,20,33,28,15,64.0,27.0,29.0,6.0,4.0,38.0,66.0,31.0,,28.0,5.0,100.0,39.0,27.0,13.0,53.0,44.0,65.0,85.0,58.0,24.0,1.0,1.0,1.0,5.0,10.0,14.0,overhills|harnett,2025,430371,Overhills High,Harnett,Spring Lake,28390,09:12,H,Regular School,P,87.7,87.7%,530,0,NotMet,-9.78,50.3,48.0,48.0%,508,0,25.0,25.0%,507,0,53.8,53.8%,394,0,Provisional name/county match,False,2495 Ray Road,,Spring Lake,NC,28390,False,370201002733,name + county,Overhills High,2495 Ray Road,Spring Lake,28390,35.2455,-78.9698,NCES 2024-25,True
3.70201E+11,Harnett County Early College,Harnett County Schools,NC,37085,Harnett County,Dunn,28334,0,0.43,26,25.0,30.0,44.0,33.0,32,39,61.0,53.0,96.0,49.0,68,27,22,29,20,33,28,15,33.0,28.0,29.0,5.0,3.0,38.0,43.0,31.0,33.0,29.0,4.0,100.0,39.0,27.0,24.0,67.0,57.0,74.0,92.0,64.0,20.0,2.0,1.0,0.0,8.0,4.0,15.0,harnettcountyearlycollege|harnett,2025,430341,Harnett County Early College,Harnett,Dunn,28334,09:13,H,Regular School,P,,>95%,33,1,Exceeded,6.18,93.6,,>95%,55,1,,>95%,29,1,83.8,83.8%,37,0,Provisional name/county match,False,910 W. Harnett Street,,Dunn,NC,28334,False,370201003443,name + county,Harnett County Early College,910 W. Harnett Street,Dunn,28334,35.3159,-78.6176,NCES 2024-25,True
3.70204E+11,Pisgah High,Haywood County Schools,NC,37087,Haywood County,Canton,28716,1,0.43,27,19.0,32.0,25.0,27.0,26,45,27.0,63.0,64.0,36.0,41,27,22,29,20,33,28,13,32.0,30.0,32.0,2.0,10.0,37.0,48.0,35.0,,47.0,4.0,,20.0,33.0,14.0,57.0,55.0,65.0,85.0,90.0,1.0,0.0,0.0,0.0,1.0,7.0,5.0,pisgah|haywood,2025,440378,Pisgah High School,Haywood,Canton,28716,09:12,H,Regular School,P,93.7,93.7%,238,0,Exceeded,2.3,85.7,70.6,70.6%,204,0,72.5,72.5%,178,0,68.4,68.4%,193,0,Provisional name/county match,False,1 Black Bear Drive,,Canton,NC,28716,False,370204000908,name + county,Pisgah High,1 Black Bear Drive,Canton,28716,35.5215,-82.8416,NCES 2024-25,True
3.70204E+11,Tuscola High,Haywood County Schools,NC,37087,Haywood County,Waynesville,28786,1,0.43,26,20.0,32.0,30.0,27.0,27,39,33.0,63.0,77.0,36.0,45,27,22,29,20,33,28,13,28.0,31.0,32.0,3.0,16.0,37.0,38.0,35.0,,56.0,4.0,,20.0,33.0,18.0,58.0,58.0,67.0,84.0,84.0,1.0,8.0,0.0,0.0,1.0,5.0,5.0,tuscola|haywood,2025,440390,Tuscola High School,Haywood,Waynesville,28786,09:12,H,Regular School,P,90.4,90.4%,229,0,Exceeded,3.1,87.7,66.7,66.7%,213,0,54.1,54.1%,196,0,64.1,64.1%,206,0,Provisional name/county match,False,564 Tuscola School Rd,,Waynesville,NC,28786,False,370204000910,name + county,Tuscola High,564 Tuscola School Rd,Waynesville,28786,35.5229,-82.9513,NCES 2024-25,True
3.70204E+11,Central Haywood High,Haywood County Schools,NC,37087,Haywood County,Waynesville,28786,0,0.43,27,16.0,30.0,25.0,27.0,25,45,13.0,53.0,64.0,36.0,36,27,22,29,20,33,28,13,32.0,29.0,32.0,0.0,8.0,37.0,39.0,35.0,,46.0,5.0,,20.0,33.0,13.0,52.0,58.0,63.0,79.0,92.0,2.0,1.0,0.0,0.0,1.0,5.0,4.0,centralhaywood|haywood,2025,440326,Central Haywood High School,Haywood,Waynesville,28786,09:12,H,Alternative Educat,P,71.0,71.0%,131,0,NotMet,-3.06,,13.0,13.0%,23,0,,<5%,17,2,,,,,Provisional name/county match,False,62 Joy Lane,,Waynesville,NC,28786,False,370204001147,name + county,Central Haywood High,62 Joy Lane,Waynesville,28786,35.486001,-82.993014,NCES 2024-25,True
3.70204E+11,Haywood Early College,Haywood County Schools,NC,37087,Haywood County,Clyde,28721,1,0.43,28,20.0,33.0,29.0,27.0,27,51,33.0,67.0,75.0,36.0,45,27,22,29,20,33,28,13,36.0,32.0,32.0,3.0,13.0,37.0,46.0,35.0,,54.0,4.0,,20.0,33.0,17.0,59.0,58.0,67.0,85.0,86.0,1.0,6.0,0.0,0.0,1.0,6.0,5.0,haywoodearlycollege|haywood,2025,440346,Haywood Early College,Haywood,Clyde,28721,09:13,H,Regular School,P,,>95%,44,1,Exceeded,2.23,85.5,,>95%,30,1,,>95%,18,1,,>95%,47,1,Provisional name/county match,False,185 Freedlander Drive,,Clyde,NC,28721,False,370204002873,name + county,Haywood Early College,185 Freedlander Drive,Clyde,28721,35.5264,-82.9278,NCES 2024-25,True
3.7021E+11,North Henderson High,Henderson County Schools,NC,37089,Henderson County,Hendersonville,28792,1,0.45,26,27.0,29.0,43.0,18.0,28,39,69.0,47.0,95.0,19.0,50,27,22,29,20,33,28,11,42.0,24.0,26.0,18.0,7.0,27.0,45.0,26.0,38.0,47.0,5.0,77.0,11.0,25.0,17.0,54.0,63.0,59.0,83.0,81.0,4.0,1.0,1.0,0.0,5.0,8.0,15.0,northhenderson|henderson,2025,450341,North Henderson High,Henderson,Hendersonville,28792,09:12,H,Regular School,P,,>95%,247,1,Exceeded,9.38,98.9,68.2,68.2%,220,0,52.4,52.4%,225,0,53.8,53.8%,277,0,Provisional name/county match,False,35 Fruitland Road,,Hendersonville,NC,28792,False,370210000804,name + county,North Henderson High,35 Fruitland Road,Hendersonville,28792,35.361,-82.4223,NCES 2024-25,True
3.7021E+11,East Henderson High,Henderson County Schools,NC,37089,Henderson County,East Flat Rock,28726,1,0.45,26,23.0,27.0,21.0,18.0,23,39,51.0,37.0,51.0,19.0,26,27,22,29,20,33,28,11,48.0,20.0,26.0,13.0,10.0,27.0,47.0,26.0,,38.0,4.0,,11.0,25.0,15.0,52.0,67.0,56.0,81.0,85.0,4.0,0.0,1.0,0.0,4.0,6.0,12.0,easthenderson|henderson,2025,450316,East Henderson High,Henderson,East Flat Rock,28726,09:12,H,Regular School,P,90.6,90.6%,244,0,Exceeded,3.45,88.6,58.1,58.1%,267,0,52.5,52.5%,198,0,39.7,39.7%,219,0,Provisional name/county match,False,150 Eagle Pride Drive,,East Flat Rock,NC,28726,False,370210000915,name + county,East Henderson High,150 Eagle Pride Drive,East Flat Rock,28726,35.297416,-82.423482,NCES 2024-25,True
3.7021E+11,West Henderson High,Henderson County Schools,NC,37089,Henderson County,Hendersonville,28791,1,0.45,20,20.0,28.0,40.0,18.0,25,10,33.0,42.0,93.0,19.0,36,27,22,29,20,33,28,11,25.0,19.0,26.0,12.0,10.0,27.0,38.0,26.0,40.0,41.0,5.0,73.0,11.0,25.0,11.0,46.0,62.0,51.0,79.0,85.0,4.0,0.0,1.0,0.0,2.0,8.0,9.0,westhenderson|henderson,2025,450352,West Henderson High,Henderson,Hendersonville,28791,09:12,H,Regular School,P,,>95%,280,1,NotMet,-3.52,62.4,69.0,69.0%,252,0,49.7,49.7%,191,0,69.6,69.6%,240,0,Provisional name/county match,False,3600 Haywood Road,,Hendersonville,NC,28791,False,370210000926,name + county,West Henderson High,3600 Haywood Road,Hendersonville,28791,35.3662,-82.5152,NCES 2024-25,True
3.7021E+11,Hendersonville High,Henderson County Schools,NC,37089,Henderson County,Hendersonville,28791,1,0.45,22,18.0,25.0,15.0,18.0,20,18,22.0,26.0,29.0,19.0,13,27,22,29,20,33,28,11,35.0,17.0,26.0,8.0,8.0,27.0,38.0,26.0,,25.0,5.0,,11.0,25.0,12.0,45.0,66.0,48.0,77.0,84.0,4.0,0.0,1.0,0.0,4.0,6.0,11.0,hendersonville|henderson,2025,450334,Hendersonville High,Henderson,Hendersonville,28791,09:12,H,Regular School,P,95.0,95.0%,181,0,Met,0.83,82.0,74.6,74.6%,201,0,33.3,33.3%,159,0,67.9,67.9%,193,0,Provisional name/county match,False,1 Bearcat Boulevard,,Hendersonville,NC,28791,False,370210000928,name + county,Hendersonville High,1 Bearcat Boulevard,Hendersonville,28791,35.321409,-82.464217,NCES 2024-25,True
3.7021E+11,Henderson County Career Academy,Henderson County Schools,NC,37089,Henderson County,Flat Rock,28731,0,0.45,30,15.0,27.0,22.0,18.0,22,63,11.0,37.0,54.0,19.0,22,27,22,29,20,33,28,11,58.0,23.0,26.0,0.0,4.0,27.0,53.0,26.0,,40.0,4.0,,11.0,25.0,11.0,47.0,55.0,55.0,80.0,91.0,2.0,1.0,0.0,0.0,3.0,3.0,6.0,hendersoncountycareeracademy|henderson,2025,450343,Henderson County Career Academy,Henderson,Flat Rock,28731,06:12,T,Alternative Educat,P,85.5,85.5%,76,0,NotMet,-2.51,67.4,50.0,50.0%,28,0,18.2,18.2%,22,0,32.3,32.3%,31,0,Provisional name/county match,False,300 East Campus Drive,,Flat Rock,NC,28731,False,370210001568,name + county,Henderson County Career Academy,300 East Campus Drive,Flat Rock,28731,35.306667,-82.419935,NCES 2024-25,True
3.7021E+11,Henderson County Early College,Henderson County Schools,NC,37089,Henderson County,Flat Rock,28731,1,0.45,23,22.0,27.0,41.0,18.0,26,23,45.0,37.0,94.0,19.0,41,27,22,29,20,33,28,11,35.0,21.0,26.0,12.0,9.0,27.0,42.0,26.0,34.0,43.0,5.0,76.0,11.0,25.0,14.0,49.0,63.0,55.0,80.0,85.0,3.0,0.0,1.0,0.0,3.0,7.0,11.0,hendersoncountyearlycollege|henderson,2025,450354,Henderson County Early College,Henderson,Flat Rock,28731,09:13,H,Regular School,P,,>95%,43,1,Exceeded,3.88,89.7,,>95%,44,1,,>95%,23,1,,>95%,43,1,Provisional name/county match,False,300 East Campus Drive,,Flat Rock,NC,28731,False,370210003139,name + county,Henderson County Early College,300 East Campus Drive,Flat Rock,28731,35.306667,-82.419935,NCES 2024-25,True
3.70216E+11,Hertford County High,Hertford County Schools,NC,37091,Hertford County,Ahoskie,27910,0,0.48,33,26.0,44.0,24.0,61.0,38,77,66.0,96.0,61.0,84.0,85,27,22,29,20,33,28,18,19.0,39.0,57.0,5.0,11.0,87.0,37.0,43.0,,42.0,6.0,,85.0,37.0,27.0,67.0,58.0,75.0,90.0,41.0,55.0,1.0,0.0,0.0,2.0,2.0,3.0,hertfordcounty|hertford,2025,460320,Hertford County High School,Hertford,Ahoskie,27910,09:12,H,Regular School,P,82.3,82.3%,147,0,NotMet,-4.17,59.7,27.6,27.6%,105,0,16.9,16.9%,77,0,12.4,12.4%,97,0,Provisional name/county match,True,1500 W First St,,Ahoskie,NC,27910,False,370216002208,name + county,Hertford County High,1500 W First St,Ahoskie,27910,36.2966,-76.9982,NCES 2024-25,True
3.70216E+11,Hertford Co Early College,Hertford County Schools,NC,37091,Hertford County,Ahoskie,27910,0,0.48,33,26.0,44.0,24.0,61.0,38,77,66.0,96.0,61.0,84.0,85,27,22,29,20,33,28,18,19.0,39.0,57.0,5.0,11.0,87.0,37.0,43.0,,42.0,6.0,,85.0,37.0,27.0,67.0,58.0,75.0,90.0,41.0,55.0,1.0,0.0,0.0,2.0,2.0,3.0,hertfordcountyearlycollege|hertford,2025,460322,Hertford County Early College High School,Hertford,Ahoskie,27910,09:13,H,Regular School,P,,>95%,35,1,Met,1.91,84.7,85.2,85.2%,54,0,48.0,48.0%,50,0,80.9,80.9%,47,0,Provisional name/county match,True,109 Community College Rd,,Ahoskie,NC,27910,True,370216003106,name + county,Hertford Co Early College,109 Community College Rd,Ahoskie,27910,36.3248,-77.0236,NCES 2024-25,True
3.70216E+11,Cs Brown High - Stem Program,Hertford County Schools,NC,37091,Hertford County,Winton,27986,0,0.48,37,,65.0,,61.0,54,89,,100.0,,84.0,100,27,22,29,20,33,28,18,,,57.0,,,87.0,,43.0,,,,,85.0,37.0,,,,,,,,,,,,,,csbrownhighstemprogram|hertford,2025,460340,CS Brown High School - STEM Program,Hertford,Winton,27986,09:12,H,Regular School,P,,>95%,67,1,Exceeded,6.25,93.7,60.6,60.6%,33,0,68.8,68.8%,32,0,63.2,63.2%,19,0,Provisional name/county match,True,102 CSB Dr,,Winton,NC,27986,True,370216003107,name + county,CS Brown High - STEM Program,102 CSB Dr,Winton,27986,36.385551,-76.938949,NCES 2024-25,True
3.70219E+11,Hickory High,Hickory City Schools,NC,37035,Catawba County,Hickory,28601,1,0.46,31,21.0,27.0,14.0,33.0,25,69,39.0,37.0,25.0,49.0,36,27,22,29,20,33,28,13,56.0,20.0,35.0,5.0,5.0,30.0,45.0,29.0,,25.0,4.0,,30.0,36.0,19.0,56.0,54.0,62.0,86.0,75.0,9.0,1.0,4.0,0.0,3.0,7.0,10.0,hickory|catawba,2025,181322,Hickory High School,Catawba,Hickory,28601,09:12,H,Regular School,P,89.5,89.5%,276,0,NotMet,-2.02,69.9,49.4,49.4%,249,0,25.9,25.9%,205,0,56.3,56.3%,208,0,Provisional name/county match,False,1234 3rd Street NE,,Hickory,NC,28601,False,370219000943,name + county,Hickory High,1234 3rd Street NE,Hickory,28601,35.7496,-81.3321,NCES 2024-25,True
3.70225E+11,Hoke County High,Hoke County Schools,NC,37093,Hoke County,Raeford,28376,1,0.49,29,21.0,31.0,41.0,57.0,36,58,39.0,58.0,94.0,81.0,80,27,22,29,20,33,28,18,52.0,16.0,32.0,6.0,8.0,45.0,54.0,35.0,13.0,20.0,5.0,99.0,68.0,45.0,15.0,57.0,46.0,68.0,87.0,44.0,33.0,5.0,2.0,0.0,7.0,9.0,14.0,hokecounty|hoke,2025,470312,Hoke County High,Hoke,Raeford,28376,09:12,H,Regular School,P,78.4,78.4%,578,0,Exceeded,2.42,86.0,44.3,44.3%,549,0,16.3,16.3%,135,0,38.1,38.1%,443,0,Provisional name/county match,True,505 S Bethel Road,,Raeford,NC,28376,False,370225000968,name + county,Hoke County High,505 S Bethel Road,Raeford,28376,34.9727,-79.234,NCES 2024-25,True
3.70225E+11,Sandhoke Early College High,Hoke County Schools,NC,37093,Hoke County,Raeford,28376,1,0.49,29,21.0,31.0,41.0,57.0,36,58,39.0,58.0,94.0,81.0,80,27,22,29,20,33,28,18,52.0,16.0,32.0,6.0,8.0,45.0,54.0,35.0,13.0,20.0,5.0,99.0,68.0,45.0,15.0,57.0,46.0,68.0,87.0,44.0,33.0,5.0,2.0,0.0,7.0,9.0,14.0,sandhokeearlycollege|hoke,2025,470443,SandHoke Early College High School,Hoke,Raeford,28376,09:13,H,Regular School,P,,>95%,115,1,Exceeded,11.01,100.0,91.8,91.8%,98,0,,,,,91.1,91.1%,90,0,Provisional name/county match,True,1110 East Central Avenue,,Raeford,NC,28376,False,370225002897,name + county,SandHoke Early College High,1110 East Central Avenue,Raeford,28376,34.977056,-79.205506,NCES 2024-25,True
3.70228E+11,Hyde Academy,Hyde County Schools,NC,37095,Hyde County,Swan Quarter,27885,0,0.39,21,,20.0,,37.0,26,14,,7.0,,57.0,41,27,22,29,20,33,28,25,,,18.0,,,,,20.0,,,,,,37.0,,,,,,,,,,,,,,hydeacademy|hyde,2025,480318,Hyde Academy,Hyde,Swan Quarter,27885,09:13,H,Regular School,P,,,,,Met,-0.02,,78.3,78.3%,23,0,,,,,40.0,40.0%,20,0,Provisional name/county match,False,1430 Main Street,,Swan Quarter,NC,27885,False,370228003025,name + county,Hyde Academy,20392 Hwy US 264,Swan Quarter,27885,35.4414,-76.2182,NCES 2024-25,False
3.70231E+11,North Iredell High,Iredell-Statesville Schools,NC,37097,Iredell County,Olin,28660,1,0.46,28,27.0,37.0,16.0,27.0,27,51,69.0,83.0,32.0,36.0,45,27,22,29,20,33,28,12,50.0,21.0,28.0,9.0,15.0,43.0,60.0,30.0,,28.0,3.0,,18.0,36.0,21.0,70.0,59.0,76.0,93.0,81.0,7.0,0.0,2.0,0.0,4.0,4.0,9.0,northiredell|iredell,2025,490346,North Iredell High School,Iredell,Olin,28660,09:12,H,Regular School,P,92.2,92.2%,244,0,Exceeded,5.59,92.6,67.9,67.9%,246,0,36.1,36.1%,216,0,41.1,41.1%,241,0,Provisional name/county match,False,156 Raider Road,,Olin,NC,28660,False,370231000990,name + county,North Iredell High,156 Raider Road,Olin,28660,35.93,-80.8687,NCES 2024-25,True
3.70231E+11,South Iredell High,Iredell-Statesville Schools,NC,37097,Iredell County,Statesville,28677,1,0.46,20,20.0,30.0,41.0,27.0,28,10,33.0,53.0,94.0,36.0,50,27,22,29,20,33,28,12,31.0,11.0,28.0,6.0,5.0,43.0,67.0,30.0,7.0,24.0,4.0,94.0,18.0,36.0,14.0,54.0,56.0,57.0,87.0,73.0,13.0,0.0,2.0,0.0,5.0,7.0,9.0,southiredell|iredell,2025,490362,South Iredell High School,Iredell,Statesville,28677,09:12,H,Regular School,P,91.5,91.5%,480,0,Met,-1.61,71.9,61.6,61.6%,432,0,41.6,41.6%,358,0,57.6,57.6%,427,0,Provisional name/county match,False,299 Old Mountain Rd,,Statesville,NC,28677,False,370231000994,name + county,South Iredell High,299 Old Mountain Rd,Statesville,28677,35.7173,-80.91,NCES 2024-25,True
3.70231E+11,West Iredell High,Iredell-Statesville Schools,NC,37097,Iredell County,Statesville,28625,1,0.46,26,24.0,35.0,16.0,27.0,26,39,56.0,76.0,32.0,36.0,41,27,22,29,20,33,28,12,48.0,18.0,28.0,6.0,9.0,43.0,60.0,30.0,,29.0,3.0,,18.0,36.0,20.0,65.0,57.0,71.0,91.0,79.0,10.0,0.0,2.0,0.0,4.0,5.0,8.0,westiredell|iredell,2025,490380,West Iredell High School,Iredell,Statesville,28625,09:12,H,Regular School,P,84.7,84.7%,196,0,NotMet,-6.48,55.8,48.9,48.9%,186,0,16.3,16.3%,166,0,27.1,27.1%,166,0,Provisional name/county match,False,213 Warrior Dr,,Statesville,NC,28625,False,370231000999,name + county,West Iredell High,213 Warrior Dr,Statesville,28625,35.7931,-80.9915,NCES 2024-25,True
3.70231E+11,Statesville High,Iredell-Statesville Schools,NC,37097,Iredell County,Statesville,28677,1,0.46,25,27.0,33.0,14.0,27.0,25,33,69.0,67.0,25.0,36.0,36,27,22,29,20,33,28,12,44.0,15.0,28.0,12.0,9.0,43.0,51.0,30.0,,24.0,5.0,,18.0,36.0,21.0,61.0,54.0,69.0,89.0,64.0,20.0,0.0,2.0,0.0,8.0,6.0,15.0,statesville|iredell,2025,490354,Statesville High School,Iredell,Statesville,28677,09:12,H,Regular School,P,84.7,84.7%,249,0,Met,-0.28,78.6,32.8,32.8%,247,0,23.1,23.1%,247,0,19.6,19.6%,219,0,Provisional name/county match,False,474 N Center St,,Statesville,NC,28677,False,370231002303,name + county,Statesville High,474 N Center St,Statesville,28677,35.7927,-80.892,NCES 2024-25,True
3.70231E+11,Lake Norman High,Iredell-Statesville Schools,NC,37097,Iredell County,Mooresville,28117,1,0.46,19,13.0,29.0,41.0,27.0,26,7,6.0,47.0,94.0,36.0,41,27,22,29,20,33,28,12,28.0,8.0,28.0,4.0,3.0,43.0,59.0,30.0,8.0,25.0,5.0,93.0,18.0,36.0,8.0,37.0,62.0,37.0,76.0,82.0,7.0,0.0,3.0,0.0,2.0,6.0,6.0,lakenorman|iredell,2025,490335,Lake Norman High School,Iredell,Mooresville,28117,09:12,H,Regular School,P,,>95%,509,1,Met,-1.89,70.5,72.2,72.2%,457,0,45.8,45.8%,325,0,73.6,73.6%,462,0,Provisional name/county match,False,186 Doolie Road,,Mooresville,NC,28117,False,370231002633,name + county,Lake Norman High,186 Doolie Road,Mooresville,28117,35.5976,-80.9023,NCES 2024-25,True
3.70231E+11,Career Academy And Technical School,Iredell-Statesville Schools,NC,37097,Iredell County,Troutman,28166,0,0.46,18,16.0,30.0,41.0,27.0,26,5,13.0,53.0,94.0,36.0,41,27,22,29,20,33,28,12,21.0,9.0,28.0,2.0,3.0,43.0,70.0,30.0,5.0,24.0,4.0,95.0,18.0,36.0,10.0,49.0,53.0,53.0,84.0,79.0,9.0,0.0,2.0,0.0,3.0,6.0,6.0,careeracademyandtechnical|iredell,2025,490310,Career Academy and Technical School,Iredell,Troutman,28166,06:12,T,Regular School,P,87.1,87.1%,31,0,Met,0.72,,76.9,76.9%,13,0,,,,,63.2,63.2%,19,0,Provisional name/county match,False,350 Old Murdock Rd,,Troutman,NC,28166,False,370231003206,name + county,Career Academy and Technical School,350 Old Murdock Rd,Troutman,28166,35.71419,-80.887581,NCES 2024-25,True
3.70231E+11,Agriculture And Science Early College,Iredell-Statesville Schools,NC,37097,Iredell County,Olin,28660,0,0.46,24,26.0,34.0,20.0,27.0,26,28,66.0,72.0,47.0,36.0,41,27,22,29,20,33,28,12,29.0,27.0,28.0,2.0,14.0,43.0,48.0,30.0,,37.0,2.0,,18.0,36.0,24.0,74.0,60.0,80.0,96.0,85.0,7.0,0.0,0.0,0.0,4.0,4.0,4.0,agricultureandscienceearlycollege|iredell,2025,490307,Agriculture and Science Early College,Iredell,Olin,28660,09:13,H,Regular School,P,,>95%,50,1,Met,0.55,81.3,92.0,92.0%,50,0,88.4,88.4%,43,0,78.8,78.8%,52,0,Provisional name/county match,False,158 Raider Rd,,Olin,NC,28660,False,370231003432,name + county,Agriculture and Science Early College,158 Raider Rd,Olin,28660,35.930408,-80.867739,NCES 2024-25,True
3.70234E+11,Smoky Mountain High School,Jackson County Public Schools,NC,37099,Jackson County,Sylva,28779,1,0.49,33,21.0,31.0,35.0,24.0,29,77,39.0,58.0,86.0,30.0,55,27,22,29,20,33,28,13,47.0,39.0,33.0,4.0,15.0,,48.0,31.0,,65.0,4.0,,22.0,25.0,16.0,59.0,60.0,68.0,84.0,79.0,2.0,9.0,1.0,0.0,2.0,6.0,6.0,smokymountain|jackson,2025,500340,Smoky Mountain High School,Jackson,Sylva,28779,09:12,H,Regular School,P,90.2,90.2%,225,0,Met,0.17,80.4,56.7,56.7%,210,0,38.6,38.6%,197,0,58.2,58.2%,196,0,Provisional name/county match,False,100 Smoky Mountain Drive,,Sylva,NC,28779,False,370234001008,name + county,Smoky Mountain High School,100 Smoky Mountain Drive,Sylva,28779,35.3536,-83.199,NCES 2024-25,True
3.70234E+11,Jackson Community School,Jackson County Public Schools,NC,37099,Jackson County,Sylva,28779,0,0.49,35,19.0,31.0,28.0,24.0,27,84,27.0,58.0,72.0,30.0,45,27,22,29,20,33,28,13,49.0,43.0,33.0,3.0,11.0,,50.0,31.0,,51.0,5.0,,22.0,25.0,14.0,57.0,61.0,68.0,81.0,85.0,3.0,2.0,1.0,0.0,2.0,7.0,7.0,jacksoncommunity|jackson,2025,500324,Jackson Community School,Jackson,Sylva,28779,05:12,T,Alternative Educat,P,55.6,55.6%,108,0,NotMet,-2.96,,7.1,7.1%,14,0,5.6,5.6%,18,0,9.1,9.1%,11,0,Provisional name/county match,False,3770 Skyland Drive,,Sylva,NC,28779,False,370234002467,name + county,Jackson Community School,3770 Skyland Drive,Sylva,28779,35.4041,-83.1638,NCES 2024-25,True
3.70234E+11,Blue Ridge Early College,Jackson County Public Schools,NC,37099,Jackson County,Cashiers,28717,1,0.49,29,20.0,27.0,51.0,24.0,30,58,33.0,37.0,99.0,30.0,59,27,22,29,20,33,28,13,33.0,38.0,33.0,6.0,11.0,,41.0,31.0,,95.0,6.0,,22.0,25.0,14.0,54.0,69.0,59.0,80.0,87.0,3.0,1.0,0.0,0.0,3.0,6.0,8.0,blueridgeearlycollege|jackson,2025,500302,Blue Ridge Early College,Jackson,Cashiers,28717,07:13,T,Regular School,P,86.4,86.4%,22,0,NotMet,-5.93,56.7,55.0,55.0%,20,0,20.0,20.0%,15,0,46.7,46.7%,15,0,Provisional name/county match,False,95 Bobcat Dr,,Cashiers,NC,28717,False,370234003104,name + county,Blue Ridge Early College,95 Bobcat Dr,Cashiers,28717,35.1287,-83.1203,NCES 2024-25,True
3.70234E+11,Jackson Co Early College,Jackson County Public Schools,NC,37099,Jackson County,Sylva,28779,1,0.49,31,20.0,29.0,39.0,24.0,29,69,33.0,47.0,92.0,30.0,55,27,22,29,20,33,28,13,43.0,36.0,33.0,4.0,15.0,,43.0,31.0,,73.0,4.0,,22.0,25.0,15.0,56.0,60.0,65.0,82.0,82.0,2.0,8.0,1.0,0.0,2.0,6.0,6.0,jacksoncountyearlycollege|jackson,2025,500323,Jackson County Early College,Jackson,Sylva,28779,09:13,H,Regular School,P,,>95%,21,1,Exceeded,2.18,85.4,,>95%,29,1,64.3,64.3%,14,0,,>95%,31,1,Provisional name/county match,False,404 College Drive,,Sylva,NC,28779,False,370234003111,name + county,Jackson Co Early College,404 College Drive,Sylva,28779,35.3487,-83.207,NCES 2024-25,True
3.70237E+11,Clayton High,Johnston County Public Schools,NC,37101,Johnston County,Clayton,27520,1,0.42,26,18.0,28.0,35.0,21.0,26,39,22.0,42.0,86.0,25.0,41,27,22,29,20,33,28,11,52.0,16.0,25.0,7.0,9.0,30.0,62.0,29.0,11.0,12.0,5.0,87.0,22.0,20.0,10.0,47.0,52.0,52.0,83.0,62.0,22.0,0.0,1.0,0.0,7.0,8.0,15.0,clayton|johnston,2025,510324,Clayton High,Johnston,Clayton,27520,09:12,H,Regular School,P,94.7,94.7%,514,0,Exceeded,3.36,88.4,65.7,65.7%,472,0,40.0,40.0%,315,0,49.2,49.2%,465,0,Provisional name/county match,False,600 S Fayetteville St,,Clayton,NC,27520,False,370237001012,name + county,Clayton High,600 S Fayetteville St,Clayton,27520,35.6499,-78.4653,NCES 2024-25,True
3.70237E+11,North Johnston High,Johnston County Public Schools,NC,37101,Johnston County,Kenly,27542,1,0.42,29,27.0,30.0,14.0,21.0,24,58,69.0,53.0,25.0,25.0,31,27,22,29,20,33,28,11,46.0,34.0,25.0,10.0,10.0,30.0,49.0,29.0,,23.0,6.0,,22.0,20.0,24.0,66.0,51.0,73.0,93.0,66.0,17.0,1.0,1.0,0.0,8.0,7.0,18.0,northjohnston|johnston,2025,510368,North Johnston High,Johnston,Kenly,27542,09:12,H,Regular School,P,91.8,91.8%,194,0,Met,-1.75,71.2,58.5,58.5%,224,0,45.2,45.2%,146,0,46.4,46.4%,166,0,Provisional name/county match,False,5915 US Hwy 301 N,,Kenly,NC,27542,False,370237001021,name + county,North Johnston High,5915 US Hwy 301 N,Kenly,27542,35.571,-78.1844,NCES 2024-25,True
3.70237E+11,Smithfield-Selma High,Johnston County Public Schools,NC,37101,Johnston County,Smithfield,27577,1,0.42,31,25.0,32.0,12.0,21.0,24,69,61.0,63.0,17.0,25.0,31,27,22,29,20,33,28,11,62.0,25.0,25.0,10.0,11.0,30.0,55.0,29.0,,19.0,5.0,,22.0,20.0,21.0,57.0,52.0,61.0,89.0,62.0,19.0,1.0,1.0,0.0,11.0,7.0,19.0,smithfieldselma|johnston,2025,510399,Smithfield-Selma High,Johnston,Smithfield,27577,09:12,H,Regular School,P,88.3,88.3%,411,0,NotMet,-6.02,56.6,45.5,45.5%,422,0,19.7,19.7%,289,0,38.3,38.3%,311,0,Provisional name/county match,False,700 M. Durwood Stephenson Park,,Smithfield,NC,27577,False,370237001028,name + county,Smithfield-Selma High,700 M. Durwood Stephenson Park,Smithfield,27577,35.529888,-78.323913,NCES 2024-25,True
3.70237E+11,South Johnston High,Johnston County Public Schools,NC,37101,Johnston County,Four Oaks,27524,1,0.42,30,27.0,29.0,16.0,21.0,25,63,69.0,47.0,32.0,25.0,36,27,22,29,20,33,28,11,53.0,31.0,25.0,9.0,8.0,30.0,51.0,29.0,,29.0,4.0,,22.0,20.0,25.0,67.0,52.0,74.0,93.0,68.0,16.0,1.0,0.0,0.0,8.0,6.0,16.0,southjohnston|johnston,2025,510402,South Johnston High,Johnston,Four Oaks,27524,09:12,H,Regular School,P,94.2,94.2%,378,0,Met,-0.89,75.5,53.0,53.0%,345,0,36.4,36.4%,264,0,44.9,44.9%,272,0,Provisional name/county match,False,10381 US Hwy 301 S,,Four Oaks,NC,27524,False,370237001029,name + county,South Johnston High,10381 US Hwy 301 S,Four Oaks,27524,35.4097,-78.501,NCES 2024-25,True
3.70237E+11,West Johnston High,Johnston County Public Schools,NC,37101,Johnston County,Benson,27504,1,0.42,25,22.0,31.0,7.0,21.0,21,33,45.0,58.0,2.0,25.0,18,27,22,29,20,33,28,11,50.0,15.0,25.0,9.0,9.0,30.0,57.0,29.0,,10.0,3.0,,22.0,20.0,18.0,54.0,55.0,57.0,87.0,70.0,12.0,1.0,1.0,0.0,8.0,8.0,17.0,westjohnston|johnston,2025,510406,West Johnston High,Johnston,Benson,27504,09:12,H,Regular School,P,,>95%,399,1,NotMet,-4.33,59.4,64.5,64.5%,454,0,27.3,27.3%,300,0,55.0,55.0%,318,0,Provisional name/county match,False,5935 Raleigh Road,,Benson,NC,27504,False,370237002635,name + county,West Johnston High,5935 Raleigh Road,Benson,27504,35.523,-78.5372,NCES 2024-25,True
3.70237E+11,Johnston Co Early College Academy,Johnston County Public Schools,NC,37101,Johnston County,Smithfield,27577,1,0.42,28,23.0,27.0,37.0,21.0,27,51,51.0,37.0,89.0,25.0,45,27,22,29,20,33,28,11,54.0,22.0,25.0,9.0,9.0,30.0,54.0,29.0,11.0,18.0,5.0,87.0,22.0,20.0,18.0,56.0,53.0,61.0,88.0,65.0,18.0,1.0,1.0,0.0,8.0,8.0,17.0,johnstoncountyearlycollegeacademy|johnston,2025,510367,Johnston County Early College Academy,Johnston,Smithfield,27577,09:13,H,Regular School,P,,>95%,55,1,Met,0.27,80.6,,>95%,64,1,,,,,,>95%,51,1,Provisional name/county match,False,245 College Rd,,Smithfield,NC,27577,False,370237003116,name + county,Johnston Co Early College Academy,245 College Rd,Smithfield,27577,35.5011,-78.3331,NCES 2024-25,True
3.70237E+11,Cleveland High,Johnston County Public Schools,NC,37101,Johnston County,Clayton,27520,1,0.42,23,19.0,29.0,6.0,21.0,20,23,27.0,47.0,0.0,25.0,13,27,22,29,20,33,28,11,42.0,15.0,25.0,6.0,8.0,30.0,48.0,29.0,,8.0,4.0,,22.0,20.0,12.0,52.0,55.0,54.0,86.0,66.0,17.0,0.0,1.0,0.0,8.0,8.0,17.0,cleveland|johnston,2025,510327,Cleveland High School,Johnston,Clayton,27520,09:12,H,Regular School,P,,>95%,461,1,Met,1.33,83.3,62.1,62.1%,499,0,47.3,47.3%,330,0,58.7,58.7%,455,0,Provisional name/county match,False,1892 Polenta Rd,,Clayton,NC,27520,False,370237003215,name + county,Cleveland High,1892 Polenta Rd,Clayton,27520,35.5533,-78.4995,NCES 2024-25,True
3.70237E+11,Corinth Holders High,Johnston County Public Schools,NC,37101,Johnston County,Wendell,27591,1,0.42,29,20.0,34.0,10.0,21.0,23,58,33.0,72.0,10.0,25.0,26,27,22,29,20,33,28,11,68.0,15.0,25.0,9.0,11.0,30.0,63.0,29.0,,15.0,4.0,,22.0,20.0,15.0,48.0,50.0,52.0,85.0,64.0,16.0,1.0,1.0,0.0,9.0,9.0,16.0,corinthholders|johnston,2025,510333,Corinth Holders High School,Johnston,Wendell,27591,09:12,H,Regular School,P,93.5,93.5%,568,0,Met,1.2,83.0,63.2,63.2%,530,0,37.1,37.1%,329,0,60.5,60.5%,512,0,Provisional name/county match,False,6875 Applewhite Rd,,Wendell,NC,27591,False,370237003225,name + county,Corinth Holders High,6875 Applewhite Rd,Wendell,27591,35.7256,-78.3391,NCES 2024-25,True
3.70237E+11,Choice Plus Academy,Johnston County Public Schools,NC,37101,Johnston County,Smithfield,27577,0,0.42,31,30.0,26.0,20.0,21.0,26,69,77.0,31.0,47.0,25.0,41,27,22,29,20,33,28,11,53.0,37.0,25.0,11.0,8.0,30.0,37.0,29.0,,31.0,9.0,,22.0,20.0,33.0,64.0,64.0,68.0,89.0,63.0,20.0,1.0,1.0,0.0,11.0,5.0,20.0,choiceplusacademy|johnston,2025,510323,Choice Plus Academy,Johnston,Smithfield,27577,0K:12,A,Alternative Educat,P,47.7,47.7%,65,0,NotMet,-5.67,57.2,13.2,13.2%,38,0,,<5%,38,2,16.0,16.0%,25,0,Provisional name/county match,False,211 East Rose Street,,Smithfield,NC,27577,False,370237003545,name + county,Choice Plus Academy,211 East Rose Street,Smithfield,27577,35.505088,-78.350452,NCES 2024-25,True
3.7024E+11,Jones Senior High School,Jones County Schools,NC,37103,Jones County,Trenton,28585,0,0.43,30,22.0,18.0,22.0,30.0,24,63,45.0,4.0,54.0,43.0,31,27,22,29,20,33,28,13,23.0,37.0,48.0,0.0,6.0,,25.0,22.0,,38.0,5.0,,,30.0,20.0,70.0,67.0,71.0,94.0,69.0,21.0,1.0,1.0,0.0,0.0,8.0,6.0,jonessenior|jones,2025,520344,Jones Senior High School,Jones,Trenton,28585,06:12,T,Regular School,P,86.4,86.4%,81,0,Met,-0.33,78.3,57.4,57.4%,94,0,28.4,28.4%,67,0,35.7,35.7%,42,0,Provisional name/county match,False,1378 Hwy 58 South,,Trenton,NC,28585,False,370240003496,name + county,Jones Senior High School,1378 Hwy 58 South,Trenton,28585,35.034281,-77.337889,NCES 2024-25,True
3.70243E+11,A L Brown High,Kannapolis City Schools,NC,37025,Cabarrus County,Kannapolis,28083,1,0.44,25,26.0,32.0,41.0,22.0,29,33,66.0,63.0,94.0,27.0,55,27,22,29,20,33,28,12,43.0,18.0,26.0,10.0,9.0,27.0,43.0,30.0,50.0,28.0,5.0,89.0,18.0,26.0,21.0,64.0,62.0,70.0,88.0,63.0,21.0,0.0,1.0,0.0,7.0,7.0,13.0,albrown|cabarrus,2025,132304,A. L. Brown High School,Cabarrus,Kannapolis,28083,09:12,H,Regular School,P,89.3,89.3%,497,0,NotMet,-8.56,52.4,38.0,38.0%,468,0,9.1,9.1%,374,0,34.1,34.1%,375,0,Provisional name/county match,False,415 Martin Luther King Jr Ave,,Kannapolis,NC,28083,False,370243001039,name + county,A L Brown High,415 Martin Luther King Jr Ave,Kannapolis,28083,35.496282,-80.618839,NCES 2024-25,True
3.70256E+11,Lee County High,Lee County Schools,NC,37105,Lee County,Sanford,27330,1,0.43,35,29.0,36.0,14.0,46.0,32,84,75.0,80.0,25.0,70.0,68,27,22,29,20,33,28,13,50.0,40.0,37.0,15.0,8.0,41.0,58.0,38.0,,23.0,5.0,,54.0,37.0,25.0,60.0,51.0,67.0,89.0,67.0,18.0,0.0,1.0,0.0,5.0,9.0,20.0,leecounty|lee,2025,530336,Lee County High School,Lee,Sanford,27330,09:12,H,Regular School,P,87.7,87.7%,391,0,NotMet,-8.26,52.9,36.1,36.1%,338,0,13.2,13.2%,340,0,39.9,39.9%,343,0,Provisional name/county match,False,1708 Nash Street,,Sanford,NC,27330,False,370256001080,name + county,Lee County High,1708 Nash Street,Sanford,27330,35.4679,-79.1482,NCES 2024-25,True
3.70256E+11,Bragg Street Academy,Lee County Schools,NC,37105,Lee County,Sanford,27330,0,0.43,36,30.0,35.0,15.0,46.0,32,87,77.0,76.0,29.0,70.0,68,27,22,29,20,33,28,13,51.0,41.0,37.0,17.0,8.0,41.0,53.0,38.0,,25.0,5.0,,54.0,37.0,24.0,62.0,50.0,70.0,90.0,65.0,18.0,0.0,1.0,0.0,5.0,10.0,20.0,braggstreetacademy|lee,2025,530306,Bragg Street Academy,Lee,Sanford,27330,06:12,T,Alternative Educat,P,58.5,58.5%,53,0,NotMet,-2.23,,9.1,9.1%,11,0,,<5%,18,2,,,,,Provisional name/county match,False,504 Bragg Street,,Sanford,NC,27330,False,370256001584,name + county,Bragg Street Academy,504 Bragg Street,Sanford,27330,35.4805,-79.1602,NCES 2024-25,True
3.70256E+11,Southern Lee High School,Lee County Schools,NC,37105,Lee County,Sanford,27332,1,0.43,32,28.0,33.0,13.0,46.0,31,73,72.0,67.0,21.0,70.0,63,27,22,29,20,33,28,13,41.0,38.0,37.0,14.0,5.0,41.0,49.0,38.0,,22.0,5.0,,54.0,37.0,22.0,61.0,49.0,72.0,89.0,69.0,17.0,0.0,2.0,0.0,3.0,9.0,16.0,southernlee|lee,2025,530343,Southern Lee High School,Lee,Sanford,27332,09:12,H,Regular School,P,83.7,83.7%,319,0,NotMet,-8.9,51.8,41.6,41.6%,308,0,21.1,21.1%,299,0,37.0,37.0%,262,0,Provisional name/county match,False,2301 Tramway Road,,Sanford,NC,27332,False,370256002781,name + county,Southern Lee High School,2301 Tramway Road,Sanford,27332,35.4349,-79.1855,NCES 2024-25,True
3.70256E+11,Lee Early College,Lee County Schools,NC,37105,Lee County,Sanford,27330,1,0.43,35,27.0,35.0,14.0,46.0,31,84,69.0,76.0,25.0,70.0,63,27,22,29,20,33,28,13,49.0,40.0,37.0,13.0,7.0,41.0,53.0,38.0,,23.0,5.0,,54.0,37.0,22.0,60.0,49.0,69.0,89.0,69.0,17.0,0.0,1.0,0.0,4.0,9.0,18.0,leeearlycollege|lee,2025,530335,Lee Early College,Lee,Sanford,27330,09:13,H,Regular School,P,,>95%,59,1,Met,-0.57,77.1,88.2,88.2%,68,0,,>95%,22,1,91.1,91.1%,56,0,Provisional name/county match,False,1105 Kelly Drive,,Sanford,NC,27330,False,370256002868,name + county,Lee Early College,1105 Kelly Drive,Sanford,27330,35.4712,-79.1439,NCES 2024-25,True
3.70261E+11,Kinston High,Lenoir County Public Schools,NC,37107,Lenoir County,Kinston,28501,1,0.47,39,28.0,39.0,23.0,80.0,42,93,72.0,88.0,58.0,94.0,93,27,22,29,20,33,28,15,51.0,38.0,52.0,6.0,9.0,55.0,46.0,45.0,,38.0,8.0,,82.0,78.0,29.0,71.0,55.0,82.0,92.0,41.0,50.0,0.0,1.0,0.0,3.0,5.0,6.0,kinston|lenoir,2025,540315,Kinston High,Lenoir,Kinston,28501,09:12,H,Regular School,P,85.4,85.4%,157,0,NotMet,-4.55,59.0,35.9,35.9%,181,0,14.0,14.0%,136,0,21.1,21.1%,161,0,Provisional name/county match,True,2601 N Queen St,,Kinston,NC,28501,False,370261000585,name + county,Kinston High,2601 N Queen St,Kinston,28501,35.2957,-77.5747,NCES 2024-25,True
3.70261E+11,North Lenoir High,Lenoir County Public Schools,NC,37107,Lenoir County,La Grange,28551,1,0.47,36,27.0,34.0,45.0,80.0,44,87,69.0,72.0,97.0,94.0,96,27,22,29,20,33,28,15,46.0,31.0,52.0,8.0,7.0,55.0,51.0,45.0,11.0,30.0,5.0,100.0,82.0,78.0,26.0,67.0,56.0,75.0,91.0,53.0,35.0,0.0,1.0,0.0,5.0,6.0,10.0,northlenoir|lenoir,2025,540324,North Lenoir High,Lenoir,La Grange,28551,09:12,H,Regular School,P,89.8,89.8%,256,0,NotMet,-4.82,58.6,46.2,46.2%,236,0,21.6,21.6%,194,0,41.4,41.4%,191,0,Provisional name/county match,True,2400 Institute Road,,La Grange,NC,28551,False,370261001091,name + county,North Lenoir High,2400 Institute Road,La Grange,28551,35.3417,-77.6793,NCES 2024-25,True
3.70261E+11,South Lenoir High,Lenoir County Public Schools,NC,37107,Lenoir County,Deep Run,28525,1,0.47,38,34.0,38.0,18.0,80.0,42,91,82.0,85.0,40.0,94.0,93,27,22,29,20,33,28,15,53.0,31.0,52.0,19.0,6.0,55.0,47.0,45.0,,30.0,5.0,,82.0,78.0,30.0,67.0,55.0,76.0,91.0,60.0,25.0,0.0,0.0,0.0,6.0,8.0,16.0,southlenoir|lenoir,2025,540336,South Lenoir High,Lenoir,Deep Run,28525,09:12,H,Regular School,P,88.3,88.3%,206,0,NotMet,-6.38,56.0,48.0,48.0%,179,0,26.0,26.0%,146,0,33.9,33.9%,168,0,Provisional name/county match,True,3355 Old Hwy 11 South,,Deep Run,NC,28525,False,370261001094,name + county,South Lenoir High,3355 Old Hwy 11 South,Deep Run,28525,35.146193,-77.704468,NCES 2024-25,True
3.70261E+11,Lenoir County Early College High,Lenoir County Public Schools,NC,37107,Lenoir County,Kinston,28502,1,0.47,36,30.0,33.0,46.0,80.0,45,87,77.0,67.0,97.0,94.0,97,27,22,29,20,33,28,15,47.0,31.0,52.0,12.0,7.0,55.0,49.0,45.0,11.0,32.0,5.0,100.0,82.0,78.0,28.0,67.0,56.0,76.0,91.0,53.0,33.0,0.0,1.0,0.0,6.0,7.0,12.0,lenoircountyearlycollege|lenoir,2025,540317,Lenoir County Early College High,Lenoir,Kinston,28502,09:13,H,Regular School,P,,>95%,47,1,Met,-1.95,70.2,93.4,93.4%,61,0,68.8,68.8%,32,0,61.7,61.7%,47,0,Provisional name/county match,True,231 Hwy 58 South,,Kinston,NC,28502,True,370261002831,name + county,Lenoir County Early College High,231 Hwy 58 South,Kinston,28502,35.235522,-77.572005,NCES 2024-25,True
3.70264E+11,Lexington Senior High School,Lexington City Schools,NC,37057,Davidson County,Lexington,27292,1,0.44,31,29.0,33.0,16.0,25.0,27,69,75.0,67.0,32.0,32.0,45,27,22,29,20,33,28,14,47.0,29.0,33.0,6.0,8.0,35.0,53.0,37.0,,27.0,6.0,,19.0,30.0,28.0,74.0,63.0,81.0,94.0,67.0,15.0,0.0,3.0,0.0,5.0,10.0,13.0,lexingtonsenior|davidson,2025,291336,Lexington Senior High School,Davidson,Lexington,27292,09:12,H,Regular School,P,88.4,88.4%,224,0,Met,-0.37,78.1,52.0,52.0%,248,0,28.7,28.7%,157,0,39.0,39.0%,205,0,Provisional name/county match,False,26 Penry Street,,Lexington,NC,27292,False,370264001102,name + county,Lexington Senior High School,26 Penry Street,Lexington,27292,35.8333,-80.2483,NCES 2024-25,True
3.70268E+11,East Lincoln High,Lincoln County Schools,NC,37109,Lincoln County,Denver,28037,0,0.46,15,13.0,26.0,11.0,22.0,17,1,6.0,31.0,13.0,27.0,5,27,22,29,20,33,28,12,16.0,10.0,22.0,0.0,5.0,31.0,38.0,29.0,,18.0,4.0,,15.0,29.0,9.0,44.0,48.0,44.0,86.0,92.0,3.0,0.0,1.0,0.0,1.0,3.0,4.0,eastlincoln|lincoln,2025,550320,East Lincoln High,Lincoln,Denver,28037,09:12,H,Regular School,P,90.3,90.3%,257,0,Met,-1.79,71.0,71.3,71.3%,324,0,58.9,58.9%,190,0,68.3,68.3%,249,0,Provisional name/county match,False,6471 Hwy 73,,Denver,NC,28037,False,370268001110,name + county,East Lincoln High,6471 Hwy 73,Denver,28037,35.4544,-81.0259,NCES 2024-25,True
3.70268E+11,Lincolnton High,Lincoln County Schools,NC,37109,Lincoln County,Lincolnton,28092,0,0.46,23,25.0,28.0,11.0,22.0,22,23,61.0,42.0,13.0,27.0,22,27,22,29,20,33,28,12,33.0,23.0,22.0,7.0,6.0,31.0,46.0,29.0,,18.0,3.0,,15.0,29.0,20.0,66.0,57.0,73.0,91.0,83.0,6.0,0.0,1.0,0.0,3.0,6.0,9.0,lincolnton|lincoln,2025,550332,Lincolnton High,Lincoln,Lincolnton,28092,09:12,H,Regular School,P,86.6,86.6%,209,0,NotMet,-3.54,62.3,56.6,56.6%,221,0,28.5,28.5%,165,0,43.5,43.5%,161,0,Provisional name/county match,False,803 N Aspen St,,Lincolnton,NC,28092,False,370268001114,name + county,Lincolnton High,803 N Aspen St,Lincolnton,28092,35.47947,-81.260091,NCES 2024-25,True
3.70268E+11,West Lincoln High,Lincoln County Schools,NC,37109,Lincoln County,Lincolnton,28092,0,0.46,23,25.0,28.0,11.0,22.0,22,23,61.0,42.0,13.0,27.0,22,27,22,29,20,33,28,12,33.0,23.0,22.0,7.0,6.0,31.0,46.0,29.0,,18.0,3.0,,15.0,29.0,20.0,66.0,57.0,73.0,91.0,83.0,6.0,0.0,1.0,0.0,3.0,6.0,9.0,westlincoln|lincoln,2025,550368,West Lincoln High,Lincoln,Lincolnton,28092,09:12,H,Regular School,P,91.1,91.1%,213,0,NotMet,-3.51,62.4,65.4,65.4%,208,0,35.2,35.2%,142,0,45.3,45.3%,148,0,Provisional name/county match,False,172 Shoal Rd,,Lincolnton,NC,28092,False,370268001124,name + county,West Lincoln High,172 Shoal Rd,Lincolnton,28092,35.4852,-81.3897,NCES 2024-25,True
3.70268E+11,Asbury Academy,Lincoln County Schools,NC,37109,Lincoln County,Lincolnton,28092,0,0.46,23,25.0,28.0,11.0,22.0,22,23,61.0,42.0,13.0,27.0,22,27,22,29,20,33,28,12,33.0,23.0,22.0,7.0,6.0,31.0,46.0,29.0,,18.0,3.0,,15.0,29.0,20.0,66.0,57.0,73.0,91.0,83.0,6.0,0.0,1.0,0.0,3.0,6.0,9.0,asburyacademy|lincoln,2025,550308,Asbury Academy,Lincoln,Lincolnton,28092,06:12,T,Alternative Educat,P,,,,,,,,,,,,,,,,,,,,Provisional name/county match,False,221 Salem Church Road,,Lincolnton,NC,28092,False,370268002392,name + county,Asbury Academy,221 Salem Church Road,Lincolnton,28092,35.478229,-81.207864,NCES 2024-25,True
3.70268E+11,North Lincoln High,Lincoln County Schools,NC,37109,Lincoln County,Lincolnton,28092,0,0.46,23,25.0,28.0,11.0,22.0,22,23,61.0,42.0,13.0,27.0,22,27,22,29,20,33,28,12,33.0,23.0,22.0,7.0,6.0,31.0,46.0,29.0,,18.0,3.0,,15.0,29.0,20.0,66.0,57.0,73.0,91.0,83.0,6.0,0.0,1.0,0.0,3.0,6.0,9.0,northlincoln|lincoln,2025,550344,North Lincoln High,Lincoln,Lincolnton,28092,09:12,H,Regular School,P,93.6,93.6%,281,0,NotMet,-4.36,59.4,69.7,69.7%,356,0,51.6,51.6%,188,0,68.2,68.2%,261,0,Provisional name/county match,False,2737 Lee Lawing Road,,Lincolnton,NC,28092,False,370268002673,name + county,North Lincoln High,2737 Lee Lawing Road,Lincolnton,28092,35.5336,-81.1197,NCES 2024-25,True
3.70276E+11,Franklin High,Macon County Schools,NC,37113,Macon County,Franklin,28734,1,0.49,28,22.0,27.0,36.0,35.0,30,51,45.0,37.0,87.0,53.0,59,27,22,29,20,33,28,12,36.0,37.0,28.0,5.0,13.0,,38.0,31.0,,68.0,5.0,,28.0,42.0,15.0,60.0,61.0,68.0,86.0,87.0,2.0,2.0,1.0,0.0,3.0,5.0,9.0,franklin|macon,2025,560320,Franklin High,Macon,Franklin,28734,09:12,H,Regular School,P,94.8,94.8%,249,0,NotMet,-3.21,63.9,60.6,60.6%,264,0,26.4,26.4%,197,0,60.5,60.5%,200,0,Provisional name/county match,False,100 Panther Drive,,Franklin,NC,28734,False,370276001138,name + county,Franklin High,100 Panther Drive,Franklin,28734,35.1768,-83.3821,NCES 2024-25,True
3.70276E+11,Macon Early College High School,Macon County Schools,NC,37113,Macon County,Franklin,28734,1,0.49,28,21.0,27.0,40.0,35.0,30,51,39.0,37.0,93.0,53.0,59,27,22,29,20,33,28,12,35.0,36.0,28.0,5.0,13.0,,36.0,31.0,,74.0,5.0,,28.0,42.0,15.0,59.0,62.0,67.0,85.0,87.0,2.0,3.0,1.0,0.0,3.0,5.0,8.0,maconearlycollege|macon,2025,560329,Macon Early College High School,Macon,Franklin,28734,09:13,H,Regular School,P,,>95%,30,1,Met,0.52,81.3,92.5,92.5%,40,0,66.7,66.7%,27,0,88.2,88.2%,34,0,Provisional name/county match,False,77 Siler Farm Road,,Franklin,NC,28734,False,370276002901,name + county,Macon Early College High School,77 Siler Farm Road,Franklin,28734,35.160468,-83.381534,NCES 2024-25,True
3.70282E+11,Madison High School,Madison County Schools,NC,37115,Madison County,Marshall,28753,1,0.48,27,20.0,26.0,29.0,55.0,31,45,33.0,31.0,75.0,79.0,63,27,22,29,20,33,28,15,38.0,34.0,20.0,1.0,2.0,,43.0,32.0,,53.0,4.0,,,55.0,18.0,62.0,68.0,66.0,87.0,93.0,1.0,0.0,0.0,0.0,1.0,5.0,3.0,madison|madison,2025,570318,Madison High School,Madison,Marshall,28753,09:12,H,Regular School,P,89.8,89.8%,98,0,NotMet,-3.44,62.8,56.1,56.1%,82,0,40.9,40.9%,66,0,58.8,58.8%,85,0,Provisional name/county match,False,5740 US Hwy 25-70,,Marshall,NC,28753,False,370282001153,name + county,Madison High School,5740 US Hwy 25-70,Marshall,28753,35.8152,-82.6734,NCES 2024-25,True
3.70282E+11,Madison Early College High,Madison County Schools,NC,37115,Madison County,Marshall,28753,1,0.48,27,20.0,26.0,29.0,55.0,31,45,33.0,31.0,75.0,79.0,63,27,22,29,20,33,28,15,38.0,34.0,20.0,1.0,2.0,,43.0,32.0,,53.0,4.0,,,55.0,18.0,62.0,68.0,66.0,87.0,93.0,1.0,0.0,0.0,0.0,1.0,5.0,3.0,madisonearlycollege|madison,2025,570317,Madison Early College High School,Madison,Marshall,28753,09:13,H,Regular School,P,,>95%,53,1,Met,1.14,82.8,89.1,89.1%,55,0,84.6,84.6%,39,0,74.1,74.1%,54,0,Provisional name/county match,False,5734 US 25/70 Hwy,,Marshall,NC,28753,False,370282003145,name + county,Madison Early College High,5734 US 25/70 Hwy,Marshall,28753,35.815468,-82.675351,NCES 2024-25,True
3.70282E+11,Madison Velocity Learning Center,Madison County Schools,NC,37115,Madison County,Marshall,28753,0,0.48,27,20.0,26.0,35.0,55.0,32,45,33.0,31.0,86.0,79.0,68,27,22,29,20,33,28,15,39.0,34.0,20.0,1.0,1.0,,43.0,32.0,,65.0,4.0,,,55.0,20.0,58.0,60.0,61.0,88.0,91.0,0.0,0.0,0.0,0.0,1.0,7.0,3.0,madisonvelocitylearningcenter|madison,2025,570321,Madison Velocity Learning Center,Madison,Marshall,28753,09:12,H,Alternative Educat,P,70.8,70.8%,48,0,,,,,,,,,,,,,,,,Provisional name/county match,False,5740 US Hwy 25/70,,Marshall,NC,28753,False,370282003500,name + county,Madison Velocity Learning Center,5740 US Hwy 25/70,Marshall,28753,35.81507,-82.673136,NCES 2024-25,True
3.70294E+11,Mcdowell High School,Mcdowell County Schools,NC,37111,McDowell County,Marion,28752,1,0.43,28,24.0,29.0,25.0,49.0,31,51,56.0,47.0,64.0,73.0,63,27,22,29,20,33,28,16,34.0,29.0,35.0,6.0,4.0,36.0,38.0,40.0,,48.0,3.0,,43.0,55.0,21.0,63.0,56.0,73.0,88.0,89.0,4.0,0.0,1.0,0.0,2.0,4.0,6.0,mcdowell|mcdowell,2025,590330,McDowell High School,McDowell,Marion,28752,09:12,H,Regular School,P,81.4,81.4%,318,0,NotMet,-7.87,53.5,43.4,43.4%,348,0,21.5,21.5%,325,0,49.7,49.7%,326,0,Provisional name/county match,False,600 McDowell High School Dr,,Marion,NC,28752,False,370294001179,name + county,McDowell High School,600 McDowell High School Dr,Marion,28752,35.6964,-82.0367,NCES 2024-25,True
3.70294E+11,Mcdowell Early College,Mcdowell County Schools,NC,37111,McDowell County,Marion,28752,1,0.43,28,24.0,29.0,25.0,49.0,31,51,56.0,47.0,64.0,73.0,63,27,22,29,20,33,28,16,34.0,29.0,35.0,6.0,4.0,36.0,38.0,40.0,,48.0,3.0,,43.0,55.0,21.0,63.0,56.0,73.0,88.0,89.0,4.0,0.0,1.0,0.0,2.0,4.0,6.0,mcdowellearlycollege|mcdowell,2025,590328,McDowell Early College,McDowell,Marion,28752,09:13,H,Regular School,P,,>95%,67,1,Exceeded,3.28,88.2,,>95%,42,1,83.8,83.8%,37,0,94.6,94.6%,37,0,Provisional name/county match,False,54 College Drive,,Marion,NC,28752,False,370294002809,name + county,McDowell Early College,54 College Drive,Marion,28752,35.656196,-81.962127,NCES 2024-25,True
3.70294E+11,Mcdowell Academy For Innovation,Mcdowell County Schools,NC,37111,McDowell County,Marion,28752,0,0.43,31,26.0,30.0,18.0,49.0,31,69,66.0,53.0,40.0,73.0,63,27,22,29,20,33,28,16,43.0,29.0,35.0,7.0,4.0,36.0,38.0,40.0,,33.0,4.0,,43.0,55.0,24.0,68.0,57.0,76.0,92.0,86.0,4.0,1.0,2.0,0.0,3.0,5.0,9.0,mcdowellacademyforinnovation|mcdowell,2025,590326,McDowell Academy for Innovation,McDowell,Marion,28752,09:13,H,Regular School,P,,>95%,15,1,Exceeded,3.72,89.3,,>95%,41,1,86.8,86.8%,38,0,77.1,77.1%,35,0,Provisional name/county match,False,54 College Drive,,Marion,NC,28752,False,370294003487,name + county,McDowell Academy for Innovation,54 College Drive,Marion,28752,35.656196,-81.962127,NCES 2024-25,True
3.70297E+11,Turning Point Academy,Charlotte-Mecklenburg Schools,NC,37119,Mecklenburg County,Charlotte,28214,0,0.49,30,26.0,32.0,32.0,33.0,31,63,66.0,63.0,81.0,49.0,63,27,22,29,20,33,28,14,53.0,18.0,37.0,15.0,12.0,28.0,55.0,35.0,29.0,18.0,5.0,74.0,47.0,18.0,21.0,53.0,72.0,54.0,82.0,34.0,41.0,0.0,7.0,0.0,11.0,6.0,16.0,turningpointacademy|mecklenburg,2025,600439,Turning Point Academy,Mecklenburg,Charlotte,28214,09:12,H,Alternative Educat,P,,,,,NotMet,-3.3,63.5,10.4,10.4%,67,0,,<5%,95,2,,,,,Provisional name/county match,False,8701 Moores Chapel Rd,,Charlotte,NC,28214,False,370297000871,name + county,Turning Point Academy,8701 Moores Chapel Rd,Charlotte,28214,35.273766,-80.950755,NCES 2024-25,True
3.70297E+11,Cochrane Collegiate Academy,Charlotte-Mecklenburg Schools,NC,37119,Mecklenburg County,Charlotte,28215,0,0.49,33,44.0,33.0,28.0,33.0,34,77,89.0,67.0,72.0,49.0,74,27,22,29,20,33,28,14,65.0,14.0,37.0,45.0,13.0,28.0,57.0,35.0,33.0,15.0,6.0,61.0,47.0,18.0,29.0,58.0,63.0,60.0,87.0,23.0,49.0,0.0,4.0,0.0,16.0,8.0,24.0,cochranecollegiateacademy|mecklenburg,2025,600341,Cochrane Collegiate Academy,Mecklenburg,Charlotte,28215,06:12,T,Regular School,P,92.5,92.5%,53,0,NotMet,-3.1,64.5,46.4,46.4%,56,0,18.0,18.0%,50,0,37.1,37.1%,62,0,Provisional name/county match,False,6200 Starhaven Dr,,Charlotte,NC,28215,False,370297001203,name + county,Cochrane Collegiate Academy,6200 Starhaven Dr,Charlotte,28215,35.2465,-80.7501,NCES 2024-25,True
3.70297E+11,East Mecklenburg High School,Charlotte-Mecklenburg Schools,NC,37119,Mecklenburg County,Charlotte,28212,1,0.49,29,30.0,32.0,29.0,33.0,31,58,77.0,63.0,75.0,49.0,63,27,22,29,20,33,28,14,56.0,11.0,37.0,33.0,14.0,28.0,52.0,35.0,30.0,17.0,6.0,64.0,47.0,18.0,16.0,39.0,73.0,38.0,74.0,52.0,22.0,1.0,7.0,0.0,10.0,9.0,19.0,eastmecklenburg|mecklenburg,2025,600377,East Mecklenburg High School,Mecklenburg,Charlotte,28212,09:12,H,Regular School,P,85.7,85.7%,552,0,Exceeded,2.51,86.2,67.0,67.0%,642,0,21.1,21.1%,351,0,58.9,58.9%,528,0,Provisional name/county match,False,6800 Monroe Rd,,Charlotte,NC,28212,False,370297001214,name + county,East Mecklenburg High School,6800 Monroe Rd,Charlotte,28212,35.176,-80.758,NCES 2024-25,True
3.70297E+11,Harding University High School,Charlotte-Mecklenburg Schools,NC,37119,Mecklenburg County,Charlotte,28208,1,0.49,30,32.0,34.0,23.0,33.0,30,63,80.0,72.0,58.0,49.0,59,27,22,29,20,33,28,14,49.0,22.0,37.0,30.0,15.0,28.0,47.0,35.0,43.0,20.0,8.0,41.0,47.0,18.0,25.0,44.0,79.0,39.0,78.0,44.0,29.0,0.0,4.0,0.0,10.0,13.0,25.0,hardinguniversity|mecklenburg,2025,600405,Harding University High School,Mecklenburg,Charlotte,28208,09:12,H,Regular School,P,73.1,73.1%,372,0,NotMet,-6.65,55.5,28.9,28.9%,329,0,11.6,11.6%,275,0,22.9,22.9%,157,0,Provisional name/county match,False,2001 Alleghany St,,Charlotte,NC,28208,False,370297001221,name + county,Harding University High School,2001 Alleghany St,Charlotte,28208,35.2366,-80.9026,NCES 2024-25,True
3.70297E+11,Independence High School,Charlotte-Mecklenburg Schools,NC,37119,Mecklenburg County,Charlotte,28227,1,0.49,28,35.0,34.0,34.0,33.0,33,51,83.0,72.0,84.0,49.0,71,27,22,29,20,33,28,14,50.0,11.0,37.0,31.0,13.0,28.0,54.0,35.0,39.0,16.0,6.0,80.0,47.0,18.0,23.0,56.0,64.0,58.0,85.0,45.0,29.0,1.0,5.0,0.0,12.0,8.0,21.0,independence|mecklenburg,2025,600426,Independence High School,Mecklenburg,Charlotte,28227,09:12,H,Regular School,P,87.9,87.9%,527,0,Exceeded,8.0,96.6,51.5,51.5%,524,0,29.9,29.9%,415,0,35.9,35.9%,398,0,Provisional name/county match,False,1967 Patriot Dr,,Charlotte,NC,28227,False,370297001229,name + county,Independence High School,1967 Patriot Dr,Charlotte,28227,35.1972,-80.6874,NCES 2024-25,True
3.70297E+11,Myers Park High School,Charlotte-Mecklenburg Schools,NC,37119,Mecklenburg County,Charlotte,28209,1,0.49,23,15.0,29.0,26.0,33.0,25,23,11.0,47.0,67.0,49.0,36,27,22,29,20,33,28,14,29.0,11.0,37.0,15.0,8.0,28.0,40.0,35.0,34.0,21.0,6.0,52.0,47.0,18.0,10.0,22.0,81.0,18.0,62.0,70.0,14.0,0.0,4.0,0.0,4.0,7.0,10.0,myerspark|mecklenburg,2025,600466,Myers Park High School,Mecklenburg,Charlotte,28209,09:12,H,Regular School,P,84.9,84.9%,887,0,Exceeded,5.96,93.2,69.0,69.0%,845,0,27.7,27.7%,459,0,73.0,73.0%,718,0,Provisional name/county match,False,2400 Colony Rd,,Charlotte,NC,28209,False,370297001244,name + county,Myers Park High School,2400 Colony Rd,Charlotte,28209,35.170971,-80.832668,NCES 2024-25,True
3.70297E+11,North Mecklenburg High School,Charlotte-Mecklenburg Schools,NC,37119,Mecklenburg County,Huntersville,28078,1,0.49,27,19.0,29.0,34.0,33.0,28,45,27.0,47.0,84.0,49.0,50,27,22,29,20,33,28,14,50.0,9.0,37.0,15.0,7.0,28.0,65.0,35.0,11.0,15.0,6.0,79.0,47.0,18.0,11.0,33.0,65.0,34.0,72.0,41.0,37.0,0.0,8.0,0.0,7.0,7.0,12.0,northmecklenburg|mecklenburg,2025,600480,North Mecklenburg High School,Mecklenburg,Huntersville,28078,09:12,H,Regular School,P,87.5,87.5%,455,0,Exceeded,3.75,89.3,56.6,56.6%,493,0,29.6,29.6%,345,0,35.0,35.0%,360,0,Provisional name/county match,False,11201 Old Statesville Rd,,Huntersville,NC,28078,False,370297001248,name + county,North Mecklenburg High School,11201 Old Statesville Rd,Huntersville,28078,35.372964,-80.833704,NCES 2024-25,True
3.70297E+11,Northwest School Of The Arts,Charlotte-Mecklenburg Schools,NC,37119,Mecklenburg County,Charlotte,28216,0,0.49,26,26.0,32.0,23.0,33.0,28,39,66.0,63.0,58.0,49.0,50,27,22,29,20,33,28,14,33.0,19.0,37.0,14.0,10.0,28.0,45.0,35.0,40.0,16.0,7.0,45.0,47.0,18.0,18.0,56.0,56.0,61.0,86.0,23.0,60.0,0.0,5.0,0.0,7.0,4.0,9.0,northwestschoolofthearts|mecklenburg,2025,600482,Northwest School of the Arts,Mecklenburg,Charlotte,28216,06:12,T,Regular School,P,,>95%,142,1,Exceeded,7.15,95.2,83.2,83.2%,143,0,69.0,69.0%,71,0,78.1,78.1%,146,0,Provisional name/county match,False,1415 Beatties Ford Rd,,Charlotte,NC,28216,False,370297001250,name + county,Northwest School of the Arts,1415 Beatties Ford Rd,Charlotte,28216,35.2571,-80.8567,NCES 2024-25,True
3.70297E+11,Olympic High School,Charlotte-Mecklenburg Schools,NC,37119,Mecklenburg County,Charlotte,28273,0,0.49,29,33.0,31.0,29.0,33.0,31,58,81.0,58.0,75.0,49.0,63,27,22,29,20,33,28,14,57.0,8.0,37.0,32.0,7.0,28.0,59.0,35.0,25.0,9.0,5.0,74.0,47.0,18.0,20.0,50.0,77.0,43.0,83.0,27.0,39.0,1.0,7.0,0.0,8.0,19.0,29.0,olympic|mecklenburg,2025,600490,Olympic High School,Mecklenburg,Charlotte,28273,09:12,H,Regular School,P,78.7,78.7%,427,0,Exceeded,7.6,96.0,46.7,46.7%,377,0,36.9,36.9%,317,0,33.9,33.9%,251,0,Provisional name/county match,False,4301 Sandy Porter Rd,,Charlotte,NC,28273,False,370297001255,name + county,Olympic High School,4301 Sandy Porter Rd  Suite A,Charlotte,28273,35.157999,-80.952276,NCES 2024-25,False
3.70297E+11,South Mecklenburg High School,Charlotte-Mecklenburg Schools,NC,37119,Mecklenburg County,Charlotte,28210,1,0.49,28,20.0,27.0,30.0,33.0,28,51,33.0,37.0,77.0,49.0,50,27,22,29,20,33,28,14,52.0,10.0,37.0,18.0,10.0,28.0,46.0,35.0,18.0,15.0,6.0,68.0,47.0,18.0,13.0,31.0,72.0,30.0,70.0,61.0,12.0,0.0,6.0,0.0,6.0,14.0,19.0,southmecklenburg|mecklenburg,2025,600535,South Mecklenburg High School,Mecklenburg,Charlotte,28210,09:12,H,Regular School,P,78.0,78.0%,832,0,Met,1.86,84.6,61.3,61.3%,636,0,20.7,20.7%,405,0,55.3,55.3%,512,0,Provisional name/county match,False,8900 Park Rd,,Charlotte,NC,28210,False,370297001274,name + county,South Mecklenburg High School,8900 Park Rd,Charlotte,28210,35.109707,-80.859333,NCES 2024-25,True
3.70297E+11,West Charlotte High School,Charlotte-Mecklenburg Schools,NC,37119,Mecklenburg County,Charlotte,28216,1,0.49,29,25.0,33.0,23.0,33.0,29,58,61.0,67.0,58.0,49.0,55,27,22,29,20,33,28,14,49.0,18.0,37.0,17.0,12.0,28.0,45.0,35.0,43.0,22.0,7.0,40.0,47.0,18.0,21.0,46.0,69.0,48.0,78.0,31.0,48.0,0.0,5.0,0.0,9.0,6.0,14.0,westcharlotte|mecklenburg,2025,600576,West Charlotte High School,Mecklenburg,Charlotte,28216,09:12,H,Regular School,P,76.6,76.6%,479,0,Exceeded,8.88,98.1,43.4,43.4%,498,0,29.2,29.2%,578,0,27.0,27.0%,345,0,Provisional name/county match,False,2219 Senior Dr,,Charlotte,NC,28216,False,370297001285,name + county,West Charlotte High School,2219 Senior Dr,Charlotte,28216,35.2654,-80.8585,NCES 2024-25,True
3.70297E+11,West Mecklenburg High School,Charlotte-Mecklenburg Schools,NC,37119,Mecklenburg County,Charlotte,28214,1,0.49,29,25.0,31.0,28.0,33.0,29,58,61.0,58.0,72.0,49.0,55,27,22,29,20,33,28,14,50.0,16.0,37.0,14.0,9.0,28.0,49.0,35.0,31.0,17.0,6.0,62.0,47.0,18.0,20.0,53.0,62.0,56.0,84.0,35.0,43.0,0.0,6.0,0.0,9.0,7.0,14.0,westmecklenburg|mecklenburg,2025,600579,West Mecklenburg High School,Mecklenburg,Charlotte,28214,09:12,H,Regular School,P,79.5,79.5%,371,0,NotMet,-3.06,64.7,35.4,35.4%,302,0,15.8,15.8%,304,0,21.9,21.9%,228,0,Provisional name/county match,False,7400 Tuckaseegee Rd,,Charlotte,NC,28214,False,370297001286,name + county,West Mecklenburg High School,7400 Tuckaseegee Rd,Charlotte,28214,35.2474,-80.952168,NCES 2024-25,True
3.70297E+11,Providence High School,Charlotte-Mecklenburg Schools,NC,37119,Mecklenburg County,Charlotte,28270,1,0.49,26,11.0,22.0,32.0,33.0,25,39,3.0,13.0,81.0,49.0,36,27,22,29,20,33,28,14,48.0,7.0,37.0,10.0,4.0,28.0,39.0,35.0,3.0,9.0,6.0,81.0,47.0,18.0,5.0,19.0,73.0,18.0,62.0,71.0,9.0,0.0,10.0,0.0,2.0,8.0,7.0,providence|mecklenburg,2025,600508,Providence High School,Mecklenburg,Charlotte,28270,09:12,H,Regular School,P,,>95%,481,1,Exceeded,11.33,100.0,89.1,89.1%,569,0,69.6,69.6%,168,0,87.0,87.0%,501,0,Provisional name/county match,False,1800 Pineville-Matthews Rd,,Charlotte,NC,28270,False,370297002220,name + county,Providence High School,1800 Pineville-Matthews Rd,Charlotte,28270,35.1103,-80.7639,NCES 2024-25,True
3.70297E+11,Hawthorne Academy Of Health Sciences,Charlotte-Mecklenburg Schools,NC,37119,Mecklenburg County,Charlotte,28205,0,0.49,28,40.0,38.0,21.0,33.0,32,51,87.0,85.0,51.0,49.0,68,27,22,29,20,33,28,14,45.0,16.0,37.0,44.0,18.0,28.0,51.0,35.0,60.0,18.0,7.0,39.0,47.0,18.0,25.0,46.0,76.0,44.0,79.0,41.0,31.0,1.0,5.0,0.0,13.0,9.0,21.0,hawthorneacademyofhealthsciences|mecklenburg,2025,600386,Hawthorne Academy of Health Sciences,Mecklenburg,Charlotte,28205,09:12,H,Regular School,P,,>95%,57,1,NotMet,-3.52,62.4,54.3,54.3%,46,0,24.0,24.0%,50,0,37.9,37.9%,58,0,Provisional name/county match,False,1411 Hawthorne Ln,,Charlotte,NC,28205,False,370297002228,name + county,Hawthorne Academy of Health Sciences,1411 Hawthorne Ln,Charlotte,28205,35.22846,-80.814761,NCES 2024-25,True
3.70297E+11,Julius L. Chambers High School,Charlotte-Mecklenburg Schools,NC,37119,Mecklenburg County,Charlotte,28262,1,0.49,27,30.0,31.0,32.0,33.0,30,45,77.0,58.0,81.0,49.0,59,27,22,29,20,33,28,14,46.0,12.0,37.0,29.0,8.0,28.0,55.0,35.0,29.0,22.0,7.0,67.0,47.0,18.0,18.0,43.0,55.0,45.0,81.0,29.0,46.0,0.0,7.0,0.0,11.0,7.0,17.0,juliuslchambers|mecklenburg,2025,600592,Julius L. Chambers High School,Mecklenburg,Charlotte,28262,09:12,H,Regular School,P,69.5,69.5%,685,0,Met,1.13,82.8,37.0,37.0%,573,0,19.0,19.0%,485,0,23.2,23.2%,263,0,Provisional name/county match,False,7600 IBM Dr,,Charlotte,NC,28262,False,370297002326,name + county,Julius L. Chambers High School,7600 IBM Dr,Charlotte,28262,35.3004,-80.7692,NCES 2024-25,True
3.70297E+11,Hopewell High School,Charlotte-Mecklenburg Schools,NC,37119,Mecklenburg County,Huntersville,28078,1,0.49,23,14.0,26.0,26.0,33.0,25,23,8.0,31.0,67.0,49.0,36,27,22,29,20,33,28,14,35.0,8.0,37.0,6.0,7.0,28.0,53.0,35.0,8.0,15.0,5.0,58.0,47.0,18.0,10.0,35.0,63.0,34.0,76.0,55.0,30.0,0.0,4.0,0.0,5.0,5.0,9.0,hopewell|mecklenburg,2025,600415,Hopewell High School,Mecklenburg,Huntersville,28078,09:12,H,Regular School,P,88.9,88.9%,479,0,Met,0.63,81.5,57.5,57.5%,482,0,22.6,22.6%,345,0,46.8,46.8%,402,0,Provisional name/county match,False,11530 Beatties Ford Rd,,Huntersville,NC,28078,False,370297002593,name + county,Hopewell High School,11530 Beatties Ford Rd,Huntersville,28078,35.3784,-80.911,NCES 2024-25,True
3.70297E+11,Phillip O Berry Academy Of Technology,Charlotte-Mecklenburg Schools,NC,37119,Mecklenburg County,Charlotte,28208,0,0.49,37,35.0,36.0,23.0,33.0,33,89,83.0,80.0,58.0,49.0,71,27,22,29,20,33,28,14,59.0,39.0,37.0,23.0,11.0,28.0,42.0,35.0,63.0,23.0,8.0,38.0,47.0,18.0,30.0,64.0,67.0,70.0,87.0,17.0,60.0,0.0,5.0,0.0,13.0,6.0,17.0,phillipoberryacademyoftechnology|mecklenburg,2025,600496,Phillip O. Berry Academy of Technology,Mecklenburg,Charlotte,28208,09:12,H,Regular School,P,,>95%,307,1,Exceeded,3.76,89.4,67.3,67.3%,428,0,38.5,38.5%,257,0,46.3,46.3%,296,0,Provisional name/county match,False,1430 Alleghany St,,Charlotte,NC,28208,False,370297002641,name + county,Phillip O Berry Academy of Technology,1430 Alleghany St,Charlotte,28208,35.2392,-80.8917,NCES 2024-25,True
3.70297E+11,Mallard Creek High School,Charlotte-Mecklenburg Schools,NC,37119,Mecklenburg County,Charlotte,28269,1,0.49,26,19.0,28.0,36.0,33.0,28,39,27.0,42.0,87.0,49.0,50,27,22,29,20,33,28,14,45.0,8.0,37.0,17.0,5.0,28.0,62.0,35.0,11.0,21.0,6.0,81.0,47.0,18.0,10.0,33.0,56.0,38.0,73.0,34.0,43.0,0.0,10.0,0.0,7.0,5.0,11.0,mallardcreek|mecklenburg,2025,600445,Mallard Creek High School,Mecklenburg,Charlotte,28269,09:12,H,Regular School,P,87.3,87.3%,573,0,Exceeded,5.83,93.0,54.4,54.4%,517,0,31.4,31.4%,373,0,39.4,39.4%,459,0,Provisional name/county match,False,3825 Johnston Oehler Rd,,Charlotte,NC,28269,False,370297002811,name + county,Mallard Creek High School,3825 Johnston Oehler Rd,Charlotte,28269,35.3652,-80.77,NCES 2024-25,True
3.70297E+11,Ardrey Kell High School,Charlotte-Mecklenburg Schools,NC,37119,Mecklenburg County,Charlotte,28277,1,0.49,28,12.0,27.0,31.0,33.0,26,51,4.0,37.0,79.0,49.0,41,27,22,29,20,33,28,14,54.0,5.0,37.0,10.0,5.0,28.0,65.0,35.0,2.0,13.0,6.0,75.0,47.0,18.0,7.0,20.0,70.0,23.0,60.0,64.0,8.0,0.0,16.0,0.0,3.0,10.0,9.0,ardreykell|mecklenburg,2025,600302,Ardrey Kell High School,Mecklenburg,Charlotte,28277,09:12,H,Regular School,P,,>95%,912,1,Exceeded,8.83,98.0,85.1,85.1%,720,0,59.1,59.1%,242,0,82.0,82.0%,761,0,Provisional name/county match,False,10220 Ardrey Kell Road,,Charlotte,NC,28277,False,370297002910,name + county,Ardrey Kell High School,10220 Ardrey Kell Road,Charlotte,28277,35.02999,-80.82665,NCES 2024-25,True
3.70297E+11,Cato Middle College High School,Charlotte-Mecklenburg Schools,NC,37119,Mecklenburg County,Charlotte,28215,1,0.49,27,22.0,30.0,29.0,33.0,28,45,45.0,53.0,75.0,49.0,50,27,22,29,20,33,28,14,45.0,11.0,37.0,19.0,9.0,28.0,53.0,35.0,24.0,17.0,6.0,63.0,47.0,18.0,14.0,37.0,68.0,38.0,74.0,51.0,27.0,0.0,6.0,0.0,7.0,9.0,14.0,catomiddlecollege|mecklenburg,2025,600334,Cato Middle College High School,Mecklenburg,Charlotte,28215,11:13,H,Regular School,P,,>95%,88,1,,,,,,,,,,,,80.6,80.6%,67,0,Provisional name/county match,False,8120 Grier Rd,,Charlotte,NC,28215,False,370297003000,name + county,Cato Middle College High School,8120 Grier Rd  Suite 171-B,Charlotte,28215,35.2649,-80.7312,NCES 2024-25,False
3.70297E+11,Military And Global Leadership,Charlotte-Mecklenburg Schools,NC,37119,Mecklenburg County,Charlotte,28205,0,0.49,28,40.0,38.0,21.0,33.0,32,51,87.0,85.0,51.0,49.0,68,27,22,29,20,33,28,14,45.0,16.0,37.0,44.0,18.0,28.0,51.0,35.0,60.0,18.0,7.0,39.0,47.0,18.0,25.0,46.0,76.0,44.0,79.0,41.0,31.0,1.0,5.0,0.0,13.0,9.0,21.0,militaryandgloballeadership|mecklenburg,2025,600364,Military and Global Leadership,Mecklenburg,Charlotte,28205,09:12,H,Regular School,P,90.0,90.0%,30,0,Met,0.39,,34.8,34.8%,23,0,,,,,25.0,25.0%,16,0,Provisional name/county match,False,"1411 Hawthorne Lane, Ste A",,Charlotte,NC,28205,False,370297003042,name + county,Military and Global Leadership,1411 Hawthorne Lane Ste A,Charlotte,28205,35.22846,-80.814761,NCES 2024-25,True
3.70297E+11,Rocky River High School,Charlotte-Mecklenburg Schools,NC,37119,Mecklenburg County,Mint Hill,28227,1,0.49,29,29.0,31.0,29.0,33.0,30,58,75.0,58.0,75.0,49.0,59,27,22,29,20,33,28,14,59.0,7.0,37.0,26.0,9.0,28.0,57.0,35.0,28.0,14.0,6.0,66.0,47.0,18.0,19.0,48.0,62.0,47.0,83.0,35.0,41.0,0.0,4.0,0.0,11.0,8.0,19.0,rockyriver|mecklenburg,2025,600457,Rocky River High School,Mecklenburg,Mint Hill,28227,09:12,H,Regular School,P,79.3,79.3%,406,0,NotMet,-5.01,58.3,39.0,39.0%,400,0,13.4,13.4%,307,0,22.6,22.6%,279,0,Provisional name/county match,False,10505 Clear Creek Commerce Dr,,Mint Hill,NC,28227,False,370297003173,name + county,Rocky River High School,10505 Clear Creek Commerce Dr,Mint Hill,28227,35.214252,-80.640044,NCES 2024-25,True
3.70297E+11,William Amos Hough High,Charlotte-Mecklenburg Schools,NC,37119,Mecklenburg County,Cornelius,28031,1,0.49,21,11.0,24.0,30.0,33.0,24,14,3.0,21.0,77.0,49.0,31,27,22,29,20,33,28,14,28.0,7.0,37.0,6.0,4.0,28.0,48.0,35.0,5.0,18.0,5.0,67.0,47.0,18.0,5.0,26.0,67.0,26.0,68.0,79.0,8.0,0.0,4.0,0.0,2.0,8.0,7.0,williamamoshough|mecklenburg,2025,600312,William Amos Hough High School,Mecklenburg,Cornelius,28031,09:12,H,Regular School,P,,>95%,645,1,Exceeded,2.05,85.1,83.2,83.2%,608,0,53.6,53.6%,308,0,76.0,76.0%,583,0,Provisional name/county match,False,12420 Bailey Rd,,Cornelius,NC,28031,False,370297003175,name + county,William Amos Hough High,12420 Bailey Rd,Cornelius,28031,35.468143,-80.828093,NCES 2024-25,True
3.70297E+11,Garinger High School,Charlotte-Mecklenburg Schools,NC,37119,Mecklenburg County,Charlotte,28205,1,0.49,31,46.0,37.0,26.0,33.0,34,69,90.0,83.0,67.0,49.0,74,27,22,29,20,33,28,14,56.0,16.0,37.0,48.0,18.0,28.0,55.0,35.0,49.0,18.0,8.0,53.0,47.0,18.0,32.0,56.0,70.0,56.0,85.0,28.0,40.0,1.0,5.0,0.0,17.0,8.0,26.0,garinger|mecklenburg,2025,600397,Garinger High School,Mecklenburg,Charlotte,28205,09:12,H,Regular School,P,61.5,61.5%,559,0,NotMet,-3.76,61.2,24.7,24.7%,485,0,9.9,9.9%,456,0,14.3,14.3%,272,0,Provisional name/county match,False,1100 Eastway Dr,,Charlotte,NC,28205,False,370297003245,name + county,Garinger High School,1100 Eastway Dr,Charlotte,28205,35.2411,-80.7829,NCES 2024-25,True
3.70297E+11,Harper Middle College High,Charlotte-Mecklenburg Schools,NC,37119,Mecklenburg County,Charlotte,28273,0,0.49,29,33.0,31.0,29.0,33.0,31,58,81.0,58.0,75.0,49.0,63,27,22,29,20,33,28,14,57.0,8.0,37.0,32.0,7.0,28.0,59.0,35.0,25.0,9.0,5.0,74.0,47.0,18.0,20.0,50.0,77.0,43.0,83.0,27.0,39.0,1.0,7.0,0.0,8.0,19.0,29.0,harpermiddlecollege|mecklenburg,2025,600404,Harper Middle College High,Mecklenburg,Charlotte,28273,11:13,H,Regular School,P,,>95%,52,1,,,,,,,,,,,,83.3,83.3%,36,0,Provisional name/county match,False,315 W Hebron St,,Charlotte,NC,28273,False,370297003313,name + county,Harper Middle College High,315 W Hebron St,Charlotte,28273,35.1296,-80.8956,NCES 2024-25,True
3.70297E+11,Char Eng Early College-Uncc,Charlotte-Mecklenburg Schools,NC,37119,Mecklenburg County,Charlotte,28262,0,0.49,24,22.0,30.0,37.0,33.0,29,28,45.0,53.0,89.0,49.0,55,27,22,29,20,33,28,14,35.0,9.0,37.0,20.0,5.0,28.0,60.0,35.0,23.0,29.0,8.0,74.0,47.0,18.0,12.0,36.0,45.0,42.0,78.0,30.0,47.0,1.0,9.0,0.0,7.0,6.0,12.0,charengearlycollegeuncc|mecklenburg,2025,600567,Char Eng Early College-UNCC,Mecklenburg,Charlotte,28262,09:13,H,Regular School,P,,>95%,65,1,Met,1.71,84.2,91.8,91.8%,73,0,75.0,75.0%,24,0,86.0,86.0%,57,0,Provisional name/county match,False,9000 Robert Snyder Rd,,Charlotte,NC,28262,False,370297003315,name + county,Char Eng Early College-UNCC,9000 Robert Snyder Rd,Charlotte,28262,35.308908,-80.744073,NCES 2024-25,True
3.70297E+11,Levine Middle College High Sch,Charlotte-Mecklenburg Schools,NC,37119,Mecklenburg County,Matthews,28105,1,0.49,27,22.0,30.0,29.0,33.0,28,45,45.0,53.0,75.0,49.0,50,27,22,29,20,33,28,14,45.0,11.0,37.0,19.0,9.0,28.0,53.0,35.0,24.0,17.0,6.0,63.0,47.0,18.0,14.0,37.0,68.0,38.0,74.0,51.0,27.0,0.0,6.0,0.0,7.0,9.0,14.0,levinemiddlecollege|mecklenburg,2025,600443,Levine Middle College High Sch,Mecklenburg,Matthews,28105,11:13,H,Regular School,P,,>95%,98,1,,,,,,,,,,,,,>95%,76,1,Provisional name/county match,False,2800 Campus Ridge Rd,,Matthews,NC,28105,False,370297003318,name + county,Levine Middle College High Sch,2800 Campus Ridge Rd,Matthews,28105,35.10741,-80.692786,NCES 2024-25,True
3.70297E+11,Williams Secondary Montessori,Charlotte-Mecklenburg Schools,NC,37119,Mecklenburg County,Charlotte,28206,0,0.49,32,30.0,34.0,17.0,33.0,29,73,77.0,72.0,36.0,49.0,55,27,22,29,20,33,28,14,55.0,20.0,37.0,19.0,9.0,28.0,42.0,35.0,54.0,17.0,9.0,26.0,47.0,18.0,28.0,54.0,70.0,58.0,81.0,24.0,59.0,0.0,3.0,0.0,9.0,5.0,13.0,williamssecondarymontessori|mecklenburg,2025,600582,Williams Secondary Montessori,Mecklenburg,Charlotte,28206,07:12,T,Regular School,P,,>95%,57,1,Met,1.11,82.7,,>95%,48,1,57.5,57.5%,40,0,89.6,89.6%,48,0,Provisional name/county match,False,2400 Carmine St,,Charlotte,NC,28206,False,370297003416,name + county,Williams Secondary Montessori,2400 Carmine St,Charlotte,28206,35.266666,-80.841373,NCES 2024-25,True
3.70297E+11,Charlotte Teacher Early College,Charlotte-Mecklenburg Schools,NC,37119,Mecklenburg County,Charlotte,28262,0,0.49,24,22.0,30.0,37.0,33.0,29,28,45.0,53.0,89.0,49.0,55,27,22,29,20,33,28,14,35.0,9.0,37.0,20.0,5.0,28.0,60.0,35.0,23.0,29.0,8.0,74.0,47.0,18.0,12.0,36.0,45.0,42.0,78.0,30.0,47.0,1.0,9.0,0.0,7.0,6.0,12.0,charlotteteacherearlycollege|mecklenburg,2025,600569,Charlotte Teacher Early College,Mecklenburg,Charlotte,28262,09:13,H,Regular School,P,,>95%,35,1,Met,1.85,84.6,78.0,78.0%,41,0,45.8,45.8%,24,0,78.7,78.7%,47,0,Provisional name/county match,False,9000 Robert D. Snyder Rd,,Charlotte,NC,28262,False,370297003418,name + county,Charlotte Teacher Early College,9000 Robert D. Snyder Rd,Charlotte,28262,35.308908,-80.744073,NCES 2024-25,True
3.70297E+11,Merancas Middle College-Cpcc,Charlotte-Mecklenburg Schools,NC,37119,Mecklenburg County,Huntersville,28078,0,0.49,27,11.0,29.0,26.0,33.0,25,45,3.0,47.0,67.0,49.0,36,27,22,29,20,33,28,14,53.0,6.0,37.0,5.0,4.0,28.0,75.0,35.0,2.0,10.0,4.0,64.0,47.0,18.0,6.0,27.0,66.0,26.0,69.0,68.0,15.0,0.0,5.0,0.0,2.0,9.0,7.0,merancasmiddlecollegecpcc|mecklenburg,2025,600594,Merancas Middle College-CPCC,Mecklenburg,Huntersville,28078,11:13,H,Regular School,P,,>95%,63,1,,,,,,,,,,,,93.9,93.9%,49,0,Provisional name/county match,False,12010 Verhoeff Dr,,Huntersville,NC,28078,False,370297003421,name + county,Merancas Middle College-CPCC,12010 Verhoeff Dr,Huntersville,28078,35.393407,-80.840844,NCES 2024-25,True
3.703E+11,Mitchell High,Mitchell County Schools,NC,37121,Mitchell County,Bakersville,28705,1,0.46,28,24.0,24.0,27.0,45.0,30,51,56.0,21.0,70.0,68.0,59,27,22,29,20,33,28,18,36.0,30.0,28.0,5.0,3.0,,37.0,31.0,,52.0,3.0,,,45.0,19.0,66.0,58.0,76.0,88.0,92.0,2.0,0.0,0.0,0.0,2.0,4.0,6.0,mitchell|mitchell,2025,610334,Mitchell High School,Mitchell,Bakersville,28705,09:12,H,Regular School,P,84.9,84.9%,126,0,NotMet,-6.03,56.6,54.7,54.7%,139,0,23.5,23.5%,102,0,50.5,50.5%,105,0,Provisional name/county match,False,416 Ledger School Rd,,Bakersville,NC,28705,False,370300001297,name + county,Mitchell High,416 Ledger School Rd,Bakersville,28705,35.9709,-82.1174,NCES 2024-25,True
3.70306E+11,Montgomery Learning Academy,Montgomery County Schools,NC,37123,Montgomery County,Troy,27371,0,0.48,35,33.0,44.0,17.0,53.0,36,84,81.0,96.0,36.0,78.0,80,27,22,29,20,33,28,15,59.0,32.0,33.0,11.0,3.0,,87.0,41.0,,33.0,1.0,,37.0,70.0,32.0,79.0,69.0,87.0,94.0,88.0,0.0,0.0,0.0,0.0,11.0,1.0,11.0,montgomerylearningacademy|montgomery,2025,620310,Montgomery Learning Academy,Montgomery,Troy,27371,06:12,T,Alternative Educat,P,,>95%,122,1,Met,-0.37,,5.6,5.6%,18,0,,<5%,10,2,,,,,Provisional name/county match,True,310 S Main,,Troy,NC,27371,False,370306002328,name + county,Montgomery Learning Academy,310 S Main,Troy,27371,35.35567,-79.89441,NCES 2024-25,True
3.70306E+11,Montgomery County Early College,Montgomery County Schools,NC,37123,Montgomery County,Troy,27371,0,0.48,35,33.0,44.0,17.0,53.0,36,84,81.0,96.0,36.0,78.0,80,27,22,29,20,33,28,15,59.0,32.0,33.0,11.0,3.0,,87.0,41.0,,33.0,1.0,,37.0,70.0,32.0,79.0,69.0,87.0,94.0,88.0,0.0,0.0,0.0,0.0,11.0,1.0,11.0,montgomerycountyearlycollege|montgomery,2025,620350,Montgomery County Early College,Montgomery,Troy,27371,09:13,H,Regular School,P,,>95%,66,1,Exceeded,10.13,100.0,89.1,89.1%,64,0,,>95%,52,1,80.0,80.0%,65,0,Provisional name/county match,True,1011 Page St,,Troy,NC,27371,True,370306003438,name + county,Montgomery County Early College,1011 Page St,Troy,27371,35.36695,-79.870113,NCES 2024-25,True
3.70306E+11,Montgomery Central High,Montgomery County Schools,NC,37123,Montgomery County,Troy,27371,0,0.48,35,33.0,44.0,17.0,53.0,36,84,81.0,96.0,36.0,78.0,80,27,22,29,20,33,28,15,59.0,32.0,33.0,11.0,3.0,,87.0,41.0,,33.0,1.0,,37.0,70.0,32.0,79.0,69.0,87.0,94.0,88.0,0.0,0.0,0.0,0.0,11.0,1.0,11.0,montgomerycentral|montgomery,2025,620356,Montgomery Central High School,Montgomery,Troy,27371,09:12,H,Regular School,P,92.6,92.6%,204,0,NotMet,-5.13,58.1,47.8,47.8%,186,0,14.4,14.4%,174,0,31.6,31.6%,212,0,Provisional name/county match,True,770 Timberwolf Drive,,Troy,NC,27371,False,370306003515,name + county,Montgomery Central High,770 Timberwolf Drive,Troy,27371,35.368185,-79.866795,NCES 2024-25,True
3.70309E+11,North Moore High,Moore County Schools,NC,37125,Moore County,Robbins,27325,1,0.45,29,27.0,28.0,22.0,25.0,26,58,69.0,42.0,54.0,32.0,41,27,22,29,20,33,28,12,45.0,35.0,23.0,7.0,6.0,26.0,51.0,30.0,,41.0,3.0,,20.0,31.0,28.0,65.0,48.0,77.0,91.0,77.0,7.0,0.0,0.0,0.0,7.0,8.0,14.0,northmoore|moore,2025,630332,North Moore High School,Moore,Robbins,27325,09:12,H,Regular School,P,88.4,88.4%,172,0,NotMet,-4.86,58.5,45.5,45.5%,154,0,30.8,30.8%,133,0,47.9,47.9%,119,0,Provisional name/county match,False,1504 North Moore Rd,,Robbins,NC,27325,False,370309001320,name + county,North Moore High,1504 North Moore Rd,Robbins,27325,35.4676,-79.5537,NCES 2024-25,True
3.70309E+11,Pinecrest High,Moore County Schools,NC,37125,Moore County,Southern Pines,28387,1,0.45,21,16.0,23.0,17.0,25.0,21,14,13.0,17.0,36.0,32.0,18,27,22,29,20,33,28,12,35.0,14.0,23.0,8.0,5.0,26.0,31.0,30.0,,29.0,5.0,,20.0,31.0,11.0,39.0,56.0,48.0,74.0,77.0,11.0,1.0,2.0,0.0,3.0,7.0,7.0,pinecrest|moore,2025,630336,Pinecrest High School,Moore,Southern Pines,28387,09:13,H,Regular School,P,90.8,90.8%,610,0,Met,0.24,80.6,69.5,69.5%,581,0,42.4,42.4%,427,0,71.3,71.3%,558,0,Provisional name/county match,False,250 Voit Gilmore Lane,,Southern Pines,NC,28387,False,370309001321,name + county,Pinecrest High,250 Voit Gilmore Lane,Southern Pines,28387,35.1848,-79.4346,NCES 2024-25,True
3.70309E+11,Union Pines High,Moore County Schools,NC,37125,Moore County,Cameron,28326,1,0.45,25,19.0,26.0,45.0,25.0,28,33,27.0,31.0,97.0,32.0,50,27,22,29,20,33,28,12,39.0,26.0,23.0,7.0,4.0,26.0,45.0,30.0,,30.0,5.0,100.0,20.0,31.0,13.0,50.0,50.0,61.0,81.0,77.0,12.0,0.0,1.0,0.0,3.0,6.0,9.0,unionpines|moore,2025,630360,Union Pines High School,Moore,Cameron,28326,09:12,H,Regular School,P,88.7,88.7%,390,0,Met,-1.0,75.0,70.3,70.3%,360,0,54.1,54.1%,270,0,67.8,67.8%,345,0,Provisional name/county match,False,1981 Union Church Rd,,Cameron,NC,28326,False,370309001328,name + county,Union Pines High,1981 Union Church Rd,Cameron,28326,35.3179,-79.347,NCES 2024-25,True
3.70312E+11,Nf Woods Campus,Mooresville Graded School District,NC,37097,Iredell County,Mooresville,28115,0,0.46,20,18.0,31.0,36.0,27.0,27,10,22.0,58.0,87.0,36.0,45,27,22,29,20,33,28,12,29.0,12.0,28.0,5.0,4.0,43.0,63.0,30.0,17.0,20.0,3.0,85.0,18.0,36.0,11.0,53.0,63.0,53.0,85.0,80.0,9.0,0.0,1.0,0.0,3.0,6.0,8.0,nfwoodscampus|iredell,2025,491305,NF Woods Campus,Iredell,Mooresville,28115,06:12,T,Alternative Educat,P,,,,,,,,,,,,,,,,,,,,Provisional name/county match,False,574 W McLelland Ave,,Mooresville,NC,28115,False,370312000808,name + county,NF Woods Campus,574 W McLelland Ave,Mooresville,28115,35.5869,-80.8237,NCES 2024-25,True
3.70312E+11,Mooresville High School,Mooresville Graded School District,NC,37097,Iredell County,Mooresville,28115,1,0.46,20,17.0,32.0,37.0,27.0,27,10,17.0,63.0,89.0,36.0,45,27,22,29,20,33,28,12,31.0,10.0,28.0,5.0,4.0,43.0,66.0,30.0,15.0,20.0,4.0,88.0,18.0,36.0,10.0,47.0,65.0,47.0,82.0,78.0,9.0,0.0,4.0,0.0,3.0,6.0,7.0,mooresville|iredell,2025,491312,Mooresville High School,Iredell,Mooresville,28115,09:12,H,Regular School,P,,>95%,528,1,Met,0.17,80.4,59.0,59.0%,517,0,27.6,27.6%,352,0,63.9,63.9%,415,0,Provisional name/county match,False,659 E Center Ave,,Mooresville,NC,28115,False,370312001333,name + county,Mooresville High School,659 E Center Ave,Mooresville,28115,35.5783,-80.8014,NCES 2024-25,True
3.70321E+11,Mount Airy High,Mount Airy City Schools,NC,37171,Surry County,Mount Airy,27030,1,0.47,25,27.0,30.0,20.0,42.0,29,33,69.0,53.0,47.0,64.0,55,27,22,29,20,33,28,12,31.0,30.0,28.0,6.0,8.0,28.0,52.0,31.0,,34.0,6.0,,29.0,55.0,28.0,69.0,61.0,76.0,92.0,87.0,6.0,0.0,1.0,0.0,2.0,4.0,8.0,mountairy|surry,2025,862312,Mount Airy High,Surry,Mount Airy,27030,09:12,H,Regular School,P,92.7,92.7%,165,0,NotMet,-7.83,53.6,53.5,53.5%,155,0,27.0,27.0%,126,0,42.9,42.9%,147,0,Provisional name/county match,False,1011 N South St,,Mount Airy,NC,27030,False,370321001339,name + county,Mount Airy High,1011 N South St,Mount Airy,27030,36.5122,-80.6156,NCES 2024-25,True
3.70327E+11,Rocky Mount High,Nash County Public Schools,NC,37127,Nash County,Rocky Mount,27803,1,0.45,39,23.0,41.0,33.0,46.0,36,93,51.0,92.0,83.0,70.0,80,27,22,29,20,33,28,19,57.0,35.0,43.0,1.0,8.0,45.0,52.0,40.0,59.0,38.0,7.0,56.0,68.0,24.0,22.0,67.0,65.0,73.0,89.0,28.0,63.0,1.0,1.0,0.0,3.0,5.0,4.0,rockymount|nash,2025,640361,Rocky Mount High,Nash,Rocky Mount,27803,09:12,H,Regular School,P,77.1,77.1%,236,0,Exceeded,3.67,89.1,38.8,38.8%,268,0,21.8,21.8%,266,0,16.2,16.2%,235,0,Provisional name/county match,True,1400 Bethlehem Road,,Rocky Mount,NC,27803,False,370327000763,name + county,Rocky Mount High,1400 Bethlehem Road,Rocky Mount,27803,35.939076,-77.834874,NCES 2024-25,True
3.70327E+11,Tar River Academy,Nash County Public Schools,NC,37127,Nash County,Rocky Mount,27804,0,0.45,34,20.0,37.0,38.0,46.0,35,81,33.0,83.0,90.0,70.0,77,27,22,29,20,33,28,19,52.0,24.0,43.0,0.0,10.0,45.0,46.0,40.0,46.0,36.0,4.0,74.0,68.0,24.0,18.0,60.0,60.0,64.0,88.0,42.0,47.0,0.0,1.0,0.0,4.0,4.0,5.0,tarriveracademy|nash,2025,640340,Tar River Academy,Nash,Rocky Mount,27804,09:12,H,Alternative Educat,P,75.8,75.8%,91,0,Met,-0.64,,22.2,22.2%,18,0,,<5%,14,2,,<5%,35,2,Provisional name/county match,False,906 Hammond Street,,Rocky Mount,NC,27804,False,370327001218,name + county,Tar River Academy,906 Hammond Street,Rocky Mount,27804,35.941795,-77.808177,NCES 2024-25,True
3.70327E+11,Northern Nash High,Nash County Public Schools,NC,37127,Nash County,Rocky Mount,27804,1,0.45,35,24.0,33.0,44.0,46.0,36,84,56.0,67.0,96.0,70.0,80,27,22,29,20,33,28,19,41.0,36.0,43.0,1.0,7.0,45.0,42.0,40.0,30.0,34.0,5.0,94.0,68.0,24.0,26.0,66.0,59.0,74.0,90.0,46.0,43.0,4.0,1.0,0.0,3.0,4.0,5.0,northernnash|nash,2025,640350,Northern Nash High,Nash,Rocky Mount,27804,09:12,H,Regular School,P,91.3,91.3%,275,0,Exceeded,2.97,87.4,54.0,54.0%,261,0,39.1,39.1%,207,0,30.7,30.7%,215,0,Provisional name/county match,True,4230 Green Hills Road,,Rocky Mount,NC,27804,False,370327001351,name + county,Northern Nash High,4230 Green Hills Road,Rocky Mount,27804,35.9987,-77.8915,NCES 2024-25,True
3.70327E+11,Southern Nash High,Nash County Public Schools,NC,37127,Nash County,Bailey,27807,1,0.45,33,29.0,36.0,19.0,46.0,33,77,75.0,80.0,44.0,70.0,71,27,22,29,20,33,28,19,44.0,26.0,43.0,10.0,8.0,45.0,52.0,40.0,,34.0,4.0,,68.0,24.0,29.0,68.0,56.0,74.0,93.0,57.0,27.0,1.0,0.0,0.0,8.0,7.0,14.0,southernnash|nash,2025,640364,Southern Nash High,Nash,Bailey,27807,09:12,H,Regular School,P,91.0,91.0%,255,0,Exceeded,4.95,91.5,51.6,51.6%,277,0,35.9,35.9%,237,0,35.1,35.1%,248,0,Provisional name/county match,False,6446 Southern Nash High Road,,Bailey,NC,27807,False,370327001354,name + county,Southern Nash High,6446 Southern Nash High Road,Bailey,27807,35.8511,-78.0874,NCES 2024-25,True
3.70327E+11,Nash Central High,Nash County Public Schools,NC,37127,Nash County,Rocky Mount,27804,1,0.45,35,22.0,39.0,32.0,46.0,35,84,45.0,88.0,81.0,70.0,77,27,22,29,20,33,28,19,48.0,30.0,43.0,1.0,6.0,45.0,48.0,40.0,59.0,35.0,6.0,56.0,68.0,24.0,21.0,65.0,62.0,70.0,91.0,42.0,49.0,1.0,1.0,0.0,3.0,5.0,5.0,nashcentral|nash,2025,640346,Nash Central High,Nash,Rocky Mount,27804,09:12,H,Regular School,P,80.5,80.5%,221,0,Exceeded,8.82,98.0,64.8,64.8%,159,0,55.7,55.7%,88,0,30.5,30.5%,151,0,Provisional name/county match,False,4279 Nash Central High Road,,Rocky Mount,NC,27804,False,370327002643,name + county,Nash Central High,4279 Nash Central High Road,Rocky Mount,27804,35.9558,-77.8981,NCES 2024-25,True
3.70331E+11,Havelock High,Craven County Schools,NC,37049,Craven County,Havelock,28532,1,0.46,28,19.0,32.0,17.0,50.0,29,51,27.0,63.0,36.0,74.0,55,27,22,29,20,33,28,13,48.0,18.0,34.0,4.0,6.0,36.0,58.0,30.0,,28.0,5.0,,44.0,56.0,9.0,59.0,55.0,67.0,87.0,71.0,15.0,0.0,2.0,0.0,2.0,10.0,9.0,havelock|craven,2025,250340,Havelock High,Craven,Havelock,28532,09:12,H,Regular School,P,88.1,88.1%,294,0,NotMet,-3.18,64.1,62.0,62.0%,237,0,32.6,32.6%,270,0,48.6,48.6%,214,0,Provisional name/county match,False,101 Webb Boulevard,,Havelock,NC,28532,False,370331000384,name + county,Havelock High,101 Webb Boulevard,Havelock,28532,34.8805,-76.8936,NCES 2024-25,True
3.70331E+11,New Bern High,Craven County Schools,NC,37049,Craven County,New Bern,28562,1,0.46,29,20.0,29.0,16.0,50.0,29,58,33.0,47.0,32.0,74.0,55,27,22,29,20,33,28,13,45.0,23.0,34.0,5.0,8.0,36.0,45.0,30.0,,28.0,5.0,,44.0,56.0,13.0,56.0,59.0,66.0,82.0,67.0,22.0,0.0,4.0,0.0,2.0,6.0,6.0,newbern|craven,2025,250356,New Bern High,Craven,New Bern,28562,09:12,H,Regular School,P,76.9,76.9%,450,0,NotMet,-12.03,50.0,50.0,50.0%,416,0,25.0,25.0%,412,0,55.1,55.1%,314,0,Provisional name/county match,False,4200 Academic Drive,,New Bern,NC,28562,False,370331000388,name + county,New Bern High,4200 Academic Drive,New Bern,28562,35.1005,-77.1155,NCES 2024-25,True
3.70331E+11,West Craven High,Craven County Schools,NC,37049,Craven County,Vanceboro,28586,1,0.46,33,25.0,34.0,46.0,50.0,38,77,61.0,72.0,97.0,74.0,85,27,22,29,20,33,28,13,51.0,33.0,34.0,9.0,9.0,36.0,53.0,30.0,44.0,37.0,4.0,96.0,44.0,56.0,19.0,64.0,47.0,76.0,90.0,66.0,23.0,0.0,1.0,0.0,4.0,5.0,8.0,westcraven|craven,2025,250372,West Craven High,Craven,Vanceboro,28586,09:12,H,Regular School,P,75.0,75.0%,240,0,NotMet,-6.72,55.4,44.7,44.7%,197,0,18.7,18.7%,193,0,32.1,32.1%,109,0,Provisional name/county match,True,2600 Streets Ferry Road,,Vanceboro,NC,28586,False,370331002180,name + county,West Craven High,2600 Streets Ferry Road,Vanceboro,28586,35.2376,-77.1374,NCES 2024-25,True
3.70331E+11,Craven Early College High,Craven County Schools,NC,37049,Craven County,New Bern,28562,1,0.46,29,22.0,34.0,45.0,50.0,36,58,45.0,72.0,97.0,74.0,80,27,22,29,20,33,28,13,43.0,26.0,34.0,6.0,8.0,36.0,50.0,30.0,44.0,35.0,5.0,96.0,44.0,56.0,15.0,61.0,53.0,71.0,87.0,67.0,21.0,0.0,2.0,0.0,3.0,6.0,7.0,cravenearlycollege|craven,2025,250314,Craven Early College High,Craven,New Bern,28562,09:13,H,Regular School,P,,>95%,43,1,Exceeded,4.29,90.4,93.9,93.9%,49,0,80.5,80.5%,41,0,85.7,85.7%,35,0,Provisional name/county match,True,800 College Court,,New Bern,NC,28562,True,370331002843,name + county,Craven Early College High,800 College Court,New Bern,28562,35.110636,-77.099926,NCES 2024-25,True
3.70331E+11,Early College East High,Craven County Schools,NC,37049,Craven County,Havelock,28532,1,0.46,29,22.0,34.0,45.0,50.0,36,58,45.0,72.0,97.0,74.0,80,27,22,29,20,33,28,13,43.0,26.0,34.0,6.0,8.0,36.0,50.0,30.0,44.0,35.0,5.0,96.0,44.0,56.0,15.0,61.0,53.0,71.0,87.0,67.0,21.0,0.0,2.0,0.0,3.0,6.0,7.0,earlycollegeeast|craven,2025,250321,Early College EAST High School,Craven,Havelock,28532,09:13,H,Regular School,P,,>95%,40,1,Met,-1.14,74.3,,>95%,43,1,55.9,55.9%,34,0,,>95%,30,1,Provisional name/county match,True,104 Middle School Lane,,Havelock,NC,28532,True,370331003127,name + county,Early College EAST High,104 Middle School Lane,Havelock,28532,34.877565,-76.899622,NCES 2024-25,True
3.70333E+11,Emsley A Laney High,New Hanover County Schools,NC,37129,New Hanover County,Wilmington,28405,1,0.48,25,16.0,30.0,38.0,39.0,30,33,13.0,53.0,90.0,60.0,59,27,22,29,20,33,28,12,44.0,10.0,33.0,6.0,11.0,21.0,62.0,28.0,29.0,26.0,6.0,82.0,41.0,37.0,11.0,43.0,59.0,44.0,80.0,78.0,10.0,0.0,2.0,0.0,4.0,6.0,8.0,emsleyalaney|newhanover,2025,650326,Emsley A Laney High,New Hanover,Wilmington,28405,09:12,H,Regular School,P,89.4,89.4%,583,0,NotMet,-10.05,50.0,60.1,60.1%,556,0,32.1,32.1%,368,0,59.8,59.8%,500,0,Provisional name/county match,False,2700 N College Rd,,Wilmington,NC,28405,False,370333001373,name + county,Emsley A Laney High,2700 N College Rd,Wilmington,28405,34.2987,-77.8725,NCES 2024-25,True
3.70333E+11,John T Hoggard High,New Hanover County Schools,NC,37129,New Hanover County,Wilmington,28403,1,0.48,20,13.0,28.0,34.0,39.0,27,10,6.0,42.0,84.0,60.0,45,27,22,29,20,33,28,12,22.0,14.0,33.0,5.0,10.0,21.0,48.0,28.0,34.0,23.0,7.0,70.0,41.0,37.0,8.0,33.0,61.0,38.0,71.0,78.0,11.0,0.0,2.0,0.0,4.0,5.0,7.0,johnthoggard|newhanover,2025,650342,John T Hoggard High,New Hanover,Wilmington,28403,09:12,H,Regular School,P,89.0,89.0%,591,0,Met,0.27,80.6,69.7,69.7%,544,0,38.9,38.9%,329,0,70.6,70.6%,470,0,Provisional name/county match,False,4305 Shipyard Blvd,,Wilmington,NC,28403,False,370333001379,name + county,John T Hoggard High,4305 Shipyard Blvd,Wilmington,28403,34.1996,-77.8929,NCES 2024-25,True
3.70333E+11,New Hanover High,New Hanover County Schools,NC,37129,New Hanover County,Wilmington,28401,1,0.48,24,18.0,31.0,29.0,39.0,28,28,22.0,58.0,75.0,60.0,50,27,22,29,20,33,28,12,37.0,16.0,33.0,6.0,10.0,21.0,43.0,28.0,52.0,22.0,7.0,59.0,41.0,37.0,13.0,46.0,57.0,49.0,81.0,72.0,16.0,0.0,1.0,0.0,5.0,6.0,9.0,newhanover|newhanover,2025,650352,New Hanover High,New Hanover,Wilmington,28401,09:12,H,Regular School,P,82.3,82.3%,424,0,NotMet,-8.39,52.6,43.5,43.5%,386,0,14.2,14.2%,303,0,44.6,44.6%,271,0,Provisional name/county match,False,1307 Market St,,Wilmington,NC,28401,False,370333001384,name + county,New Hanover High,1307 Market St,Wilmington,28401,34.2374,-77.9324,NCES 2024-25,True
3.70333E+11,Eugene Ashley High,New Hanover County Schools,NC,37129,New Hanover County,Wilmington,28412,1,0.48,21,14.0,26.0,36.0,39.0,27,14,8.0,31.0,87.0,60.0,45,27,22,29,20,33,28,12,28.0,12.0,33.0,5.0,12.0,21.0,37.0,28.0,32.0,32.0,6.0,70.0,41.0,37.0,9.0,37.0,54.0,41.0,77.0,81.0,9.0,0.0,1.0,0.0,3.0,6.0,6.0,eugeneashley|newhanover,2025,650327,Eugene Ashley High,New Hanover,Wilmington,28412,09:12,H,Regular School,P,89.6,89.6%,519,0,NotMet,-7.76,53.7,65.5,65.5%,464,0,32.0,32.0%,347,0,61.8,61.8%,434,0,Provisional name/county match,False,555 Halyburton Memorial Parkwy,,Wilmington,NC,28412,False,370333002595,name + county,Eugene Ashley High,555 Halyburton Memorial Parkwy,Wilmington,28412,34.1002,-77.9117,NCES 2024-25,True
3.70333E+11,Isaac M Bear Early College High School,New Hanover County Schools,NC,37129,New Hanover County,Wilmington,28403,1,0.48,23,16.0,30.0,34.0,39.0,28,23,13.0,53.0,84.0,60.0,50,27,22,29,20,33,28,12,34.0,12.0,33.0,5.0,9.0,21.0,49.0,28.0,41.0,26.0,7.0,68.0,41.0,37.0,11.0,41.0,57.0,45.0,78.0,77.0,11.0,0.0,1.0,0.0,4.0,6.0,8.0,isaacmbearearlycollege|newhanover,2025,650340,Isaac M Bear Early College High School,New Hanover,Wilmington,28403,09:12,H,Regular School,P,,>95%,60,1,NotMet,-3.83,60.8,,>95%,65,1,94.1,94.1%,17,0,94.7,94.7%,57,0,Provisional name/county match,False,630 MacMillan Avenue,,Wilmington,NC,28403,False,370333002888,name + county,Isaac M Bear Early College High School,630 MacMillan Avenue,Wilmington,28403,34.220519,-77.881225,NCES 2024-25,True
3.70333E+11,Wilmington Early College High,New Hanover County Schools,NC,37129,New Hanover County,Castle Hayne,28429,1,0.48,23,16.0,30.0,34.0,39.0,28,23,13.0,53.0,84.0,60.0,50,27,22,29,20,33,28,12,34.0,12.0,33.0,5.0,9.0,21.0,49.0,28.0,41.0,26.0,7.0,68.0,41.0,37.0,11.0,41.0,57.0,45.0,78.0,77.0,11.0,0.0,1.0,0.0,4.0,6.0,8.0,wilmingtonearlycollege|newhanover,2025,650394,Wilmington Early College High School,New Hanover,Castle Hayne,28429,09:13,H,Regular School,P,,>95%,54,1,Met,-0.95,75.2,86.0,86.0%,129,0,70.0,70.0%,40,0,92.4,92.4%,79,0,Provisional name/county match,False,4500 Blue Clay Rd,W,Castle Hayne,NC,28429,False,370333002915,name + county,Wilmington Early College High,4500 Blue Clay Rd,Castle Hayne,28429,34.3227,-77.8788,NCES 2024-25,True
3.70336E+11,Newton-Conover High,Newton Conover City Schools,NC,37035,Catawba County,Newton,28658,1,0.46,24,27.0,30.0,12.0,33.0,25,28,69.0,53.0,17.0,49.0,36,27,22,29,20,33,28,13,25.0,21.0,35.0,11.0,16.0,30.0,46.0,29.0,,20.0,4.0,,30.0,36.0,23.0,65.0,55.0,71.0,91.0,73.0,7.0,0.0,6.0,0.0,5.0,9.0,11.0,newtonconover|catawba,2025,182316,Newton-Conover High,Catawba,Newton,28658,09:12,H,Regular School,P,93.2,93.2%,191,0,NotMet,-3.98,60.1,48.1,48.1%,206,0,40.0,40.0%,155,0,43.5,43.5%,147,0,Provisional name/county match,False,338 W 15th Street,,Newton,NC,28658,False,370336001400,name + county,Newton-Conover High,338 W 15th Street,Newton,28658,35.6777,-81.2242,NCES 2024-25,True
3.70342E+11,Northampton County High School,Northampton County Schools,NC,37131,Northampton County,Gaston,27832,1,0.5,38,25.0,32.0,32.0,66.0,39,91,61.0,63.0,81.0,88.0,88,27,22,29,20,33,28,19,42.0,42.0,49.0,2.0,5.0,,41.0,51.0,,57.0,6.0,,71.0,62.0,26.0,68.0,63.0,77.0,88.0,41.0,52.0,1.0,1.0,0.0,1.0,4.0,3.0,northamptoncounty|northampton,2025,660336,Northampton County High School,Northampton,Gaston,27832,09:12,H,Regular School,P,67.4,67.4%,89,0,NotMet,-7.07,54.8,14.9,14.9%,67,0,10.9,10.9%,46,0,,<5%,39,2,Provisional name/county match,True,152 Hurricane Drive,,Gaston,NC,27832,False,370342001412,name + county,Northampton County High School,152 Hurricane Drive,Gaston,27832,36.511417,-77.653095,NCES 2024-25,True
3.70345E+11,Dixon High,Onslow County Schools,NC,37133,Onslow County,Holly Ridge,28445,1,0.42,22,17.0,27.0,27.0,30.0,25,18,17.0,37.0,70.0,43.0,36,27,22,29,20,33,28,14,23.0,26.0,26.0,0.0,5.0,27.0,55.0,21.0,,51.0,4.0,,30.0,30.0,11.0,56.0,60.0,61.0,85.0,77.0,9.0,1.0,1.0,0.0,1.0,11.0,10.0,dixon|onslow,2025,670320,Dixon High,Onslow,Holly Ridge,28445,09:12,H,Regular School,P,88.1,88.1%,294,0,Met,0.03,80.0,70.4,70.4%,297,0,40.4,40.4%,228,0,63.5,63.5%,222,0,Provisional name/county match,False,160 Dixon School Rd,,Holly Ridge,NC,28445,False,370345001421,name + county,Dixon High,160 Dixon School Rd,Holly Ridge,28445,34.585127,-77.479563,NCES 2024-25,True
3.70345E+11,Jacksonville High,Onslow County Schools,NC,37133,Onslow County,Jacksonville,28540,1,0.42,25,19.0,32.0,37.0,30.0,29,33,27.0,63.0,89.0,43.0,55,27,22,29,20,33,28,14,44.0,14.0,26.0,3.0,9.0,27.0,57.0,21.0,45.0,25.0,6.0,81.0,30.0,30.0,10.0,59.0,54.0,66.0,89.0,65.0,17.0,1.0,2.0,0.0,3.0,12.0,12.0,jacksonville|onslow,2025,670324,Jacksonville High,Onslow,Jacksonville,28540,09:12,H,Regular School,P,91.5,91.5%,375,0,Exceeded,8.39,97.3,59.3,59.3%,364,0,44.9,44.9%,323,0,59.4,59.4%,342,0,Provisional name/county match,False,1021 Henderson Dr,,Jacksonville,NC,28540,False,370345001423,name + county,Jacksonville High,1021 Henderson Dr,Jacksonville,28540,34.7844,-77.427,NCES 2024-25,True
3.70345E+11,Richlands High,Onslow County Schools,NC,37133,Onslow County,Richlands,28574,1,0.42,26,19.0,30.0,18.0,30.0,25,39,27.0,53.0,40.0,43.0,36,27,22,29,20,33,28,14,47.0,17.0,26.0,0.0,5.0,27.0,68.0,21.0,,32.0,5.0,,30.0,30.0,13.0,63.0,58.0,67.0,91.0,73.0,12.0,1.0,1.0,0.0,3.0,10.0,10.0,richlands|onslow,2025,670340,Richlands High,Onslow,Richlands,28574,09:12,H,Regular School,P,93.6,93.6%,281,0,NotMet,-3.27,63.6,50.6,50.6%,269,0,33.6,33.6%,235,0,56.7,56.7%,210,0,Provisional name/county match,False,8100 Richlands Hwy,,Richlands,NC,28574,False,370345001429,name + county,Richlands High,8100 Richlands Hwy,Richlands,28574,34.8921,-77.5442,NCES 2024-25,True
3.70345E+11,Southwest High,Onslow County Schools,NC,37133,Onslow County,Jacksonville,28540,1,0.42,24,20.0,32.0,42.0,30.0,30,28,33.0,63.0,95.0,43.0,59,27,22,29,20,33,28,14,41.0,14.0,26.0,3.0,6.0,27.0,73.0,21.0,33.0,30.0,5.0,90.0,30.0,30.0,12.0,62.0,55.0,66.0,91.0,69.0,13.0,1.0,2.0,0.0,3.0,13.0,13.0,southwest|onslow,2025,670344,Southwest High,Onslow,Jacksonville,28540,09:12,H,Regular School,P,86.4,86.4%,206,0,NotMet,-5.85,56.9,47.3,47.3%,182,0,18.4,18.4%,179,0,48.7,48.7%,195,0,Provisional name/county match,False,1420 Burgaw Hwy,,Jacksonville,NC,28540,False,370345001431,name + county,Southwest High,1420 Burgaw Hwy,Jacksonville,28540,34.749,-77.4827,NCES 2024-25,True
3.70345E+11,Swansboro High,Onslow County Schools,NC,37133,Onslow County,Swansboro,28584,1,0.42,28,19.0,25.0,17.0,30.0,24,51,27.0,26.0,36.0,43.0,31,27,22,29,20,33,28,14,49.0,24.0,26.0,2.0,4.0,27.0,46.0,21.0,,29.0,4.0,,30.0,30.0,14.0,59.0,54.0,65.0,89.0,75.0,11.0,1.0,1.0,0.0,2.0,11.0,9.0,swansboro|onslow,2025,670352,Swansboro High,Onslow,Swansboro,28584,09:12,H,Regular School,P,89.4,89.4%,312,0,Exceeded,4.93,91.5,70.4,70.4%,341,0,55.7,55.7%,255,0,61.7,61.7%,266,0,Provisional name/county match,False,161 Queens Creek Rd,,Swansboro,NC,28584,False,370345001434,name + county,Swansboro High,161 Queens Creek Rd,Swansboro,28584,34.6982,-77.1544,NCES 2024-25,True
3.70345E+11,White Oak High,Onslow County Schools,NC,37133,Onslow County,Jacksonville,28546,1,0.42,24,21.0,31.0,37.0,30.0,29,28,39.0,58.0,89.0,43.0,55,27,22,29,20,33,28,14,42.0,14.0,26.0,4.0,11.0,27.0,57.0,21.0,40.0,28.0,6.0,76.0,30.0,30.0,12.0,62.0,59.0,66.0,90.0,62.0,20.0,1.0,1.0,0.0,3.0,13.0,14.0,whiteoak|onslow,2025,670364,White Oak High,Onslow,Jacksonville,28546,09:12,H,Regular School,P,85.3,85.3%,367,0,NotMet,-2.61,66.9,46.3,46.3%,320,0,32.7,32.7%,309,0,48.4,48.4%,285,0,Provisional name/county match,False,1001 Piney Green Rd,,Jacksonville,NC,28546,False,370345001440,name + county,White Oak High,1001 Piney Green Rd,Jacksonville,28546,34.7685,-77.3484,NCES 2024-25,True
3.70345E+11,Northside High,Onslow County Schools,NC,37133,Onslow County,Jacksonville,28546,1,0.42,24,20.0,31.0,38.0,30.0,29,28,33.0,58.0,90.0,43.0,55,27,22,29,20,33,28,14,45.0,12.0,26.0,4.0,10.0,27.0,60.0,21.0,38.0,24.0,6.0,83.0,30.0,30.0,10.0,61.0,58.0,66.0,89.0,61.0,18.0,0.0,2.0,0.0,4.0,13.0,16.0,northside|onslow,2025,670333,Northside High,Onslow,Jacksonville,28546,09:12,H,Regular School,P,91.8,91.8%,279,0,Exceeded,2.08,85.2,52.5,52.5%,276,0,38.9,38.9%,193,0,50.2,50.2%,267,0,Provisional name/county match,False,365 Commons Drive South,,Jacksonville,NC,28546,False,370345002598,name + county,Northside High,365 Commons Drive South,Jacksonville,28546,34.7911,-77.3884,NCES 2024-25,True
3.70345E+11,Onslow Early College,Onslow County Schools,NC,37133,Onslow County,Jacksonville,28546,0,0.42,25,22.0,33.0,37.0,30.0,29,33,45.0,67.0,89.0,43.0,55,27,22,29,20,33,28,14,48.0,12.0,26.0,6.0,9.0,27.0,57.0,21.0,50.0,30.0,6.0,75.0,30.0,30.0,12.0,62.0,61.0,65.0,89.0,59.0,21.0,1.0,2.0,0.0,4.0,14.0,15.0,onslowearlycollege|onslow,2025,670300,Onslow Early College,Onslow,Jacksonville,28546,09:12,H,Regular School,P,,>95%,41,1,Exceeded,2.92,87.3,,>95%,51,1,,,,,,>95%,50,1,Provisional name/county match,False,444 Western Blvd,,Jacksonville,NC,28546,False,370345003425,name + county,Onslow Early College,444 Western Blvd,Jacksonville,28546,34.772632,-77.385902,NCES 2024-25,True
3.70348E+11,Orange High,Orange County Schools,NC,37135,Orange County,Hillsborough,27278,1,0.51,26,19.0,27.0,35.0,11.0,24,39,27.0,37.0,86.0,6.0,31,27,22,29,20,33,28,11,56.0,14.0,23.0,7.0,6.0,28.0,58.0,27.0,17.0,20.0,4.0,82.0,14.0,9.0,15.0,45.0,60.0,52.0,77.0,72.0,16.0,0.0,2.0,0.0,4.0,7.0,10.0,orange|orange,2025,680332,Orange High,Orange,Hillsborough,27278,09:12,H,Regular School,P,90.6,90.6%,339,0,Exceeded,4.23,90.3,54.6,54.6%,269,0,28.4,28.4%,229,0,49.6,49.6%,250,0,Provisional name/county match,False,500 Orange High Rd,,Hillsborough,NC,27278,False,370348001447,name + county,Orange High,500 Orange High Rd,Hillsborough,27278,36.0929,-79.0947,NCES 2024-25,True
3.70348E+11,Cedar Ridge High,Orange County Schools,NC,37135,Orange County,Hillsborough,27278,1,0.51,26,18.0,27.0,31.0,11.0,23,39,22.0,37.0,79.0,6.0,26,27,22,29,20,33,28,11,59.0,12.0,23.0,11.0,8.0,28.0,62.0,27.0,11.0,22.0,4.0,66.0,14.0,9.0,15.0,35.0,68.0,50.0,61.0,69.0,10.0,1.0,5.0,0.0,6.0,9.0,15.0,cedarridge|orange,2025,680310,Cedar Ridge High,Orange,Hillsborough,27278,09:12,H,Regular School,P,87.1,87.1%,287,0,Exceeded,6.54,94.2,65.7,65.7%,297,0,34.3,34.3%,207,0,52.2,52.2%,247,0,Provisional name/county match,False,1125 New Grady Brown Sch Rd,,Hillsborough,NC,27278,False,370348002645,name + county,Cedar Ridge High,1125 New Grady Brown Sch Rd,Hillsborough,27278,36.0541,-79.1262,NCES 2024-25,True
3.70348E+11,Partnership Academy,Orange County Schools,NC,37135,Orange County,Hillsborough,27278,0,0.51,30,18.0,26.0,32.0,11.0,24,63,22.0,31.0,81.0,6.0,31,27,22,29,20,33,28,11,71.0,14.0,23.0,8.0,3.0,28.0,54.0,27.0,19.0,13.0,4.0,80.0,14.0,9.0,16.0,40.0,61.0,49.0,72.0,72.0,17.0,0.0,1.0,0.0,3.0,6.0,12.0,partnershipacademy|orange,2025,680335,Partnership Academy,Orange,Hillsborough,27278,09:12,H,Alternative Educat,P,64.4,64.4%,45,0,Met,-0.51,,25.0,25.0%,12,0,,<5%,10,2,,,,,Provisional name/county match,False,920 Corporate Drive,,Hillsborough,NC,27278,False,370348002788,name + county,Partnership Academy,920 Corporate Drive,Hillsborough,27278,36.063797,-79.081358,NCES 2024-25,True
3.70351E+11,Pamlico County High,Pamlico County Schools,NC,37137,Pamlico County,Bayboro,28515,1,0.45,28,21.0,29.0,34.0,100.0,42,51,39.0,47.0,84.0,97.0,93,27,22,29,20,33,28,15,34.0,32.0,30.0,2.0,4.0,,47.0,36.0,,63.0,5.0,,,100.0,16.0,63.0,56.0,73.0,88.0,76.0,16.0,0.0,1.0,0.0,2.0,5.0,5.0,pamlicocounty|pamlico,2025,690320,Pamlico County High School,Pamlico,Bayboro,28515,09:12,H,Regular School,P,82.2,82.2%,118,0,Met,0.31,80.7,59.2,59.2%,103,0,48.1,48.1%,81,0,54.6,54.6%,108,0,Provisional name/county match,True,601 Main Street,,Bayboro,NC,28515,False,370351001450,name + county,Pamlico County High,601 Main Street,Bayboro,28515,35.1426,-76.7792,NCES 2024-25,True
3.70354E+11,Northeastern High,Elizabeth City-Pasquotank Public Schools,NC,37139,Pasquotank County,Elizabeth City,27909,1,0.43,27,19.0,32.0,18.0,64.0,32,45,27.0,63.0,40.0,86.0,68,27,22,29,20,33,28,15,29.0,18.0,46.0,1.0,7.0,38.0,49.0,34.0,,30.0,6.0,,47.0,80.0,17.0,58.0,57.0,64.0,87.0,55.0,36.0,0.0,1.0,0.0,2.0,5.0,5.0,northeastern|pasquotank,2025,700317,Northeastern High,Pasquotank,Elizabeth City,27909,09:12,H,Regular School,P,80.7,80.7%,212,0,Met,-1.27,73.6,45.5,45.5%,178,0,21.6,21.6%,51,0,25.0,25.0%,144,0,Provisional name/county match,False,963 Oak Stump Rd,,Elizabeth City,NC,27909,False,370354001456,name + county,Northeastern High,963 Oak Stump Rd,Elizabeth City,27909,36.2865,-76.2549,NCES 2024-25,True
3.70354E+11,H L Trigg Community,Elizabeth City-Pasquotank Public Schools,NC,37139,Pasquotank County,Elizabeth City,27909,0,0.43,26,19.0,32.0,17.0,64.0,32,39,27.0,63.0,36.0,86.0,68,27,22,29,20,33,28,15,26.0,17.0,46.0,1.0,6.0,38.0,52.0,34.0,,29.0,6.0,,47.0,80.0,16.0,59.0,59.0,64.0,88.0,58.0,33.0,0.0,1.0,0.0,2.0,6.0,6.0,hltriggcommunity|pasquotank,2025,700310,H L Trigg Community School,Pasquotank,Elizabeth City,27909,06:12,T,Alternative Educat,P,,,,,,,,,,,,,,,,,,,,Provisional name/county match,False,1004 Parkview Drive,,Elizabeth City,NC,27909,False,370354002344,name + county,H L Trigg Community,1004 Parkview Drive,Elizabeth City,27909,36.2862,-76.2123,NCES 2024-25,True
3.70354E+11,Pasquotank County High,Elizabeth City-Pasquotank Public Schools,NC,37139,Pasquotank County,Elizabeth City,27909,1,0.43,26,20.0,31.0,17.0,64.0,31,39,33.0,58.0,36.0,86.0,63,27,22,29,20,33,28,15,24.0,19.0,46.0,1.0,5.0,38.0,46.0,34.0,,28.0,6.0,,47.0,80.0,16.0,62.0,59.0,67.0,89.0,61.0,29.0,0.0,1.0,0.0,2.0,6.0,5.0,pasquotankcounty|pasquotank,2025,700319,Pasquotank County High,Pasquotank,Elizabeth City,27909,09:12,H,Regular School,P,80.4,80.4%,179,0,Met,-1.8,71.0,36.9,36.9%,179,0,20.7,20.7%,145,0,19.9,19.9%,141,0,Provisional name/county match,False,1064 Northside Road,,Elizabeth City,NC,27909,False,370354002537,name + county,Pasquotank County High,1064 Northside Road,Elizabeth City,27909,36.3655,-76.2735,NCES 2024-25,True
3.70354E+11,Elizabeth City Pasquotank Early College,Elizabeth City-Pasquotank Public Schools,NC,37139,Pasquotank County,Elizabeth City,27909,0,0.43,26,19.0,32.0,17.0,64.0,32,39,27.0,63.0,36.0,86.0,68,27,22,29,20,33,28,15,26.0,17.0,46.0,1.0,6.0,38.0,52.0,34.0,,29.0,6.0,,47.0,80.0,16.0,59.0,59.0,64.0,88.0,58.0,33.0,0.0,1.0,0.0,2.0,6.0,6.0,elizabethcitypasquotankearlycollege|pasquotank,2025,700325,Elizabeth City Pasquotank Early College,Pasquotank,Elizabeth City,27909,09:12,H,Regular School,P,,>95%,29,1,Exceeded,2.23,,92.3,92.3%,26,0,,,,,61.5,61.5%,26,0,Provisional name/county match,False,1208 N Road St,,Elizabeth City,NC,27909,False,370354003426,name + county,Elizabeth City Pasquotank Early College,1208 N Road St,Elizabeth City,27909,36.324896,-76.220249,NCES 2024-25,True
3.70357E+11,Pender High,Pender County Schools,NC,37141,Pender County,Burgaw,28425,1,0.43,29,26.0,32.0,25.0,22.0,27,58,66.0,63.0,64.0,27.0,45,27,22,29,20,33,28,12,45.0,32.0,27.0,6.0,10.0,36.0,51.0,29.0,,45.0,4.0,,27.0,17.0,23.0,69.0,60.0,76.0,92.0,60.0,25.0,1.0,0.0,0.0,8.0,7.0,13.0,pender|pender,2025,710326,Pender High School,Pender,Burgaw,28425,09:12,H,Regular School,P,81.4,81.4%,215,0,NotMet,-5.51,57.4,29.2,29.2%,161,0,6.6,6.6%,137,0,39.5,39.5%,157,0,Provisional name/county match,False,5380 NC Hwy 53 W,,Burgaw,NC,28425,False,370357001466,name + county,Pender High,5380 NC Hwy 53 W,Burgaw,28425,34.5459,-78.0123,NCES 2024-25,True
3.70357E+11,Topsail High,Pender County Schools,NC,37141,Pender County,Hampstead,28443,1,0.43,25,15.0,32.0,23.0,22.0,23,33,11.0,63.0,58.0,27.0,26,27,22,29,20,33,28,12,51.0,11.0,27.0,3.0,8.0,36.0,55.0,29.0,,41.0,5.0,,27.0,17.0,9.0,44.0,60.0,47.0,79.0,82.0,7.0,0.0,1.0,0.0,3.0,6.0,6.0,topsail|pender,2025,710342,Topsail High School,Pender,Hampstead,28443,09:12,H,Regular School,P,,>95%,493,1,Exceeded,4.06,90.1,77.4,77.4%,474,0,56.7,56.7%,353,0,74.6,74.6%,472,0,Provisional name/county match,False,245 St. Johns Church Road,,Hampstead,NC,28443,False,370357001469,name + county,Topsail High,245 St. Johns Church Road,Hampstead,28443,34.395709,-77.681587,NCES 2024-25,True
3.70357E+11,Heide Trask High,Pender County Schools,NC,37141,Pender County,Rocky Point,28457,1,0.43,27,22.0,33.0,18.0,22.0,24,45,45.0,67.0,40.0,27.0,31,27,22,29,20,33,28,12,44.0,24.0,27.0,3.0,10.0,36.0,58.0,29.0,,33.0,4.0,,27.0,17.0,18.0,62.0,56.0,68.0,90.0,71.0,14.0,1.0,0.0,0.0,6.0,8.0,13.0,heidetrask|pender,2025,710321,Heide Trask High School,Pender,Rocky Point,28457,09:12,H,Regular School,P,91.3,91.3%,208,0,NotMet,-4.01,59.9,48.2,48.2%,170,0,23.1,23.1%,160,0,29.6,29.6%,186,0,Provisional name/county match,False,14328 NC Hwy 210,,Rocky Point,NC,28457,False,370357002646,name + county,Heide Trask High,14328 NC Hwy 210,Rocky Point,28457,34.4378,-77.8925,NCES 2024-25,True
3.70357E+11,Pender Early College High,Pender County Schools,NC,37141,Pender County,Burgaw,28425,1,0.43,26,20.0,32.0,22.0,22.0,24,39,33.0,63.0,54.0,27.0,31,27,22,29,20,33,28,12,48.0,20.0,27.0,4.0,9.0,36.0,56.0,29.0,,39.0,5.0,,27.0,17.0,15.0,55.0,59.0,60.0,86.0,73.0,14.0,1.0,1.0,0.0,5.0,7.0,10.0,penderearlycollege|pender,2025,710327,Pender Early College High School,Pender,Burgaw,28425,09:13,H,Regular School,P,,>95%,48,1,Exceeded,2.4,86.0,,>95%,58,1,90.9,90.9%,33,0,,>95%,46,1,Provisional name/county match,False,100 East Industrial Drive,,Burgaw,NC,28425,False,370357002906,name + county,Pender Early College High,100 East Industrial Drive,Burgaw,28425,34.5437,-77.9228,NCES 2024-25,True
3.7036E+11,Perquimans County High,Perquimans County Schools,NC,37143,Perquimans County,Hertford,27944,1,0.41,28,22.0,26.0,19.0,56.0,30,51,45.0,31.0,44.0,80.0,59,27,22,29,20,33,28,15,36.0,24.0,39.0,3.0,5.0,,48.0,25.0,,34.0,4.0,,,56.0,17.0,64.0,60.0,73.0,88.0,67.0,25.0,0.0,1.0,0.0,2.0,5.0,3.0,perquimanscounty|perquimans,2025,720316,Perquimans County High,Perquimans,Hertford,27944,09:12,H,Regular School,P,94.8,94.8%,155,0,NotMet,-7.98,53.3,53.1,53.1%,147,0,22.9,22.9%,109,0,40.2,40.2%,132,0,Provisional name/county match,False,305 Edenton Road St,,Hertford,NC,27944,False,370360001475,name + county,Perquimans County High,305 Edenton Road St,Hertford,27944,36.18413,-76.474249,NCES 2024-25,True
3.70363E+11,Person High,Person County Schools,NC,37145,Person County,Roxboro,27573,0,0.48,30,23.0,32.0,18.0,47.0,30,63,51.0,63.0,40.0,71.0,59,27,22,29,20,33,28,12,47.0,22.0,41.0,3.0,5.0,45.0,39.0,41.0,,31.0,5.0,,41.0,53.0,18.0,66.0,53.0,75.0,92.0,64.0,27.0,1.0,0.0,0.0,1.0,7.0,6.0,person|person,2025,730352,Person High,Person,Roxboro,27573,09:12,H,Regular School,P,90.6,90.6%,307,0,NotMet,-8.86,51.9,42.2,42.2%,303,0,27.6,27.6%,283,0,41.0,41.0%,217,0,Provisional name/county match,False,1010 Ridge Rd,,Roxboro,NC,27573,False,370363001484,name + county,Person High,1010 Ridge Rd,Roxboro,27573,36.411024,-78.98042,NCES 2024-25,True
3.70372E+11,Polk County High School,Polk County Schools,NC,37149,Polk County,Columbus,28722,1,0.48,29,21.0,25.0,24.0,39.0,28,58,39.0,26.0,61.0,60.0,50,27,22,29,20,33,28,12,54.0,27.0,22.0,6.0,8.0,,49.0,20.0,,44.0,4.0,,,39.0,16.0,58.0,60.0,66.0,84.0,87.0,4.0,0.0,0.0,0.0,2.0,7.0,9.0,polkcounty|polk,2025,750318,Polk County High School,Polk,Columbus,28722,09:12,H,Regular School,P,86.1,86.1%,144,0,NotMet,-3.47,62.6,67.4,67.4%,144,0,35.3,35.3%,119,0,40.7,40.7%,145,0,Provisional name/county match,False,1681 East NC 108 Hwy,,Columbus,NC,28722,False,370372000785,name + county,Polk County High School,1681 East NC 108 Hwy,Columbus,28722,35.2656,-82.1852,NCES 2024-25,True
3.70372E+11,Polk County Early College,Polk County Schools,NC,37149,Polk County,Columbus,28722,1,0.48,29,21.0,25.0,24.0,39.0,28,58,39.0,26.0,61.0,60.0,50,27,22,29,20,33,28,12,54.0,27.0,22.0,6.0,8.0,,49.0,20.0,,44.0,4.0,,,39.0,16.0,58.0,60.0,66.0,84.0,87.0,4.0,0.0,0.0,0.0,2.0,7.0,9.0,polkcountyearlycollege|polk,2025,750317,Polk County Early College,Polk,Columbus,28722,09:12,H,Regular School,P,95.0,95.0%,40,0,Met,-0.09,,,>95%,10,1,,,,,86.7,86.7%,15,0,Provisional name/county match,False,1545 East NC 108 Hwy,,Columbus,NC,28722,False,370372003006,name + county,Polk County Early College,1545 East NC 108 Hwy,Columbus,28722,35.263799,-82.183293,NCES 2024-25,True
3.70378E+11,Eastern Randolph High School,Randolph County School System,NC,37151,Randolph County,Ramseur,27316,1,0.42,29,28.0,36.0,17.0,29.0,28,58,72.0,80.0,36.0,42.0,50,27,22,29,20,33,28,13,47.0,29.0,29.0,7.0,6.0,44.0,61.0,31.0,,30.0,5.0,,19.0,39.0,25.0,72.0,60.0,78.0,95.0,79.0,8.0,0.0,0.0,0.0,4.0,10.0,13.0,easternrandolph|randolph,2025,760318,Eastern Randolph High School,Randolph,Ramseur,27316,09:12,H,Regular School,P,86.5,86.5%,126,0,NotMet,-9.59,50.6,24.6,24.6%,171,0,10.6,10.6%,142,0,28.5,28.5%,130,0,Provisional name/county match,False,390 Eastern Randolph Rd,,Ramseur,NC,27316,False,370378001519,name + county,Eastern Randolph High School,390 Eastern Randolph Rd,Ramseur,27316,35.7555,-79.6175,NCES 2024-25,True
3.70378E+11,Randleman High School,Randolph County School System,NC,37151,Randolph County,Randleman,27317,1,0.42,25,26.0,40.0,41.0,29.0,32,33,66.0,90.0,94.0,42.0,68,27,22,29,20,33,28,13,38.0,21.0,29.0,5.0,7.0,44.0,52.0,31.0,67.0,21.0,4.0,100.0,19.0,39.0,26.0,68.0,59.0,73.0,92.0,83.0,4.0,0.0,1.0,0.0,7.0,5.0,13.0,randleman|randolph,2025,760348,Randleman High School,Randolph,Randleman,27317,09:12,H,Regular School,P,87.6,87.6%,218,0,NotMet,-3.85,60.7,39.0,39.0%,213,0,22.4,22.4%,161,0,47.2,47.2%,197,0,Provisional name/county match,False,4396 Tigers Den Rd,,Randleman,NC,27317,False,370378001527,name + county,Randleman High School,4396 Tigers Den Rd,Randleman,27317,35.8265,-79.8211,NCES 2024-25,True
3.70378E+11,Southwestern Randolph High School,Randolph County School System,NC,37151,Randolph County,Asheboro,27205,1,0.42,26,26.0,35.0,14.0,29.0,26,39,66.0,76.0,25.0,42.0,41,27,22,29,20,33,28,13,35.0,27.0,29.0,6.0,6.0,44.0,57.0,31.0,,25.0,3.0,,19.0,39.0,26.0,68.0,57.0,74.0,92.0,86.0,4.0,0.0,1.0,0.0,3.0,6.0,9.0,southwesternrandolph|randolph,2025,760358,Southwestern Randolph High School,Randolph,Asheboro,27205,09:12,H,Regular School,P,94.2,94.2%,223,0,NotMet,-4.1,59.8,55.8,55.8%,163,0,17.5,17.5%,143,0,39.7,39.7%,199,0,Provisional name/county match,False,1641 Hopewell Friends Rd,,Asheboro,NC,27205,False,370378001530,name + county,Southwestern Randolph High School,1641 Hopewell Friends Rd,Asheboro,27205,35.624705,-79.869737,NCES 2024-25,True
3.70378E+11,Trinity High School,Randolph County School System,NC,37151,Randolph County,Trinity,27370,1,0.42,25,28.0,39.0,39.0,29.0,32,33,72.0,88.0,92.0,42.0,68,27,22,29,20,33,28,13,39.0,20.0,29.0,11.0,5.0,44.0,49.0,31.0,65.0,18.0,4.0,95.0,19.0,39.0,25.0,68.0,60.0,74.0,91.0,73.0,12.0,0.0,4.0,0.0,5.0,5.0,11.0,trinity|randolph,2025,760380,Trinity High School,Randolph,Trinity,27370,09:12,H,Regular School,P,87.6,87.6%,170,0,Met,1.78,84.4,56.3,56.3%,183,0,34.1,34.1%,132,0,48.6,48.6%,144,0,Provisional name/county match,False,5746 Trinity High Drive,,Trinity,NC,27370,False,370378001534,name + county,Trinity High School,5746 Trinity High Drive,Trinity,27370,35.8943,-79.9977,NCES 2024-25,True
3.70378E+11,Uwharrie Ridge Six-Twelve,Randolph County School System,NC,37151,Randolph County,Trinity,27370,0,0.42,23,24.0,30.0,11.0,29.0,24,23,56.0,53.0,13.0,42.0,31,27,22,29,20,33,28,13,28.0,21.0,29.0,4.0,5.0,44.0,39.0,31.0,,20.0,3.0,,19.0,39.0,24.0,67.0,58.0,73.0,92.0,87.0,4.0,0.0,2.0,0.0,3.0,4.0,5.0,uwharrieridgesixtwelve|randolph,2025,760382,Uwharrie Ridge Six-Twelve,Randolph,Trinity,27370,06:12,T,Regular School,P,82.2,82.2%,45,0,NotMet,-3.43,62.8,33.3,33.3%,45,0,26.5,26.5%,49,0,50.0,50.0%,20,0,Provisional name/county match,False,1463 Pleasant Union Road,,Trinity,NC,27370,False,370378002647,name + county,Uwharrie Ridge Six-Twelve,1463 Pleasant Union Road,Trinity,27370,35.718,-79.9911,NCES 2024-25,True
3.70378E+11,Randolph Early College High School,Randolph County School System,NC,37151,Randolph County,Asheboro,27205,1,0.42,26,28.0,40.0,40.0,29.0,33,39,72.0,90.0,93.0,42.0,71,27,22,29,20,33,28,13,41.0,23.0,29.0,8.0,5.0,44.0,55.0,31.0,65.0,22.0,4.0,95.0,19.0,39.0,25.0,69.0,61.0,75.0,93.0,80.0,7.0,0.0,2.0,0.0,5.0,6.0,12.0,randolphearlycollege|randolph,2025,760354,Randolph Early College High School,Randolph,Asheboro,27205,09:13,H,Regular School,P,,>95%,84,1,Exceeded,6.09,93.4,86.8,86.8%,76,0,65.0,65.0%,40,0,,>95%,90,1,Provisional name/county match,False,629 Industrial Park Avenue,,Asheboro,NC,27205,False,370378002883,name + county,Randolph Early College High School,629 Industrial Park Avenue,Asheboro,27205,35.6728,-79.8285,NCES 2024-25,True
3.70378E+11,Providence Grove High School,Randolph County School System,NC,37151,Randolph County,Climax,27233,1,0.42,27,27.0,35.0,14.0,29.0,27,45,69.0,76.0,25.0,42.0,45,27,22,29,20,33,28,13,47.0,21.0,29.0,6.0,6.0,44.0,59.0,31.0,,24.0,4.0,,19.0,39.0,23.0,73.0,65.0,78.0,94.0,81.0,5.0,1.0,0.0,0.0,6.0,7.0,14.0,providencegrove|randolph,2025,760339,Providence Grove High School,Randolph,Climax,27233,09:12,H,Regular School,P,94.0,94.0%,149,0,NotMet,-4.39,59.3,39.4,39.4%,165,0,20.4,20.4%,108,0,53.0,53.0%,134,0,Provisional name/county match,False,5555 Mack Lineberry Rd,,Climax,NC,27233,False,370378003016,name + county,Providence Grove High School,5555 Mack Lineberry Rd,Climax,27233,35.8502,-79.7136,NCES 2024-25,True
3.70378E+11,Wheatmore High School,Randolph County School System,NC,37151,Randolph County,Trinity,27370,1,0.42,26,25.0,30.0,11.0,29.0,24,39,61.0,53.0,13.0,42.0,31,27,22,29,20,33,28,13,39.0,22.0,29.0,4.0,4.0,44.0,40.0,31.0,,19.0,4.0,,19.0,39.0,25.0,68.0,58.0,74.0,93.0,86.0,4.0,0.0,2.0,0.0,4.0,4.0,7.0,wheatmore|randolph,2025,760388,Wheatmore High School,Randolph,Trinity,27370,09:12,H,Regular School,P,92.7,92.7%,165,0,Exceeded,4.11,90.1,60.8,60.8%,166,0,52.3,52.3%,149,0,54.9,54.9%,153,0,Provisional name/county match,False,3678 Finch Farm Rd,,Trinity,NC,27370,False,370378003100,name + county,Wheatmore High School,3678 Finch Farm Rd,Trinity,27370,35.8291,-80.0071,NCES 2024-25,True
3.70387E+11,Ashley Chapel Educational Center,Richmond County Schools,NC,37153,Richmond County,Rockingham,28379,0,0.47,41,27.0,40.0,22.0,55.0,37,95,69.0,90.0,54.0,79.0,83,27,22,29,20,33,28,16,58.0,26.0,63.0,7.0,5.0,61.0,46.0,49.0,,37.0,7.0,,68.0,42.0,26.0,69.0,54.0,80.0,91.0,57.0,32.0,2.0,1.0,0.0,5.0,4.0,8.0,ashleychapeleducationalcenter|richmond,2025,770342,Ashley Chapel Educational Center,Richmond,Rockingham,28379,06:12,T,Alternative Educat,P,57.4,57.4%,101,0,Met,-1.89,,12.5,12.5%,16,0,,<5%,12,2,,,,,Provisional name/county match,True,377 Mizpah Road,,Rockingham,NC,28379,False,370387000788,name + county,Ashley Chapel Educational Center,377 Mizpah Road,Rockingham,28379,34.897049,-79.784233,NCES 2024-25,True
3.70387E+11,Richmond Senior High,Richmond County Schools,NC,37153,Richmond County,Rockingham,28379,1,0.47,40,27.0,40.0,24.0,55.0,37,94,69.0,90.0,61.0,79.0,83,27,22,29,20,33,28,16,54.0,26.0,63.0,6.0,6.0,61.0,45.0,49.0,,41.0,6.0,,68.0,42.0,26.0,71.0,53.0,81.0,93.0,55.0,33.0,3.0,1.0,0.0,3.0,5.0,6.0,richmondsenior|richmond,2025,770348,Richmond Senior High,Richmond,Rockingham,28379,10:12,H,Regular School,P,83.3,83.3%,528,0,NotMet,-13.94,50.0,31.8,31.8%,431,0,9.5,9.5%,21,0,24.8,24.8%,411,0,Provisional name/county match,True,838 US 1 North,,Rockingham,NC,28379,False,370387001557,name + county,Richmond Senior High,838 US 1 North,Rockingham,28379,34.9495,-79.7157,NCES 2024-25,True
3.70387E+11,Richmond Early College High,Richmond County Schools,NC,37153,Richmond County,Hamlet,28345,1,0.47,40,27.0,40.0,24.0,55.0,37,94,69.0,90.0,61.0,79.0,83,27,22,29,20,33,28,16,54.0,26.0,63.0,6.0,6.0,61.0,45.0,49.0,,41.0,6.0,,68.0,42.0,26.0,71.0,53.0,81.0,93.0,55.0,33.0,3.0,1.0,0.0,3.0,5.0,6.0,richmondearlycollege|richmond,2025,770349,Richmond Early College High,Richmond,Hamlet,28345,09:13,H,Regular School,P,,>95%,74,1,Met,1.35,83.3,,>95%,73,1,,>95%,23,1,94.4,94.4%,72,0,Provisional name/county match,True,1042 W Hamlet Ave,,Hamlet,NC,28345,True,370387002916,name + county,Richmond Early College High,1042 W Hamlet Ave,Hamlet,28345,34.905198,-79.709745,NCES 2024-25,True
3.7039E+11,Roanoke Rapids High School,Roanoke Rapids City Schools,NC,37083,Halifax County,Roanoke Rapids,27870,1,0.49,43,25.0,40.0,16.0,66.0,38,97,61.0,90.0,32.0,88.0,85,27,22,29,20,33,28,23,57.0,30.0,63.0,1.0,8.0,60.0,41.0,51.0,,25.0,7.0,,90.0,42.0,26.0,70.0,71.0,74.0,91.0,49.0,40.0,0.0,1.0,0.0,3.0,7.0,5.0,roanokerapids|halifax,2025,421316,Roanoke Rapids High School,Halifax,Roanoke Rapids,27870,09:12,H,Regular School,P,85.1,85.1%,241,0,NotMet,-9.02,51.6,30.3,30.3%,188,0,29.8,29.8%,141,0,30.3,30.3%,178,0,Provisional name/county match,True,800 Hamilton Street,,Roanoke Rapids,NC,27870,False,370390001564,name + county,Roanoke Rapids High School,800 Hamilton Street,Roanoke Rapids,27870,36.458924,-77.653829,NCES 2024-25,True
3.7039E+11,Roanoke Rapids Early College High,Roanoke Rapids City Schools,NC,37083,Halifax County,Roanoke Rapids,27870,0,0.49,45,25.0,42.0,18.0,66.0,39,98,61.0,94.0,40.0,88.0,88,27,22,29,20,33,28,23,63.0,32.0,63.0,2.0,10.0,60.0,48.0,51.0,,29.0,7.0,,90.0,42.0,24.0,70.0,67.0,74.0,92.0,49.0,42.0,1.0,2.0,0.0,3.0,5.0,4.0,roanokerapidsearlycollege|halifax,2025,421336,Roanoke Rapids Early College High School,Halifax,Roanoke Rapids,27870,09:13,H,Regular School,P,,>95%,27,1,Exceeded,4.83,91.3,,>95%,29,1,74.2,74.2%,31,0,66.7,66.7%,21,0,Provisional name/county match,True,844 Hamilton St,,Roanoke Rapids,NC,27870,True,370390003481,name + county,Roanoke Rapids Early College High,844 Hamilton St,Roanoke Rapids,27870,36.457474,-77.654501,NCES 2024-25,True
3.70393E+11,Purnell Swett High,Public Schools Of Robeson County,NC,37155,Robeson County,Pembroke,28372,1,0.51,46,28.0,51.0,37.0,84.0,49,98,72.0,100.0,89.0,94.0,99,27,22,29,20,33,28,22,59.0,48.0,55.0,2.0,5.0,62.0,49.0,48.0,89.0,29.0,7.0,75.0,100.0,67.0,35.0,73.0,67.0,78.0,93.0,14.0,21.0,58.0,1.0,0.0,3.0,3.0,4.0,purnellswett|robeson,2025,780420,Purnell Swett High,Robeson,Pembroke,28372,09:12,H,Regular School,P,84.1,84.1%,440,0,NotMet,-4.37,59.3,35.9,35.9%,412,0,22.7,22.7%,97,0,29.9,29.9%,294,0,Provisional name/county match,True,11344 Deep Branch Road,,Pembroke,NC,28372,False,370393002102,name + county,Purnell Swett High,11344 Deep Branch Road,Pembroke,28372,34.6961,-79.2467,NCES 2024-25,True
3.70393E+11,Fairmont High,Public Schools Of Robeson County,NC,37155,Robeson County,Fairmont,28340,1,0.51,48,28.0,52.0,41.0,84.0,50,99,72.0,100.0,94.0,94.0,99,27,22,29,20,33,28,22,67.0,48.0,55.0,2.0,6.0,62.0,53.0,48.0,89.0,40.0,6.0,78.0,100.0,67.0,31.0,75.0,56.0,85.0,94.0,40.0,33.0,19.0,0.0,0.0,4.0,4.0,5.0,fairmont|robeson,2025,780325,Fairmont High,Robeson,Fairmont,28340,09:12,H,Regular School,P,84.5,84.5%,213,0,Exceeded,2.36,85.9,36.5,36.5%,197,0,25.4,25.4%,138,0,19.2,19.2%,146,0,Provisional name/county match,True,5419 Old Stage Road,,Fairmont,NC,28340,False,370393002232,name + county,Fairmont High,5419 Old Stage Road,Fairmont,28340,34.479,-79.0951,NCES 2024-25,True
3.70393E+11,Lumberton Senior High,Public Schools Of Robeson County,NC,37155,Robeson County,Lumberton,28358,1,0.51,44,28.0,46.0,38.0,84.0,48,97,72.0,98.0,90.0,94.0,98,27,22,29,20,33,28,22,61.0,37.0,55.0,5.0,8.0,62.0,49.0,48.0,62.0,34.0,6.0,74.0,100.0,67.0,31.0,70.0,56.0,80.0,91.0,37.0,24.0,26.0,1.0,0.0,9.0,3.0,11.0,lumbertonsenior|robeson,2025,780342,Lumberton Senior High,Robeson,Lumberton,28358,09:12,H,Regular School,P,83.8,83.8%,464,0,Met,1.97,84.9,41.5,41.5%,460,0,30.6,30.6%,337,0,39.7,39.7%,340,0,Provisional name/county match,True,3901 Fayetteville Rd,,Lumberton,NC,28358,False,370393002237,name + county,Lumberton Senior High,3901 Fayetteville Rd,Lumberton,28358,34.6464,-78.9984,NCES 2024-25,True
3.70393E+11,Red Springs High,Public Schools Of Robeson County,NC,37155,Robeson County,Red Springs,28377,1,0.51,45,31.0,41.0,18.0,84.0,44,98,78.0,92.0,40.0,94.0,96,27,22,29,20,33,28,22,59.0,43.0,55.0,8.0,7.0,62.0,46.0,48.0,,29.0,6.0,,100.0,67.0,35.0,75.0,64.0,81.0,94.0,21.0,22.0,46.0,1.0,0.0,6.0,5.0,11.0,redsprings|robeson,2025,780391,Red Springs High,Robeson,Red Springs,28377,09:12,H,Regular School,P,83.4,83.4%,217,0,Exceeded,2.14,85.3,38.7,38.7%,212,0,20.9,20.9%,215,0,20.6,20.6%,175,0,Provisional name/county match,True,509 N Vance Street,,Red Springs,NC,28377,False,370393002239,name + county,Red Springs High,509 N Vance Street,Red Springs,28377,34.8232,-79.1857,NCES 2024-25,True
3.70393E+11,Saint Pauls High,Public Schools Of Robeson County,NC,37155,Robeson County,Saint Pauls,28384,1,0.51,42,29.0,40.0,42.0,84.0,47,96,75.0,90.0,95.0,94.0,98,27,22,29,20,33,28,22,62.0,28.0,55.0,10.0,7.0,62.0,50.0,48.0,35.0,24.0,5.0,97.0,100.0,67.0,28.0,67.0,58.0,76.0,90.0,39.0,17.0,26.0,1.0,0.0,10.0,6.0,16.0,saintpauls|robeson,2025,780401,Saint Pauls High,Robeson,Saint Pauls,28384,09:12,H,Regular School,P,92.0,92.0%,262,0,Exceeded,3.41,88.5,40.7,40.7%,280,0,30.5,30.5%,256,0,26.2,26.2%,282,0,Provisional name/county match,True,648 North Old Stage Rd,,Saint Pauls,NC,28384,False,370393002244,name + county,Saint Pauls High,648 North Old Stage Rd,Saint Pauls,28384,34.81469,-78.976803,NCES 2024-25,True
3.70393E+11,Psrc Early College At Rcc,Public Schools Of Robeson County,NC,37155,Robeson County,Lumberton,28360,1,0.51,45,28.0,46.0,37.0,84.0,48,98,72.0,98.0,89.0,94.0,98,27,22,29,20,33,28,22,62.0,39.0,55.0,6.0,7.0,62.0,50.0,48.0,62.0,31.0,6.0,74.0,100.0,67.0,30.0,71.0,59.0,80.0,92.0,36.0,25.0,27.0,1.0,0.0,6.0,5.0,10.0,psrcearlycollegeatrcc|robeson,2025,780385,PSRC Early College at RCC,Robeson,Lumberton,28360,09:13,H,Regular School,P,,>95%,39,1,Exceeded,2.69,86.7,93.2,93.2%,74,0,84.2,84.2%,38,0,90.2,90.2%,51,0,Provisional name/county match,True,5170 Fayetteville Road,,Lumberton,NC,28360,True,370393002791,name + county,PSRC Early College at RCC,5160 Fayetteville Road,Lumberton,28360,34.6759,-79.0074,NCES 2024-25,False
3.70399E+11,John M Morehead High,Rockingham County Schools,NC,37157,Rockingham County,Eden,27288,1,0.45,33,26.0,31.0,20.0,45.0,31,77,66.0,58.0,47.0,68.0,63,27,22,29,20,33,28,15,44.0,31.0,41.0,4.0,3.0,41.0,48.0,34.0,,37.0,4.0,,49.0,41.0,24.0,73.0,57.0,83.0,94.0,71.0,20.0,1.0,0.0,0.0,3.0,4.0,6.0,johnmmorehead|rockingham,2025,790354,John M Morehead High,Rockingham,Eden,27288,09:12,H,Regular School,P,86.5,86.5%,208,0,NotMet,-7.09,54.8,42.0,42.0%,188,0,24.0,24.0%,154,0,30.9,30.9%,191,0,Provisional name/county match,False,134 N Pierce St,,Eden,NC,27288,False,370399001072,name + county,John M Morehead High,134 N Pierce St,Eden,27288,36.5054,-79.7351,NCES 2024-25,True
3.70399E+11,Reidsville High,Rockingham County Schools,NC,37157,Rockingham County,Reidsville,27320,1,0.45,34,24.0,31.0,16.0,45.0,30,81,56.0,58.0,32.0,68.0,59,27,22,29,20,33,28,15,53.0,27.0,41.0,2.0,6.0,41.0,46.0,34.0,,27.0,5.0,,49.0,41.0,24.0,68.0,55.0,78.0,91.0,70.0,20.0,0.0,0.0,0.0,2.0,7.0,6.0,reidsville|rockingham,2025,790366,Reidsville High,Rockingham,Reidsville,27320,09:12,H,Regular School,P,78.4,78.4%,222,0,NotMet,-6.11,56.4,29.9,29.9%,174,0,25.2,25.2%,159,0,29.4,29.4%,160,0,Provisional name/county match,False,1901 S Park Dr,,Reidsville,NC,27320,False,370399001543,name + county,Reidsville High,1901 S Park Dr,Reidsville,27320,36.330535,-79.675568,NCES 2024-25,True
3.70399E+11,Rockingham County High,Rockingham County Schools,NC,37157,Rockingham County,Reidsville,27320,1,0.45,35,25.0,33.0,16.0,45.0,31,84,61.0,67.0,32.0,68.0,63,27,22,29,20,33,28,15,55.0,27.0,41.0,3.0,4.0,41.0,54.0,34.0,,28.0,4.0,,49.0,41.0,24.0,68.0,55.0,78.0,91.0,74.0,15.0,1.0,0.0,0.0,3.0,6.0,7.0,rockinghamcounty|rockingham,2025,790378,Rockingham County High,Rockingham,Reidsville,27320,09:12,H,Regular School,P,90.5,90.5%,222,0,NotMet,-7.33,54.4,50.2,50.2%,225,0,21.4,21.4%,173,0,50.0,50.0%,184,0,Provisional name/county match,False,180 High School Rd,,Reidsville,NC,27320,False,370399001595,name + county,Rockingham County High,180 High School Rd,Reidsville,27320,36.3859,-79.7407,NCES 2024-25,True
3.70399E+11,Dalton Mcmichael High,Rockingham County Schools,NC,37157,Rockingham County,Mayodan,27027,1,0.45,33,26.0,33.0,16.0,45.0,31,77,66.0,67.0,32.0,68.0,63,27,22,29,20,33,28,15,45.0,31.0,41.0,5.0,3.0,41.0,55.0,34.0,,29.0,3.0,,49.0,41.0,24.0,70.0,56.0,80.0,92.0,80.0,12.0,1.0,0.0,0.0,2.0,5.0,6.0,daltonmcmichael|rockingham,2025,790314,Dalton McMichael High,Rockingham,Mayodan,27027,09:12,H,Regular School,P,76.9,76.9%,182,0,Met,-1.81,70.9,51.0,51.0%,198,0,43.0,43.0%,121,0,43.3,43.3%,141,0,Provisional name/county match,False,6845 Hwy 135,,Mayodan,NC,27027,False,370399002306,name + county,Dalton McMichael High,6845 Hwy 135,Mayodan,27027,36.417,-79.9426,NCES 2024-25,True
3.70399E+11,Rockingham Co Early College High,Rockingham County Schools,NC,37157,Rockingham County,Wentworth,27375,1,0.45,33,26.0,32.0,17.0,45.0,31,77,66.0,63.0,36.0,68.0,63,27,22,29,20,33,28,15,45.0,31.0,41.0,4.0,3.0,41.0,50.0,34.0,,30.0,4.0,,49.0,41.0,25.0,71.0,58.0,79.0,93.0,74.0,17.0,1.0,0.0,0.0,2.0,6.0,7.0,rockinghamcountyearlycollege|rockingham,2025,790379,Rockingham Co Early College High,Rockingham,Wentworth,27375,09:13,H,Regular School,P,,>95%,82,1,Met,0.92,82.3,89.4,89.4%,94,0,89.7,89.7%,29,0,93.3,93.3%,75,0,Provisional name/county match,False,215 Wrenn Memorial Road,,Wentworth,NC,27375,False,370399003014,name + county,Rockingham Co Early College High,215 Wrenn Memorial Road,Wentworth,27375,36.387854,-79.756941,NCES 2024-25,True
3.70405E+11,East Rowan High,Rowan-Salisbury Schools,NC,37159,Rowan County,Salisbury,28146,1,0.45,27,21.0,34.0,16.0,43.0,28,45,39.0,72.0,32.0,65.0,50,27,22,29,20,33,28,13,39.0,19.0,37.0,3.0,4.0,39.0,56.0,39.0,,28.0,4.0,,51.0,35.0,16.0,62.0,56.0,66.0,91.0,85.0,8.0,0.0,1.0,0.0,1.0,5.0,5.0,eastrowan|rowan,2025,800340,East Rowan High School,Rowan,Salisbury,28146,09:12,H,Regular School,P,84.6,84.6%,266,0,Met,-0.89,75.5,49.6,49.6%,280,0,16.7,16.7%,216,0,52.7,52.7%,224,0,Provisional name/county match,False,175 St Luke's Church Rd,,Salisbury,NC,28146,False,370405001616,name + county,East Rowan High,175 St Luke's Church Rd,Salisbury,28146,35.5935,-80.4231,NCES 2024-25,True
3.70405E+11,North Rowan High,Rowan-Salisbury Schools,NC,37159,Rowan County,Spencer,28159,1,0.45,30,22.0,35.0,18.0,43.0,29,63,45.0,76.0,40.0,65.0,55,27,22,29,20,33,28,13,55.0,17.0,37.0,4.0,5.0,39.0,56.0,39.0,,31.0,4.0,,51.0,35.0,16.0,61.0,57.0,67.0,89.0,72.0,21.0,0.0,1.0,0.0,2.0,5.0,6.0,northrowan|rowan,2025,800376,North Rowan High School,Rowan,Spencer,28159,09:12,H,Regular School,P,88.6,88.6%,166,0,NotMet,-5.08,58.2,30.6,30.6%,144,0,,<5%,123,2,27.3,27.3%,132,0,Provisional name/county match,False,300 North Whitehead Ave,,Spencer,NC,28159,False,370405001625,name + county,North Rowan High,300 North Whitehead Ave,Spencer,28159,35.6974,-80.4297,NCES 2024-25,True
3.70405E+11,South Rowan High,Rowan-Salisbury Schools,NC,37159,Rowan County,China Grove,28023,1,0.45,24,25.0,36.0,37.0,43.0,33,28,61.0,80.0,89.0,65.0,71,27,22,29,20,33,28,13,31.0,15.0,37.0,12.0,6.0,39.0,59.0,39.0,35.0,19.0,3.0,89.0,51.0,35.0,19.0,59.0,55.0,64.0,89.0,75.0,9.0,0.0,1.0,0.0,6.0,8.0,14.0,southrowan|rowan,2025,800400,South Rowan High School,Rowan,China Grove,28023,09:12,H,Regular School,P,91.5,91.5%,246,0,NotMet,-5.9,56.8,38.2,38.2%,241,0,15.4,15.4%,201,0,40.5,40.5%,195,0,Provisional name/county match,False,1655 Patterson St,,China Grove,NC,28023,False,370405001629,name + county,South Rowan High,1655 Patterson St,China Grove,28023,35.5731,-80.61,NCES 2024-25,True
3.70405E+11,West Rowan High,Rowan-Salisbury Schools,NC,37159,Rowan County,Mount Ulla,28125,1,0.45,27,27.0,31.0,39.0,43.0,33,45,69.0,58.0,92.0,65.0,71,27,22,29,20,33,28,13,42.0,16.0,37.0,12.0,9.0,39.0,58.0,39.0,11.0,21.0,3.0,94.0,51.0,35.0,18.0,66.0,58.0,72.0,91.0,71.0,13.0,1.0,1.0,0.0,6.0,8.0,13.0,westrowan|rowan,2025,800408,West Rowan High School,Rowan,Mount Ulla,28125,09:12,H,Regular School,P,91.6,91.6%,263,0,NotMet,-5.09,58.1,42.9,42.9%,275,0,10.5,10.5%,209,0,38.9,38.9%,229,0,Provisional name/county match,False,8050 NC 801 Hwy,,Mount Ulla,NC,28125,False,370405001630,name + county,West Rowan High,8050 NC 801 Hwy,Mount Ulla,28125,35.6993,-80.6431,NCES 2024-25,True
3.70405E+11,Salisbury High,Rowan-Salisbury Schools,NC,37159,Rowan County,Salisbury,28144,1,0.45,30,28.0,33.0,17.0,43.0,30,63,72.0,67.0,36.0,65.0,59,27,22,29,20,33,28,13,51.0,18.0,37.0,15.0,4.0,39.0,50.0,39.0,,29.0,6.0,,51.0,35.0,20.0,63.0,66.0,68.0,87.0,58.0,29.0,1.0,1.0,0.0,4.0,7.0,12.0,salisbury|rowan,2025,800396,Salisbury High School,Rowan,Salisbury,28144,09:12,H,Regular School,P,84.7,84.7%,274,0,Exceeded,2.09,85.2,35.9,35.9%,256,0,16.2,16.2%,204,0,29.0,29.0%,207,0,Provisional name/county match,False,500 Lincolnton Rd,,Salisbury,NC,28144,False,370405002253,name + county,Salisbury High,500 Lincolnton Rd,Salisbury,28144,35.6644,-80.4847,NCES 2024-25,True
3.70405E+11,Rowan Co Early College,Rowan-Salisbury Schools,NC,37159,Rowan County,Salisbury,28146,1,0.45,27,25.0,35.0,40.0,43.0,34,45,61.0,76.0,93.0,65.0,74,27,22,29,20,33,28,13,41.0,17.0,37.0,9.0,7.0,39.0,56.0,39.0,35.0,25.0,4.0,90.0,51.0,35.0,18.0,62.0,58.0,68.0,90.0,75.0,13.0,0.0,1.0,0.0,4.0,7.0,10.0,rowancountyearlycollege|rowan,2025,800394,Rowan County Early College,Rowan,Salisbury,28146,09:12,H,Regular School,P,,>95%,56,1,Exceeded,7.87,96.4,89.5,89.5%,57,0,68.6,68.6%,35,0,93.0,93.0%,57,0,Provisional name/county match,False,1333 Jake Alexander Blvd S,,Salisbury,NC,28146,False,370405003035,name + county,Rowan Co Early College,1333 Jake Alexander Blvd S,Salisbury,28146,35.637709,-80.480575,NCES 2024-25,True
3.70408E+11,Chase High School,Rutherford County Schools,NC,37161,Rutherford County,Forest City,28043,1,0.47,31,23.0,29.0,18.0,32.0,26,69,51.0,47.0,40.0,47.0,41,27,22,29,20,33,28,18,41.0,28.0,37.0,3.0,7.0,32.0,43.0,34.0,,32.0,3.0,,17.0,46.0,21.0,64.0,48.0,78.0,88.0,84.0,7.0,0.0,0.0,0.0,3.0,5.0,6.0,chase|rutherford,2025,810324,CHASE High School,Rutherford,Forest City,28043,09:12,H,Regular School,P,,>95%,156,1,Exceeded,4.77,91.2,66.7,66.7%,132,0,56.5,56.5%,108,0,53.4,53.4%,116,0,Provisional name/county match,False,1603 Chase High Rd,,Forest City,NC,28043,False,370408001636,name + county,Chase High School,1603 Chase High Rd,Forest City,28043,35.2506,-81.8427,NCES 2024-25,True
3.70408E+11,East Rutherford High School,Rutherford County Schools,NC,37161,Rutherford County,Bostic,28018,1,0.47,33,24.0,32.0,20.0,32.0,28,77,56.0,63.0,47.0,47.0,50,27,22,29,20,33,28,18,46.0,29.0,37.0,3.0,4.0,32.0,57.0,34.0,,37.0,4.0,,17.0,46.0,23.0,66.0,51.0,77.0,90.0,83.0,9.0,0.0,1.0,0.0,2.0,5.0,4.0,eastrutherford|rutherford,2025,810340,East Rutherford High School,Rutherford,Bostic,28018,09:12,H,Regular School,P,94.7,94.7%,170,0,NotMet,-2.09,69.5,56.2,56.2%,137,0,42.3,42.3%,111,0,49.2,49.2%,126,0,Provisional name/county match,False,331 East High Rd,,Bostic,NC,28018,False,370408001640,name + county,East Rutherford High School,331 East High Rd,Bostic,28018,35.340594,-81.818253,NCES 2024-25,True
3.70408E+11,R-S Central High School,Rutherford County Schools,NC,37161,Rutherford County,Rutherfordton,28139,1,0.47,33,22.0,30.0,24.0,32.0,28,77,45.0,53.0,61.0,47.0,50,27,22,29,20,33,28,18,50.0,29.0,37.0,3.0,3.0,32.0,51.0,34.0,,43.0,5.0,,17.0,46.0,19.0,62.0,54.0,71.0,88.0,84.0,8.0,0.0,0.0,0.0,2.0,6.0,5.0,rscentral|rutherford,2025,810384,R-S Central High School,Rutherford,Rutherfordton,28139,09:12,H,Regular School,P,,>95%,181,1,NotMet,-4.19,59.6,56.5,56.5%,186,0,19.9,19.9%,146,0,44.0,44.0%,175,0,Provisional name/county match,False,641 Hwy 221 North,,Rutherfordton,NC,28139,False,370408001651,name + county,R-S Central High School,641 Hwy 221 North,Rutherfordton,28139,35.402634,-81.967691,NCES 2024-25,True
3.70408E+11,Rutherford Opportunity Center,Rutherford County Schools,NC,37161,Rutherford County,Forest City,28043,0,0.47,32,26.0,30.0,18.0,32.0,28,73,66.0,53.0,40.0,47.0,50,27,22,29,20,33,28,18,47.0,27.0,37.0,7.0,6.0,32.0,49.0,34.0,,32.0,5.0,,17.0,46.0,24.0,66.0,55.0,77.0,89.0,76.0,13.0,0.0,1.0,0.0,4.0,7.0,7.0,rutherfordopportunitycenter|rutherford,2025,810386,Rutherford Opportunity Center,Rutherford,Forest City,28043,06:12,T,Alternative Educat,P,73.2,73.2%,71,0,NotMet,-6.27,56.2,8.0,8.0%,25,0,,<5%,22,2,,,,,Provisional name/county match,False,140 Old Caroleen Road,,Forest City,NC,28043,False,370408002607,name + county,Rutherford Opportunity Center,140 Old Caroleen Road,Forest City,28043,35.32976,-81.85805,NCES 2024-25,True
3.70408E+11,Rutherford Early College High School,Rutherford County Schools,NC,37161,Rutherford County,Spindale,28160,1,0.47,33,22.0,30.0,23.0,32.0,28,77,45.0,53.0,58.0,47.0,50,27,22,29,20,33,28,18,47.0,30.0,37.0,3.0,5.0,32.0,50.0,34.0,,41.0,4.0,,17.0,46.0,20.0,63.0,51.0,74.0,88.0,85.0,7.0,0.0,1.0,0.0,2.0,5.0,5.0,rutherfordearlycollege|rutherford,2025,810385,Rutherford Early College High School,Rutherford,Spindale,28160,09:13,H,Regular School,P,,>95%,50,1,NotMet,-2.33,68.3,88.2,88.2%,51,0,58.8,58.8%,17,0,94.5,94.5%,55,0,Provisional name/county match,False,286 ICC Loop Road,,Spindale,NC,28160,False,370408002793,name + county,Rutherford Early College High School,286 ICC Loop Road,Spindale,28160,35.33471,-81.913687,NCES 2024-25,True
3.70414E+11,Hobbton High,Sampson County Schools,NC,37163,Sampson County,Newton Grove,28366,1,0.45,35,30.0,30.0,23.0,67.0,37,84,77.0,53.0,58.0,88.0,83,27,22,29,20,33,28,16,57.0,33.0,35.0,11.0,6.0,26.0,55.0,34.0,,42.0,4.0,,53.0,80.0,27.0,70.0,56.0,78.0,93.0,60.0,22.0,2.0,0.0,0.0,11.0,5.0,18.0,hobbton|sampson,2025,820348,Hobbton High,Sampson,Newton Grove,28366,09:12,H,Regular School,P,87.4,87.4%,127,0,Met,-0.43,77.8,53.3,53.3%,120,0,33.0,33.0%,88,0,28.4,28.4%,102,0,Provisional name/county match,True,12201 Hobbton Hwy,,Newton Grove,NC,28366,False,370414001672,name + county,Hobbton High,12201 Hobbton Hwy,Newton Grove,28366,35.177781,-78.329097,NCES 2024-25,True
3.70414E+11,Lakewood High,Sampson County Schools,NC,37163,Sampson County,Salemburg,28385,1,0.45,32,27.0,31.0,23.0,67.0,36,73,69.0,58.0,58.0,88.0,80,27,22,29,20,33,28,16,52.0,26.0,35.0,10.0,11.0,26.0,53.0,34.0,,42.0,4.0,,53.0,80.0,21.0,66.0,52.0,74.0,92.0,60.0,22.0,2.0,0.0,0.0,11.0,4.0,15.0,lakewood|sampson,2025,820349,Lakewood High,Sampson,Salemburg,28385,09:12,H,Regular School,P,80.9,80.9%,141,0,Met,1.94,84.8,57.6,57.6%,118,0,17.3,17.3%,104,0,28.6,28.6%,84,0,Provisional name/county match,True,245 Lakewood School Rd,,Salemburg,NC,28385,False,370414001674,name + county,Lakewood High,245 Lakewood School Rd,Salemburg,28385,34.990777,-78.502174,NCES 2024-25,True
3.70414E+11,Midway High,Sampson County Schools,NC,37163,Sampson County,Newton Grove,28366,1,0.45,35,28.0,31.0,22.0,67.0,37,84,72.0,58.0,54.0,88.0,83,27,22,29,20,33,28,16,59.0,29.0,35.0,10.0,7.0,26.0,57.0,34.0,,40.0,4.0,,53.0,80.0,24.0,69.0,56.0,75.0,93.0,63.0,20.0,2.0,0.0,0.0,10.0,5.0,16.0,midway|sampson,2025,820352,Midway High,Sampson,Newton Grove,28366,09:12,H,Regular School,P,90.2,90.2%,183,0,Met,-1.21,73.9,66.9,66.9%,172,0,51.5,51.5%,134,0,39.7,39.7%,174,0,Provisional name/county match,True,15274 Spiveys Corner Highway,,Newton Grove,NC,28366,True,370414001676,name + county,Midway High,15274 Spiveys Corner Highway,Newton Grove,28366,35.175081,-78.473133,NCES 2024-25,True
3.70414E+11,Union High,Sampson County Schools,NC,37163,Sampson County,Rose Hill,28458,1,0.45,32,30.0,29.0,23.0,67.0,36,73,77.0,47.0,58.0,88.0,80,27,22,29,20,33,28,16,42.0,36.0,35.0,13.0,12.0,26.0,46.0,34.0,,42.0,5.0,,53.0,80.0,25.0,70.0,53.0,78.0,94.0,48.0,30.0,1.0,0.0,0.0,17.0,4.0,21.0,union|sampson,2025,820388,Union High,Sampson,Rose Hill,28458,09:12,H,Regular School,P,83.6,83.6%,116,0,Met,-1.21,73.9,44.7,44.7%,132,0,21.8,21.8%,124,0,23.6,23.6%,110,0,Provisional name/county match,True,1189 Kader Merritt Road,,Rose Hill,NC,28458,False,370414001683,name + county,Union High,1189 Kader Merritt Road,Rose Hill,28458,34.809133,-78.236994,NCES 2024-25,True
3.70414E+11,Sampson Early College High,Sampson County Schools,NC,37163,Sampson County,Clinton,28329,1,0.45,33,28.0,30.0,22.0,67.0,36,77,72.0,53.0,54.0,88.0,80,27,22,29,20,33,28,16,51.0,31.0,35.0,10.0,8.0,26.0,51.0,34.0,,40.0,4.0,,53.0,80.0,24.0,68.0,54.0,75.0,93.0,60.0,22.0,2.0,0.0,0.0,11.0,5.0,17.0,sampsonearlycollege|sampson,2025,820324,Sampson Early College High,Sampson,Clinton,28329,09:13,H,Regular School,P,,>95%,55,1,Exceeded,2.12,85.3,90.0,90.0%,50,0,89.3,89.3%,28,0,,>95%,53,1,Provisional name/county match,True,1801 Sunset Ave,,Clinton,NC,28329,True,370414003086,name + county,Sampson Early College High,1801 Sunset Ave,Clinton,28329,34.990386,-78.360878,NCES 2024-25,True
3.7042E+11,Shaw Academy,Scotland County Schools,NC,37165,Scotland County,Laurinburg,28352,0,0.53,41,27.0,44.0,20.0,80.0,43,95,69.0,96.0,47.0,94.0,95,27,22,29,20,33,28,23,57.0,27.0,59.0,3.0,6.0,52.0,56.0,61.0,,33.0,8.0,,100.0,60.0,31.0,71.0,67.0,78.0,91.0,36.0,42.0,11.0,2.0,0.0,2.0,7.0,4.0,shawacademy|scotland,2025,830316,Shaw Academy,Scotland,Laurinburg,28352,06:12,T,Alternative Educat,P,,>95%,57,1,NotMet,-2.29,68.5,15.4,15.4%,26,0,,<5%,21,2,,<5%,22,2,Provisional name/county match,True,18700 Old Wire Road,,Laurinburg,NC,28352,False,370420001687,name + county,Shaw Academy,18700 Old Wire Road,Laurinburg,28352,34.8587,-79.4168,NCES 2024-25,True
3.7042E+11,Scotland Early College High,Scotland County Schools,NC,37165,Scotland County,Laurinburg,28352,1,0.53,42,28.0,41.0,20.0,80.0,42,96,72.0,92.0,47.0,94.0,93,27,22,29,20,33,28,23,53.0,32.0,59.0,3.0,6.0,52.0,46.0,61.0,,34.0,6.0,,100.0,60.0,31.0,75.0,63.0,83.0,93.0,42.0,36.0,12.0,1.0,0.0,3.0,6.0,5.0,scotlandearlycollege|scotland,2025,830348,Scotland Early College High,Scotland,Laurinburg,28352,09:13,H,Regular School,P,,>95%,59,1,Exceeded,6.13,93.5,87.1,87.1%,62,0,81.0,81.0%,21,0,60.8,60.8%,51,0,Provisional name/county match,True,615 W. Covington Street,,Laurinburg,NC,28352,True,370420003007,name + county,Scotland Early College High,615 W. Covington Street,Laurinburg,28352,34.772992,-79.47123,NCES 2024-25,True
3.7042E+11,Scotland High School,Scotland County Schools,NC,37165,Scotland County,Laurinburg,28352,1,0.53,42,28.0,41.0,20.0,80.0,42,96,72.0,92.0,47.0,94.0,93,27,22,29,20,33,28,23,53.0,32.0,59.0,3.0,6.0,52.0,46.0,61.0,,34.0,6.0,,100.0,60.0,31.0,75.0,63.0,83.0,93.0,42.0,36.0,12.0,1.0,0.0,3.0,6.0,5.0,scotland|scotland,2025,830343,Scotland High School,Scotland,Laurinburg,28352,09:12,H,Regular School,P,88.1,88.1%,337,0,Exceeded,2.2,85.5,38.0,38.0%,295,0,19.2,19.2%,286,0,24.7,24.7%,263,0,Provisional name/county match,True,1000 West Church St,,Laurinburg,NC,28352,False,370420003231,name + county,Scotland High School,1000 West Church St,Laurinburg,28352,34.7781,-79.4774,NCES 2024-25,True
3.70432E+11,Albemarle High,Stanly County Schools,NC,37167,Stanly County,Albemarle,28001,1,0.45,31,24.0,35.0,23.0,32.0,29,69,56.0,76.0,58.0,47.0,55,27,22,29,20,33,28,11,51.0,29.0,32.0,4.0,10.0,48.0,48.0,35.0,,41.0,5.0,,27.0,36.0,22.0,65.0,51.0,70.0,94.0,70.0,19.0,1.0,3.0,1.0,3.0,3.0,6.0,albemarle|stanly,2025,840302,Albemarle High School,Stanly,Albemarle,28001,09:12,H,Regular School,P,82.8,82.8%,116,0,Met,0.39,80.9,36.4,36.4%,118,0,15.7,15.7%,83,0,14.1,14.1%,78,0,Provisional name/county match,False,311 Park Ridge Road,,Albemarle,NC,28001,False,370432000022,name + county,Albemarle High,311 Park Ridge Road,Albemarle,28001,35.371228,-80.193145,NCES 2024-25,True
3.70432E+11,North Stanly High,Stanly County Schools,NC,37167,Stanly County,New London,28127,1,0.45,27,21.0,33.0,25.0,32.0,28,45,39.0,67.0,64.0,47.0,50,27,22,29,20,33,28,11,44.0,23.0,32.0,1.0,7.0,48.0,44.0,35.0,,46.0,3.0,,27.0,36.0,20.0,62.0,48.0,69.0,92.0,86.0,7.0,0.0,2.0,0.0,1.0,3.0,3.0,northstanly|stanly,2025,840332,North Stanly High School,Stanly,New London,28127,09:12,H,Regular School,P,79.2,79.2%,159,0,NotMet,-4.03,59.9,46.2,46.2%,130,0,10.7,10.7%,112,0,43.0,43.0%,121,0,Provisional name/county match,False,40206 US Hwy 52 N,,New London,NC,28127,False,370432001713,name + county,North Stanly High,40206 US Hwy 52 N,New London,28127,35.4269,-80.2125,NCES 2024-25,True
3.70432E+11,South Stanly High,Stanly County Schools,NC,37167,Stanly County,Norwood,28128,1,0.45,27,23.0,32.0,26.0,32.0,28,45,51.0,63.0,67.0,47.0,50,27,22,29,20,33,28,11,43.0,22.0,32.0,1.0,6.0,48.0,41.0,35.0,,48.0,4.0,,27.0,36.0,22.0,67.0,54.0,74.0,92.0,77.0,18.0,0.0,1.0,0.0,1.0,3.0,3.0,southstanly|stanly,2025,840356,South Stanly High School,Stanly,Norwood,28128,09:12,H,Regular School,P,87.4,87.4%,119,0,Met,1.04,82.6,46.6,46.6%,118,0,24.4,24.4%,90,0,27.5,27.5%,102,0,Provisional name/county match,False,40488 S Stanly School Rd,,Norwood,NC,28128,False,370432001718,name + county,South Stanly High,40488 S Stanly School Rd,Norwood,28128,35.2308,-80.1636,NCES 2024-25,True
3.70432E+11,West Stanly High,Stanly County Schools,NC,37167,Stanly County,Oakboro,28129,1,0.45,26,21.0,37.0,12.0,32.0,26,39,39.0,83.0,17.0,47.0,41,27,22,29,20,33,28,11,46.0,18.0,32.0,5.0,8.0,48.0,56.0,35.0,,21.0,3.0,,27.0,36.0,16.0,58.0,51.0,62.0,91.0,87.0,5.0,0.0,1.0,0.0,3.0,3.0,5.0,weststanly|stanly,2025,840368,West Stanly High School,Stanly,Oakboro,28129,09:12,H,Regular School,P,91.1,91.1%,214,0,Met,0.84,82.1,68.3,68.3%,186,0,52.7,52.7%,205,0,52.2,52.2%,157,0,Provisional name/county match,False,306 East Red Cross Road,,Oakboro,NC,28129,False,370432001720,name + county,West Stanly High,306 East Red Cross Road,Oakboro,28129,35.2678,-80.3468,NCES 2024-25,True
3.70432E+11,Stanly Early College High,Stanly County Schools,NC,37167,Stanly County,Albemarle,28001,1,0.45,26,22.0,35.0,21.0,32.0,27,39,45.0,76.0,51.0,47.0,45,27,22,29,20,33,28,11,42.0,21.0,32.0,4.0,7.0,48.0,51.0,35.0,,37.0,4.0,,27.0,36.0,20.0,62.0,52.0,67.0,92.0,82.0,10.0,0.0,2.0,0.0,2.0,3.0,5.0,stanlyearlycollege|stanly,2025,840361,Stanly Early College High School,Stanly,Albemarle,28001,09:13,H,Regular School,P,,>95%,41,1,Exceeded,2.97,87.4,,>95%,44,1,85.2,85.2%,27,0,,>95%,39,1,Provisional name/county match,False,141 College Drive,,Albemarle,NC,28001,False,370432002890,name + county,Stanly Early College High,141 College Drive,Albemarle,28001,35.339441,-80.236162,NCES 2024-25,True
3.70432E+11,Stanly Academy Learning Center,Stanly County Schools,NC,37167,Stanly County,Albemarle,28001,0,0.45,28,22.0,33.0,19.0,32.0,26,51,45.0,67.0,44.0,47.0,41,27,22,29,20,33,28,11,48.0,21.0,32.0,1.0,8.0,48.0,40.0,35.0,,34.0,3.0,,27.0,36.0,21.0,64.0,48.0,73.0,92.0,82.0,8.0,1.0,3.0,1.0,2.0,4.0,5.0,stanlyacademylearningcenter|stanly,2025,840370,Stanly Academy Learning Center,Stanly,Albemarle,28001,08:12,H,Alternative Educat,P,29.6,29.6%,27,0,,,,,,,,,,,,,,,,Provisional name/county match,False,1121 Austin St,,Albemarle,NC,28001,False,370432003008,name + county,Stanly Academy Learning Center,1121 Austin St,Albemarle,28001,35.362746,-80.209382,NCES 2024-25,True
3.70432E+11,Stanly Stem Early College,Stanly County Schools,NC,37167,Stanly County,Albemarle,28001,0,0.45,28,22.0,33.0,19.0,32.0,26,51,45.0,67.0,44.0,47.0,41,27,22,29,20,33,28,11,48.0,21.0,32.0,1.0,8.0,48.0,40.0,35.0,,34.0,3.0,,27.0,36.0,21.0,64.0,48.0,73.0,92.0,82.0,8.0,1.0,3.0,1.0,2.0,4.0,5.0,stanlystemearlycollege|stanly,2025,840362,Stanly STEM Early College,Stanly,Albemarle,28001,09:13,H,Regular School,P,,>95%,32,1,Exceeded,4.75,91.2,,>95%,43,1,61.5,61.5%,26,0,91.3,91.3%,46,0,Provisional name/county match,False,311 Park Ridge Road,,Albemarle,NC,28001,False,370432003513,name + county,Stanly STEM Early College,311 Park Ridge Road,Albemarle,28001,35.371228,-80.193145,NCES 2024-25,True
3.70438E+11,North Stokes High School,Stokes County Schools,NC,37169,Stokes County,Danbury,27016,1,0.42,30,23.0,25.0,16.0,29.0,25,63,51.0,26.0,32.0,42.0,36,27,22,29,20,33,28,12,38.0,30.0,37.0,2.0,0.0,,45.0,30.0,,30.0,3.0,,20.0,37.0,20.0,69.0,53.0,79.0,92.0,92.0,4.0,0.0,0.0,0.0,1.0,3.0,2.0,northstokes|stokes,2025,850332,North Stokes High School,Stokes,Danbury,27016,09:12,H,Regular School,P,93.2,93.2%,73,0,NotMet,-4.89,58.5,50.6,50.6%,79,0,41.4,41.4%,58,0,49.2,49.2%,63,0,Provisional name/county match,False,1350 N Stokes Sch Rd,,Danbury,NC,27016,False,370438001737,name + county,North Stokes High School,1350 N Stokes Sch Rd,Danbury,27016,36.4643,-80.2799,NCES 2024-25,True
3.70438E+11,South Stokes High School,Stokes County Schools,NC,37169,Stokes County,Walnut Cove,27052,1,0.42,28,23.0,28.0,13.0,29.0,24,51,51.0,42.0,21.0,42.0,31,27,22,29,20,33,28,12,34.0,27.0,37.0,2.0,0.0,,54.0,30.0,,24.0,3.0,,20.0,37.0,18.0,68.0,55.0,75.0,93.0,91.0,4.0,0.0,0.0,0.0,1.0,3.0,4.0,southstokes|stokes,2025,850352,South Stokes High School,Stokes,Walnut Cove,27052,09:12,H,Regular School,P,83.3,83.3%,150,0,NotMet,-6.2,56.3,51.1,51.1%,131,0,16.4,16.4%,122,0,42.3,42.3%,130,0,Provisional name/county match,False,1100 S Stokes High Drive,,Walnut Cove,NC,27052,False,370438001741,name + county,South Stokes High School,1100 S Stokes High Drive,Walnut Cove,27052,36.3262,-80.2403,NCES 2024-25,True
3.70438E+11,West Stokes High School,Stokes County Schools,NC,37169,Stokes County,King,27021,1,0.42,30,19.0,25.0,40.0,29.0,28,63,27.0,26.0,93.0,42.0,50,27,22,29,20,33,28,12,48.0,22.0,37.0,0.0,5.0,,54.0,30.0,11.0,23.0,4.0,92.0,20.0,37.0,15.0,62.0,53.0,71.0,88.0,89.0,5.0,0.0,0.0,0.0,2.0,4.0,4.0,weststokes|stokes,2025,850358,West Stokes High School,Stokes,King,27021,09:12,H,Regular School,P,89.9,89.9%,199,0,Met,0.51,81.2,63.3,63.3%,169,0,55.4,55.4%,186,0,62.2,62.2%,193,0,Provisional name/county match,False,1400 Priddy Road,,King,NC,27021,False,370438002485,name + county,West Stokes High School,1400 Priddy Road,King,27021,36.3144,-80.3754,NCES 2024-25,True
3.70438E+11,Stokes Early College High School,Stokes County Schools,NC,37169,Stokes County,Walnut Cove,27052,1,0.42,30,21.0,24.0,40.0,29.0,29,63,39.0,21.0,93.0,42.0,55,27,22,29,20,33,28,12,44.0,26.0,37.0,1.0,3.0,,52.0,30.0,11.0,26.0,3.0,92.0,20.0,37.0,17.0,66.0,56.0,74.0,90.0,89.0,6.0,0.0,0.0,0.0,1.0,4.0,4.0,stokesearlycollege|stokes,2025,850360,Stokes Early College High School,Stokes,Walnut Cove,27052,09:13,H,Regular School,P,,>95%,37,1,Met,0.25,80.6,90.6,90.6%,32,0,58.3,58.3%,36,0,81.4,81.4%,43,0,Provisional name/county match,False,1165 Dodgetown Rd,,Walnut Cove,NC,27052,False,370438003129,name + county,Stokes Early College High School,1165 Dodgetown Rd,Walnut Cove,27052,36.3747,-80.1826,NCES 2024-25,True
3.70441E+11,East Surry High,Surry County Schools,NC,37171,Surry County,Pilot Mountain,27041,1,0.47,24,22.0,23.0,40.0,42.0,30,28,45.0,17.0,93.0,64.0,59,27,22,29,20,33,28,12,36.0,21.0,28.0,3.0,4.0,28.0,41.0,31.0,11.0,26.0,3.0,92.0,29.0,55.0,20.0,64.0,53.0,73.0,90.0,91.0,3.0,0.0,0.0,0.0,2.0,4.0,7.0,eastsurry|surry,2025,860316,East Surry High School,Surry,Pilot Mountain,27041,09:12,H,Regular School,P,92.5,92.5%,160,0,Met,-2.0,70.0,66.0,66.0%,141,0,58.2,58.2%,98,0,73.1,73.1%,130,0,Provisional name/county match,False,801 W Main Street,,Pilot Mountain,NC,27041,False,370441001748,name + county,East Surry High,801 W Main Street,Pilot Mountain,27041,36.3929,-80.4771,NCES 2024-25,True
3.70441E+11,North Surry High,Surry County Schools,NC,37171,Surry County,Mount Airy,27030,1,0.47,25,27.0,27.0,23.0,42.0,29,33,69.0,37.0,58.0,64.0,55,27,22,29,20,33,28,12,34.0,28.0,28.0,5.0,6.0,28.0,44.0,31.0,,42.0,4.0,,29.0,55.0,29.0,68.0,58.0,77.0,91.0,88.0,4.0,0.0,1.0,0.0,2.0,5.0,9.0,northsurry|surry,2025,860336,North Surry High School,Surry,Mount Airy,27030,09:12,H,Regular School,P,94.3,94.3%,210,0,NotMet,-4.59,59.0,47.5,47.5%,202,0,36.9,36.9%,141,0,47.0,47.0%,198,0,Provisional name/county match,False,2440 W Pine Street,,Mount Airy,NC,27030,False,370441001754,name + county,North Surry High,2440 W Pine Street,Mount Airy,27030,36.5052,-80.6733,NCES 2024-25,True
3.70441E+11,Surry Central High,Surry County Schools,NC,37171,Surry County,Dobson,27017,1,0.47,26,27.0,28.0,21.0,42.0,29,39,69.0,42.0,51.0,64.0,55,27,22,29,20,33,28,12,37.0,28.0,28.0,5.0,5.0,28.0,50.0,31.0,,38.0,3.0,,29.0,55.0,29.0,68.0,56.0,77.0,91.0,88.0,2.0,0.0,0.0,0.0,4.0,6.0,13.0,surrycentral|surry,2025,860352,Surry Central High School,Surry,Dobson,27017,09:12,H,Regular School,P,94.3,94.3%,194,0,NotMet,-6.94,55.1,53.8,53.8%,171,0,24.8,24.8%,129,0,44.7,44.7%,150,0,Provisional name/county match,False,716 South Main Street,,Dobson,NC,27017,False,370441001757,name + county,Surry Central High,716 South Main Street,Dobson,27017,36.3818,-80.7152,NCES 2024-25,True
3.70444E+11,Swain County High School,Swain County Schools,NC,37173,Swain County,Bryson City,28713,1,0.45,33,22.0,30.0,39.0,91.0,43,77,45.0,53.0,92.0,96.0,95,27,22,29,20,33,28,13,43.0,38.0,39.0,3.0,18.0,,44.0,28.0,,75.0,3.0,,,91.0,18.0,65.0,61.0,75.0,87.0,75.0,1.0,16.0,1.0,0.0,1.0,6.0,5.0,swaincounty|swain,2025,870314,Swain County High School,Swain,Bryson City,28713,09:12,H,Regular School,P,91.6,91.6%,131,0,NotMet,-3.92,60.4,54.2,54.2%,118,0,36.4,36.4%,107,0,56.3,56.3%,119,0,Provisional name/county match,True,1415 Fontana Road,,Bryson City,NC,28713,False,370444001763,name + county,Swain County High School,1415 Fontana Road,Bryson City,28713,35.447267,-83.45671,NCES 2024-25,True
3.7045E+11,Thomasville High,Thomasville City Schools,NC,37057,Davidson County,Thomasville,27360,1,0.44,31,31.0,34.0,11.0,25.0,26,69,78.0,72.0,13.0,32.0,41,27,22,29,20,33,28,14,57.0,21.0,33.0,13.0,6.0,35.0,58.0,37.0,,19.0,4.0,,19.0,30.0,26.0,72.0,65.0,77.0,93.0,71.0,12.0,0.0,1.0,0.0,4.0,12.0,13.0,thomasville|davidson,2025,292324,Thomasville High School,Davidson,Thomasville,27360,09:12,H,Regular School,P,79.8,79.8%,198,0,NotMet,-3.05,64.7,32.4,32.4%,148,0,14.0,14.0%,121,0,13.6,13.6%,118,0,Provisional name/county match,False,410 Unity Street,,Thomasville,NC,27360,False,370450001776,name + county,Thomasville High,410 Unity Street,Thomasville,27360,35.9003,-80.0761,NCES 2024-25,True
3.70453E+11,Brevard High,Transylvania County Schools,NC,37175,Transylvania County,Brevard,28712,0,0.46,23,12.0,19.0,24.0,30.0,22,23,4.0,5.0,61.0,43.0,22,27,22,29,20,33,28,13,23.0,17.0,39.0,2.0,18.0,,5.0,35.0,,43.0,4.0,,23.0,36.0,6.0,38.0,56.0,37.0,80.0,93.0,4.0,0.0,0.0,0.0,1.0,2.0,5.0,brevard|transylvania,2025,880308,Brevard High School,Transylvania,Brevard,28712,09:12,H,Regular School,P,93.5,93.5%,199,0,Met,0.03,80.0,66.5,66.5%,221,0,51.7,51.7%,176,0,71.9,71.9%,167,0,Provisional name/county match,False,609 N. Country Club Rd,,Brevard,NC,28712,False,370453001778,name + county,Brevard High,609 N. Country Club Rd,Brevard,28712,35.2172,-82.7356,NCES 2024-25,True
3.70453E+11,Rosman High,Transylvania County Schools,NC,37175,Transylvania County,Rosman,28772,0,0.46,26,,35.0,,30.0,30,39,,76.0,,43.0,59,27,22,29,20,33,28,13,,,39.0,,,,,35.0,,,,,23.0,36.0,,,,,,,,,,,,,,rosman|transylvania,2025,880328,Rosman High School,Transylvania,Rosman,28772,09:12,H,Regular School,P,83.3,83.3%,60,0,Met,0.34,80.8,54.8,54.8%,73,0,53.3,53.3%,60,0,57.4,57.4%,47,0,Provisional name/county match,False,749 Pickens Hwy,,Rosman,NC,28772,False,370453001783,name + county,Rosman High,749 Pickens Hwy,Rosman,28772,35.1433,-82.8205,NCES 2024-25,True
3.70453E+11,Davidson River School,Transylvania County Schools,NC,37175,Transylvania County,Brevard,28712,0,0.46,23,12.0,19.0,24.0,30.0,22,23,4.0,5.0,61.0,43.0,22,27,22,29,20,33,28,13,23.0,17.0,39.0,2.0,18.0,,5.0,35.0,,43.0,4.0,,23.0,36.0,6.0,38.0,56.0,37.0,80.0,93.0,4.0,0.0,0.0,0.0,1.0,2.0,5.0,davidsonriver|transylvania,2025,880320,Davidson River School,Transylvania,Brevard,28712,06:12,T,Alternative Educat,P,56.7,56.7%,97,0,Met,-1.89,,33.3,33.3%,15,0,13.3,13.3%,15,0,23.1,23.1%,13,0,Provisional name/county match,False,970 Ecusta Rd,,Brevard,NC,28712,False,370453002351,name + county,Davidson River School,970 Ecusta Rd,Brevard,28712,35.2581,-82.7042,NCES 2024-25,True
3.70462E+11,South Providence,Union County Public Schools,NC,37179,Union County,Waxhaw,28173,0,0.45,28,15.0,31.0,9.0,16.0,20,51,11.0,58.0,6.0,15.0,13,27,22,29,20,33,28,11,71.0,10.0,19.0,6.0,4.0,21.0,74.0,26.0,,12.0,6.0,,16.0,17.0,11.0,39.0,69.0,39.0,75.0,75.0,9.0,0.0,5.0,0.0,4.0,7.0,10.0,southprovidence|union,2025,900365,South Providence,Union,Waxhaw,28173,06:12,T,Alternative Educat,P,21.4,21.4%,28,0,NotMet,-4.04,,9.1,9.1%,22,0,,<5%,15,2,,,,,Provisional name/county match,False,500 South Providence Street,,Waxhaw,NC,28173,False,370462001284,name + county,South Providence,500 South Providence Street,Waxhaw,28173,34.9215,-80.7412,NCES 2024-25,True
3.70462E+11,Monroe High,Union County Public Schools,NC,37179,Union County,Monroe,28112,1,0.45,25,31.0,28.0,12.0,16.0,22,33,78.0,42.0,17.0,15.0,22,27,22,29,20,33,28,11,57.0,13.0,19.0,17.0,13.0,21.0,55.0,26.0,,18.0,5.0,,16.0,17.0,25.0,63.0,63.0,66.0,90.0,57.0,18.0,1.0,1.0,0.0,14.0,9.0,25.0,monroe|union,2025,900336,Monroe High School,Union,Monroe,28112,09:12,H,Regular School,P,80.3,80.3%,309,0,NotMet,-4.84,58.6,28.6,28.6%,311,0,21.2,21.2%,321,0,30.4,30.4%,181,0,Provisional name/county match,False,1501 East Sunset Drive,,Monroe,NC,28112,False,370462001301,name + county,Monroe High,1 High School Dr,Monroe,28112,34.9727,-80.5264,NCES 2024-25,False
3.70462E+11,Forest Hills High,Union County Public Schools,NC,37179,Union County,Marshville,28103,1,0.45,25,32.0,29.0,13.0,16.0,23,33,80.0,47.0,21.0,15.0,26,27,22,29,20,33,28,11,51.0,20.0,19.0,13.0,10.0,21.0,57.0,26.0,,19.0,6.0,,16.0,17.0,30.0,70.0,68.0,72.0,93.0,60.0,22.0,1.0,1.0,0.0,10.0,6.0,19.0,foresthills|union,2025,900316,Forest Hills High School,Union,Marshville,28103,09:12,H,Regular School,P,88.1,88.1%,236,0,NotMet,-3.0,65.0,45.4,45.4%,262,0,28.2,28.2%,209,0,24.7,24.7%,194,0,Provisional name/county match,False,701 Old Hwy 74,,Marshville,NC,28103,False,370462001792,name + county,Forest Hills High,100 Forest Hills School Rd,Marshville,28103,34.9793,-80.4133,NCES 2024-25,False
3.70462E+11,Parkwood High,Union County Public Schools,NC,37179,Union County,Monroe,28112,1,0.45,26,22.0,29.0,10.0,16.0,21,39,45.0,47.0,10.0,15.0,18,27,22,29,20,33,28,11,59.0,15.0,19.0,9.0,8.0,21.0,61.0,26.0,,15.0,5.0,,16.0,17.0,18.0,52.0,66.0,54.0,83.0,70.0,14.0,0.0,2.0,0.0,7.0,7.0,14.0,parkwood|union,2025,900344,Parkwood High School,Union,Monroe,28112,09:12,H,Regular School,P,,>95%,275,1,Exceeded,5.68,92.8,67.3,67.3%,281,0,52.0,52.0%,248,0,54.8,54.8%,228,0,Provisional name/county match,False,3220 Parkwood School Rd,,Monroe,NC,28112,False,370462001797,name + county,Parkwood High,3220 Parkwood School Rd,Monroe,28112,34.902,-80.6314,NCES 2024-25,True
3.70462E+11,Piedmont High,Union County Public Schools,NC,37179,Union County,Monroe,28110,1,0.45,24,23.0,30.0,9.0,16.0,20,28,51.0,53.0,6.0,15.0,13,27,22,29,20,33,28,11,56.0,10.0,19.0,11.0,8.0,21.0,64.0,26.0,,13.0,4.0,,16.0,17.0,16.0,54.0,59.0,56.0,87.0,73.0,11.0,0.0,2.0,0.0,6.0,7.0,13.0,piedmont|union,2025,900348,Piedmont High School,Union,Monroe,28110,09:12,H,Regular School,P,92.5,92.5%,334,0,Exceeded,2.69,86.7,68.4,68.4%,342,0,48.3,48.3%,230,0,59.6,59.6%,287,0,Provisional name/county match,False,3006 Sikes Mill Road,,Monroe,NC,28110,False,370462001799,name + county,Piedmont High,3006 Sikes Mill Road,Monroe,28110,35.0954,-80.4915,NCES 2024-25,True
3.70462E+11,Sun Valley High,Union County Public Schools,NC,37179,Union County,Monroe,28110,1,0.45,25,16.0,23.0,36.0,16.0,23,33,13.0,17.0,87.0,15.0,26,27,22,29,20,33,28,11,60.0,9.0,19.0,6.0,4.0,21.0,65.0,26.0,0.0,13.0,5.0,90.0,16.0,17.0,10.0,41.0,70.0,42.0,76.0,74.0,10.0,0.0,5.0,0.0,4.0,7.0,10.0,sunvalley|union,2025,900360,Sun Valley High School,Union,Monroe,28110,09:12,H,Regular School,P,89.8,89.8%,322,0,Met,0.4,81.0,60.1,60.1%,296,0,24.8,24.8%,222,0,63.3,63.3%,327,0,Provisional name/county match,False,5211 Old Charlotte Hwy,,Monroe,NC,28110,False,370462001803,name + county,Sun Valley High,5211 Old Charlotte Hwy,Monroe,28110,35.0461,-80.6447,NCES 2024-25,True
3.70462E+11,Central Academy Of Technology And Arts,Union County Public Schools,NC,37179,Union County,Monroe,28112,1,0.45,23,19.0,25.0,32.0,16.0,23,23,27.0,26.0,81.0,15.0,26,27,22,29,20,33,28,11,52.0,11.0,19.0,9.0,6.0,21.0,65.0,26.0,6.0,12.0,5.0,79.0,16.0,17.0,14.0,45.0,65.0,46.0,79.0,71.0,12.0,0.0,5.0,0.0,5.0,7.0,12.0,centralacademyoftechnologyandarts|union,2025,900366,Central Academy of Technology and Arts,Union,Monroe,28112,09:12,H,Regular School,P,,>95%,189,1,Met,-0.82,75.9,93.8,93.8%,241,0,78.3,78.3%,83,0,93.7,93.7%,222,0,Provisional name/county match,False,600 Brewer Dr,,Monroe,NC,28112,False,370462001806,name + county,Central Academy of Technology and Arts,600 Brewer Dr,Monroe,28112,34.9723,-80.5677,NCES 2024-25,True
3.70462E+11,Weddington High,Union County Public Schools,NC,37179,Union County,Matthews,28104,1,0.45,21,9.0,25.0,31.0,16.0,20,14,1.0,26.0,79.0,15.0,13,27,22,29,20,33,28,11,48.0,5.0,19.0,5.0,2.0,21.0,72.0,26.0,6.0,6.0,7.0,79.0,16.0,17.0,5.0,21.0,74.0,23.0,61.0,75.0,8.0,0.0,10.0,0.0,1.0,6.0,6.0,weddington|union,2025,900377,Weddington High School,Union,Matthews,28104,09:12,H,Regular School,P,,>95%,471,1,Met,1.42,83.5,90.2,90.2%,533,0,76.4,76.4%,237,0,84.5,84.5%,426,0,Provisional name/county match,False,4901 Monroe-Weddington Road,,Matthews,NC,28104,False,370462002552,name + county,Weddington High,4901 Monroe-Weddington Road,Matthews,28104,35.001232,-80.725525,NCES 2024-25,True
3.70462E+11,Porter Ridge High School,Union County Public Schools,NC,37179,Union County,Indian Trail,28079,1,0.45,23,19.0,30.0,8.0,16.0,19,23,27.0,53.0,4.0,15.0,10,27,22,29,20,33,28,11,55.0,8.0,19.0,8.0,5.0,21.0,68.0,26.0,,12.0,5.0,,16.0,17.0,12.0,48.0,61.0,49.0,83.0,74.0,9.0,1.0,3.0,0.0,5.0,7.0,12.0,porterridge|union,2025,900342,Porter Ridge High School,Union,Indian Trail,28079,09:12,H,Regular School,P,92.1,92.1%,455,0,Exceeded,3.37,88.4,72.6,72.6%,434,0,54.6,54.6%,368,0,64.9,64.9%,419,0,Provisional name/county match,False,2839 Ridge Road,,Indian Trail,NC,28079,False,370462002799,name + county,Porter Ridge High School,2839 Ridge Road,Indian Trail,28079,35.0906,-80.5739,NCES 2024-25,True
3.70462E+11,Marvin Ridge High,Union County Public Schools,NC,37179,Union County,Waxhaw,28173,1,0.45,21,9.0,27.0,32.0,16.0,21,14,1.0,37.0,81.0,15.0,18,27,22,29,20,33,28,11,50.0,2.0,19.0,7.0,2.0,21.0,82.0,26.0,4.0,6.0,7.0,82.0,16.0,17.0,6.0,16.0,66.0,20.0,59.0,69.0,6.0,0.0,15.0,0.0,2.0,7.0,7.0,marvinridge|union,2025,900393,Marvin Ridge High School,Union,Waxhaw,28173,09:12,H,Regular School,P,,>95%,513,1,Exceeded,6.24,93.7,,>95%,478,1,89.1,89.1%,174,0,94.1,94.1%,495,0,Provisional name/county match,False,2825 Crane Road,,Waxhaw,NC,28173,False,370462002845,name + county,Marvin Ridge High,2825 Crane Road,Waxhaw,28173,34.974,-80.7959,NCES 2024-25,True
3.70462E+11,Union County Early College,Union County Public Schools,NC,37179,Union County,Monroe,28110,1,0.45,24,20.0,24.0,33.0,16.0,23,28,33.0,21.0,83.0,15.0,26,27,22,29,20,33,28,11,52.0,11.0,19.0,9.0,6.0,21.0,64.0,26.0,6.0,13.0,5.0,79.0,16.0,17.0,15.0,46.0,64.0,47.0,80.0,71.0,12.0,0.0,5.0,0.0,5.0,7.0,11.0,unioncountyearlycollege|union,2025,900367,Union County Early College,Union,Monroe,28110,09:13,H,Regular School,P,,>95%,69,1,Exceeded,4.86,91.4,94.0,94.0%,83,0,92.9,92.9%,42,0,92.2,92.2%,64,0,Provisional name/county match,False,4209A Old Charlotte Hwy,,Monroe,NC,28110,False,370462002893,name + county,Union County Early College,4209A Old Charlotte Hwy,Monroe,28110,35.0312,-80.6205,NCES 2024-25,True
3.70462E+11,Cuthbertson High,Union County Public Schools,NC,37179,Union County,Waxhaw,28173,1,0.45,24,9.0,30.0,7.0,16.0,17,28,1.0,53.0,2.0,15.0,5,27,22,29,20,33,28,11,58.0,6.0,19.0,3.0,3.0,21.0,72.0,26.0,,9.0,6.0,,16.0,17.0,6.0,26.0,64.0,25.0,69.0,75.0,8.0,0.0,7.0,0.0,2.0,8.0,8.0,cuthbertson|union,2025,900311,Cuthbertson High School,Union,Waxhaw,28173,09:12,H,Regular School,P,,>95%,500,1,Exceeded,7.0,95.0,84.1,84.1%,390,0,76.8,76.8%,311,0,85.0,85.0%,459,0,Provisional name/county match,False,1400 Cuthbertson Rd,,Waxhaw,NC,28173,False,370462003093,name + county,Cuthbertson High,1400 Cuthbertson Rd,Waxhaw,28173,34.9758,-80.739,NCES 2024-25,True
3.70465E+11,Vance County High School,Vance County Schools,NC,37181,Vance County,Henderson,27537,0,0.46,38,24.0,37.0,25.0,87.0,42,91,56.0,83.0,64.0,95.0,93,27,22,29,20,33,28,19,44.0,31.0,56.0,4.0,11.0,43.0,43.0,50.0,,45.0,4.0,,100.0,73.0,22.0,67.0,63.0,73.0,91.0,45.0,43.0,0.0,1.0,0.0,5.0,6.0,9.0,vancecounty|vance,2025,910370,Vance County High School,Vance,Henderson,27537,09:12,H,Regular School,P,80.0,80.0%,300,0,NotMet,-6.82,55.3,22.8,22.8%,298,0,14.9,14.9%,276,0,16.8,16.8%,196,0,Provisional name/county match,True,925 Garrett Road,,Henderson,NC,27537,False,370465001823,name + county,Vance County High School,925 Garrett Road,Henderson,27537,36.303202,-78.374122,NCES 2024-25,True
3.70465E+11,Advance Academy,Vance County Schools,NC,37181,Vance County,Henderson,27536,0,0.46,38,25.0,36.0,24.0,87.0,42,91,61.0,80.0,61.0,95.0,93,27,22,29,20,33,28,19,48.0,30.0,56.0,4.0,8.0,43.0,43.0,50.0,,39.0,8.0,,100.0,73.0,25.0,69.0,63.0,73.0,93.0,30.0,55.0,0.0,1.0,0.0,8.0,5.0,12.0,advanceacademy|vance,2025,910368,AdVance Academy,Vance,Henderson,27536,06:12,T,Alternative Educat,P,57.6,57.6%,66,0,Met,-1.98,70.1,,<5%,25,2,,<5%,16,2,,,,,Provisional name/county match,True,219 Charles Street,,Henderson,NC,27536,False,370465001993,name + county,AdVance Academy,219 Charles Street,Henderson,27536,36.327653,-78.399392,NCES 2024-25,True
3.70465E+11,Vance Co Early College,Vance County Schools,NC,37181,Vance County,Henderson,27537,0,0.46,38,24.0,37.0,25.0,87.0,42,91,56.0,83.0,64.0,95.0,93,27,22,29,20,33,28,19,44.0,31.0,56.0,4.0,11.0,43.0,43.0,50.0,,45.0,4.0,,100.0,73.0,22.0,67.0,63.0,73.0,91.0,45.0,43.0,0.0,1.0,0.0,5.0,6.0,9.0,vancecountyearlycollege|vance,2025,910382,Vance County Early College High School,Vance,Henderson,27537,09:13,H,Regular School,P,,>95%,45,1,Exceeded,2.23,85.5,91.9,91.9%,62,0,,,,,63.6,63.6%,55,0,Provisional name/county match,True,200 Community College Rd,,Henderson,NC,27537,False,370465003024,name + county,Vance Co Early College,200 Community College Rd,Henderson,27537,36.3232,-78.487,NCES 2024-25,True
3.70472E+11,Leesville Road High,Wake County Schools,NC,37183,Wake County,Raleigh,27613,1,0.45,19,11.0,24.0,30.0,18.0,20,7,3.0,21.0,77.0,19.0,13,27,22,29,20,33,28,11,32.0,7.0,26.0,6.0,6.0,26.0,46.0,26.0,17.0,19.0,5.0,65.0,14.0,22.0,8.0,25.0,72.0,26.0,65.0,66.0,20.0,0.0,4.0,0.0,3.0,7.0,8.0,leesvilleroad|wake,2025,920473,Leesville Road High,Wake,Raleigh,27613,09:12,H,Regular School,P,91.1,91.1%,595,0,Met,-0.71,76.4,75.9,75.9%,589,0,37.8,37.8%,291,0,70.0,70.0%,587,0,Provisional name/county match,False,8410 Pride Way,,Raleigh,NC,27613,False,370472000944,name + county,Leesville Road High,8410 Pride Way,Raleigh,27613,35.890087,-78.718603,NCES 2024-25,True
3.70472E+11,Apex High,Wake County Schools,NC,37183,Wake County,Apex,27502,1,0.45,20,12.0,22.0,27.0,18.0,20,10,4.0,13.0,70.0,19.0,13,27,22,29,20,33,28,11,34.0,9.0,26.0,10.0,5.0,26.0,41.0,26.0,12.0,14.0,5.0,61.0,14.0,22.0,7.0,22.0,72.0,22.0,63.0,66.0,10.0,0.0,12.0,0.0,3.0,9.0,9.0,apex|wake,2025,920316,Apex High,Wake,Apex,27502,09:12,H,Regular School,P,93.5,93.5%,599,0,Met,0.28,80.7,75.3,75.3%,616,0,46.9,46.9%,318,0,75.5,75.5%,559,0,Provisional name/county match,False,1501 Laura Duncan Road,,Apex,NC,27502,False,370472001829,name + county,Apex High,1501 Laura Duncan Road,Apex,27502,35.74501,-78.837554,NCES 2024-25,True
3.70472E+11,Athens Drive High,Wake County Schools,NC,37183,Wake County,Raleigh,27606,1,0.45,18,18.0,29.0,31.0,18.0,23,5,22.0,47.0,79.0,19.0,26,27,22,29,20,33,28,11,27.0,11.0,26.0,15.0,7.0,26.0,52.0,26.0,32.0,24.0,8.0,60.0,14.0,22.0,12.0,31.0,74.0,34.0,66.0,65.0,16.0,0.0,6.0,0.0,5.0,8.0,11.0,athensdrive|wake,2025,920318,Athens Drive High,Wake,Raleigh,27606,09:12,H,Regular School,P,86.2,86.2%,516,0,Exceeded,6.09,93.4,63.8,63.8%,541,0,28.0,28.0%,347,0,62.6,62.6%,470,0,Provisional name/county match,False,1420 Athens Drive,,Raleigh,NC,27606,False,370472001830,name + county,Athens Drive High,1420 Athens Drive,Raleigh,27606,35.7687,-78.7113,NCES 2024-25,True
3.70472E+11,Needham Broughton High,Wake County Schools,NC,37183,Wake County,Raleigh,27605,1,0.45,20,18.0,27.0,26.0,18.0,22,10,22.0,37.0,67.0,19.0,22,27,22,29,20,33,28,11,32.0,13.0,26.0,11.0,7.0,26.0,36.0,26.0,40.0,28.0,8.0,43.0,14.0,22.0,15.0,33.0,74.0,36.0,67.0,59.0,23.0,0.0,4.0,0.0,5.0,8.0,12.0,needhambroughton|wake,2025,920348,Needham Broughton High,Wake,Raleigh,27605,09:12,H,Regular School,P,91.4,91.4%,521,0,Exceeded,3.24,88.1,74.6,74.6%,472,0,16.0,16.0%,225,0,72.4,72.4%,493,0,Provisional name/county match,False,723 Saint Marys St,,Raleigh,NC,27605,False,370472001839,name + county,Needham Broughton High,723 Saint Marys St,Raleigh,27605,35.7903,-78.6523,NCES 2024-25,True
3.70472E+11,Cary High,Wake County Schools,NC,37183,Wake County,Cary,27511,1,0.45,19,12.0,23.0,29.0,18.0,20,7,4.0,17.0,75.0,19.0,13,27,22,29,20,33,28,11,33.0,7.0,26.0,11.0,7.0,26.0,49.0,26.0,8.0,24.0,4.0,60.0,14.0,22.0,7.0,21.0,74.0,26.0,58.0,60.0,11.0,0.0,16.0,0.0,5.0,8.0,10.0,cary|wake,2025,920368,Cary High,Wake,Cary,27511,09:12,H,Regular School,P,83.2,83.2%,567,0,Exceeded,5.66,92.7,69.9,69.9%,522,0,31.5,31.5%,314,0,62.8,62.8%,479,0,Provisional name/county match,False,638 Walnut St,,Cary,NC,27511,False,370472001844,name + county,Cary High,638 Walnut St,Cary,27511,35.772715,-78.766132,NCES 2024-25,True
3.70472E+11,East Wake High,Wake County Schools,NC,37183,Wake County,Wendell,27591,1,0.45,27,25.0,27.0,35.0,18.0,26,45,61.0,37.0,86.0,19.0,41,27,22,29,20,33,28,11,56.0,15.0,26.0,15.0,10.0,26.0,61.0,26.0,11.0,13.0,5.0,87.0,14.0,22.0,18.0,52.0,54.0,59.0,84.0,46.0,29.0,1.0,1.0,0.0,12.0,11.0,22.0,eastwake|wake,2025,920411,East Wake High School,Wake,Wendell,27591,09:12,H,Regular School,P,84.3,84.3%,420,0,NotMet,-3.48,62.6,49.2,49.2%,474,0,19.4,19.4%,392,0,42.7,42.7%,396,0,Provisional name/county match,False,5101 Rolesville Rd,,Wendell,NC,27591,False,370472001855,name + county,East Wake High,5101 Rolesville Rd,Wendell,27591,35.81165,-78.423475,NCES 2024-25,True
3.70472E+11,Fuquay-Varina High,Wake County Schools,NC,37183,Wake County,Fuquay-Varina,27526,1,0.45,22,15.0,23.0,30.0,18.0,21,18,11.0,17.0,77.0,19.0,18,27,22,29,20,33,28,11,40.0,10.0,26.0,6.0,7.0,26.0,56.0,26.0,0.0,13.0,5.0,71.0,14.0,22.0,9.0,37.0,61.0,37.0,77.0,73.0,13.0,0.0,2.0,0.0,4.0,8.0,10.0,fuquayvarina|wake,2025,920428,Fuquay-Varina High,Wake,Fuquay-Varina,27526,09:12,H,Regular School,P,93.1,93.1%,432,0,Met,-0.16,79.2,73.6,73.6%,469,0,26.4,26.4%,231,0,73.7,73.7%,434,0,Provisional name/county match,False,201 Bengal Blvd,,Fuquay-Varina,NC,27526,False,370472001861,name + county,Fuquay-Varina High,201 Bengal Blvd,Fuquay-Varina,27526,35.597729,-78.796492,NCES 2024-25,True
3.70472E+11,Garner High,Wake County Schools,NC,37183,Wake County,Garner,27529,1,0.45,22,22.0,30.0,29.0,18.0,24,18,45.0,53.0,75.0,19.0,31,27,22,29,20,33,28,11,41.0,10.0,26.0,13.0,11.0,26.0,59.0,26.0,31.0,11.0,6.0,72.0,14.0,22.0,14.0,48.0,65.0,50.0,80.0,48.0,33.0,0.0,1.0,0.0,9.0,10.0,17.0,garner|wake,2025,920436,Garner High,Wake,Garner,27529,09:12,H,Regular School,P,85.4,85.4%,397,0,Met,1.38,83.4,54.8,54.8%,414,0,20.9,20.9%,345,0,54.9,54.9%,335,0,Provisional name/county match,False,2101 Spring Drive,,Garner,NC,27529,False,370472001863,name + county,Garner High,2101 Spring Drive,Garner,27529,35.710798,-78.63516,NCES 2024-25,True
3.70472E+11,Millbrook High,Wake County Schools,NC,37183,Wake County,Raleigh,27615,1,0.45,23,17.0,28.0,32.0,18.0,24,23,17.0,42.0,81.0,19.0,31,27,22,29,20,33,28,11,45.0,11.0,26.0,11.0,8.0,26.0,61.0,26.0,18.0,22.0,6.0,69.0,14.0,22.0,12.0,35.0,72.0,34.0,73.0,55.0,24.0,0.0,5.0,0.0,7.0,8.0,16.0,millbrook|wake,2025,920500,Millbrook High,Wake,Raleigh,27615,09:12,H,Regular School,P,90.3,90.3%,642,0,Exceeded,5.69,92.8,70.3,70.3%,613,0,25.6,25.6%,355,0,65.8,65.8%,532,0,Provisional name/county match,False,2201 Spring Forest Rd,,Raleigh,NC,27615,False,370472001879,name + county,Millbrook High,2201 Spring Forest Rd,Raleigh,27615,35.8658,-78.6031,NCES 2024-25,True
3.70472E+11,Sanderson High,Wake County Schools,NC,37183,Wake County,Raleigh,27609,1,0.45,20,11.0,24.0,29.0,18.0,21,10,3.0,21.0,75.0,19.0,18,27,22,29,20,33,28,11,34.0,12.0,26.0,5.0,7.0,26.0,44.0,26.0,20.0,25.0,6.0,56.0,14.0,22.0,9.0,25.0,74.0,23.0,66.0,69.0,16.0,0.0,3.0,0.0,4.0,7.0,10.0,sanderson|wake,2025,920552,Sanderson High,Wake,Raleigh,27609,09:12,H,Regular School,P,84.9,84.9%,424,0,NotMet,-2.88,65.6,56.9,56.9%,406,0,19.4,19.4%,252,0,61.4,61.4%,386,0,Provisional name/county match,False,5500 Dixon Drive,,Raleigh,NC,27609,False,370472001892,name + county,Sanderson High,5500 Dixon Drive,Raleigh,27609,35.8611,-78.6473,NCES 2024-25,True
3.70472E+11,Wake Forest High School,Wake County Schools,NC,37183,Wake County,Wake Forest,27587,1,0.45,19,17.0,26.0,31.0,18.0,22,7,17.0,31.0,79.0,19.0,22,27,22,29,20,33,28,11,32.0,9.0,26.0,9.0,6.0,26.0,52.0,26.0,22.0,13.0,6.0,73.0,14.0,22.0,11.0,38.0,65.0,41.0,74.0,57.0,26.0,0.0,4.0,0.0,5.0,8.0,12.0,wakeforest|wake,2025,920588,Wake Forest High School,Wake,Wake Forest,27587,09:12,H,Regular School,P,88.1,88.1%,506,0,Met,0.29,80.7,67.9,67.9%,549,0,36.1,36.1%,335,0,71.2,71.2%,482,0,Provisional name/county match,False,420 West Stadium Drive,,Wake Forest,NC,27587,False,370472001901,name + county,Wake Forest High School,420 West Stadium Drive,Wake Forest,27587,35.984374,-78.515119,NCES 2024-25,True
3.70472E+11,Phillips High,Wake County Schools,NC,37183,Wake County,Raleigh,27610,0,0.45,29,26.0,33.0,26.0,18.0,26,58,66.0,67.0,67.0,19.0,41,27,22,29,20,33,28,11,65.0,14.0,26.0,15.0,12.0,26.0,60.0,26.0,43.0,18.0,6.0,54.0,14.0,22.0,21.0,54.0,67.0,58.0,82.0,31.0,46.0,0.0,2.0,0.0,9.0,11.0,21.0,phillips|wake,2025,920528,Phillips High,Wake,Raleigh,27610,09:12,H,Alternative Educat,P,62.5,62.5%,32,0,Met,-0.02,79.9,21.2,21.2%,33,0,13.8,13.8%,29,0,28.6,28.6%,21,0,Provisional name/county match,False,1923 Milburnie Rd,,Raleigh,NC,27610,False,370472002188,name + county,Phillips High,1923 Milburnie Rd,Raleigh,27610,35.7883,-78.6163,NCES 2024-25,True
3.70472E+11,Longview,Wake County Schools,NC,37183,Wake County,Raleigh,27610,0,0.45,29,26.0,33.0,26.0,18.0,26,58,66.0,67.0,67.0,19.0,41,27,22,29,20,33,28,11,65.0,14.0,26.0,15.0,12.0,26.0,60.0,26.0,43.0,18.0,6.0,54.0,14.0,22.0,21.0,54.0,67.0,58.0,82.0,31.0,46.0,0.0,2.0,0.0,9.0,11.0,21.0,longview|wake,2025,920324,Longview,Wake,Raleigh,27610,06:12,T,Exceptional Childr,P,,,,,,,,,,,,,,,,,,,,Provisional name/county match,False,318 N King Charles Rd,,Raleigh,NC,27610,False,370472002254,name + county,Longview,318 N King Charles Rd,Raleigh,27610,35.7857,-78.6098,NCES 2024-25,True
3.70472E+11,Southeast Raleigh High,Wake County Schools,NC,37183,Wake County,Raleigh,27610,1,0.45,27,28.0,31.0,28.0,18.0,27,45,72.0,58.0,72.0,19.0,45,27,22,29,20,33,28,11,59.0,13.0,26.0,17.0,10.0,26.0,61.0,26.0,34.0,13.0,6.0,66.0,14.0,22.0,23.0,56.0,66.0,61.0,83.0,22.0,55.0,0.0,2.0,0.0,14.0,7.0,23.0,southeastraleigh|wake,2025,920562,Southeast Raleigh High,Wake,Raleigh,27610,09:12,H,Regular School,P,86.9,86.9%,367,0,NotMet,-4.51,59.1,37.0,37.0%,400,0,14.9,14.9%,336,0,30.7,30.7%,270,0,Provisional name/county match,False,2600 Rock Quarry Road,,Raleigh,NC,27610,False,370472002355,name + county,Southeast Raleigh High,2600 Rock Quarry Road,Raleigh,27610,35.7456,-78.604,NCES 2024-25,True
3.70472E+11,Green Hope High,Wake County Schools,NC,37183,Wake County,Cary,27519,1,0.45,18,13.0,23.0,26.0,18.0,20,5,6.0,17.0,67.0,19.0,13,27,22,29,20,33,28,11,31.0,7.0,26.0,15.0,4.0,26.0,49.0,26.0,10.0,17.0,5.0,55.0,14.0,22.0,8.0,15.0,79.0,23.0,51.0,51.0,9.0,0.0,28.0,0.0,2.0,9.0,7.0,greenhope|wake,2025,920441,Green Hope High,Wake,Cary,27519,09:12,H,Regular School,P,,>95%,520,1,Exceeded,3.8,89.5,86.7,86.7%,638,0,59.1,59.1%,257,0,83.9,83.9%,522,0,Provisional name/county match,False,2500 Carpenter Upchurch Road,,Cary,NC,27519,False,370472002489,name + county,Green Hope High,2500 Carpenter Upchurch Road,Cary,27519,35.805,-78.867,NCES 2024-25,True
3.70472E+11,Wakefield High,Wake County Schools,NC,37183,Wake County,Raleigh,27614,1,0.45,19,15.0,25.0,29.0,18.0,21,7,11.0,26.0,75.0,19.0,18,27,22,29,20,33,28,11,33.0,8.0,26.0,9.0,6.0,26.0,56.0,26.0,11.0,14.0,6.0,67.0,14.0,22.0,9.0,34.0,67.0,36.0,71.0,56.0,27.0,0.0,4.0,0.0,5.0,8.0,12.0,wakefield|wake,2025,920595,Wakefield High,Wake,Raleigh,27614,09:12,H,Regular School,P,93.5,93.5%,538,0,Exceeded,4.48,90.8,66.7,66.7%,502,0,31.1,31.1%,293,0,64.3,64.3%,470,0,Provisional name/county match,False,2200 Wakefield Pines Drive,,Raleigh,NC,27614,False,370472002560,name + county,Wakefield High,2200 Wakefield Pines Drive,Raleigh,27614,35.9473,-78.5704,NCES 2024-25,True
3.70472E+11,Middle Creek High,Wake County Schools,NC,37183,Wake County,Apex,27539,1,0.45,18,19.0,27.0,29.0,18.0,22,5,27.0,37.0,75.0,19.0,22,27,22,29,20,33,28,11,25.0,12.0,26.0,12.0,7.0,26.0,56.0,26.0,19.0,11.0,6.0,70.0,14.0,22.0,12.0,39.0,69.0,41.0,74.0,57.0,26.0,0.0,3.0,0.0,6.0,8.0,14.0,middlecreek|wake,2025,920495,Middle Creek High,Wake,Apex,27539,09:12,H,Regular School,P,93.3,93.3%,415,0,Exceeded,2.08,85.2,75.3,75.3%,409,0,27.9,27.9%,233,0,65.8,65.8%,345,0,Provisional name/county match,False,123 Middle Creek Park Avenue,,Apex,NC,27539,False,370472002653,name + county,Middle Creek High,123 Middle Creek Park Avenue,Apex,27539,35.6673,-78.7603,NCES 2024-25,True
3.70472E+11,Knightdale High,Wake County Schools,NC,37183,Wake County,Knightdale,27545,1,0.45,28,26.0,29.0,31.0,18.0,26,51,66.0,47.0,79.0,19.0,41,27,22,29,20,33,28,11,65.0,10.0,26.0,17.0,13.0,26.0,62.0,26.0,19.0,11.0,5.0,77.0,14.0,22.0,18.0,50.0,62.0,54.0,81.0,37.0,37.0,0.0,3.0,0.0,12.0,10.0,23.0,knightdale|wake,2025,920466,Knightdale High,Wake,Knightdale,27545,09:12,H,Regular School,P,88.8,88.8%,419,0,Met,-0.63,76.8,41.7,41.7%,460,0,15.5,15.5%,329,0,30.2,30.2%,291,0,Provisional name/county match,False,100 Bryan Chalk Lane,,Knightdale,NC,27545,False,370472002745,name + county,Knightdale High,100 Bryan Chalk Lane,Knightdale,27545,35.8109,-78.4762,NCES 2024-25,True
3.70472E+11,Panther Creek High,Wake County Schools,NC,37183,Wake County,Cary,27519,1,0.45,21,11.0,23.0,30.0,18.0,21,14,3.0,17.0,77.0,19.0,18,27,22,29,20,33,28,11,41.0,5.0,26.0,12.0,5.0,26.0,54.0,26.0,4.0,16.0,5.0,69.0,14.0,22.0,5.0,14.0,78.0,22.0,50.0,52.0,13.0,0.0,27.0,0.0,2.0,7.0,6.0,panthercreek|wake,2025,920526,Panther Creek High,Wake,Cary,27519,09:12,H,Regular School,P,,>95%,596,1,Exceeded,6.24,93.7,86.0,86.0%,671,0,51.0,51.0%,257,0,84.6,84.6%,618,0,Provisional name/county match,False,6770 McCrimmon Parkway,,Cary,NC,27519,False,370472002810,name + county,Panther Creek High,6770 McCrimmon Parkway,Cary,27519,35.8309,-78.8891,NCES 2024-25,True
3.70472E+11,Holly Springs High,Wake County Schools,NC,37183,Wake County,Holly Springs,27540,1,0.45,23,9.0,22.0,33.0,18.0,21,23,1.0,13.0,83.0,19.0,18,27,22,29,20,33,28,11,48.0,9.0,26.0,4.0,5.0,26.0,56.0,26.0,0.0,12.0,6.0,80.0,14.0,22.0,8.0,22.0,66.0,23.0,65.0,78.0,8.0,0.0,6.0,0.0,2.0,6.0,6.0,hollysprings|wake,2025,920455,Holly Springs High,Wake,Holly Springs,27540,09:12,H,Regular School,P,,>95%,520,1,Met,1.75,84.3,82.1,82.1%,508,0,46.5,46.5%,198,0,78.8,78.8%,491,0,Provisional name/county match,False,5329 Cass Holt Road,,Holly Springs,NC,27540,False,370472002847,name + county,Holly Springs High,5329 Cass Holt Road,Holly Springs,27540,35.628,-78.8487,NCES 2024-25,True
3.70472E+11,Wake Early College Of Health And Science,Wake County Schools,NC,37183,Wake County,Raleigh,27610,1,0.45,21,15.0,26.0,28.0,18.0,22,14,11.0,31.0,72.0,19.0,22,27,22,29,20,33,28,11,39.0,9.0,26.0,10.0,7.0,26.0,52.0,26.0,18.0,17.0,6.0,63.0,14.0,22.0,10.0,31.0,68.0,35.0,68.0,60.0,19.0,0.0,8.0,0.0,5.0,8.0,11.0,wakeearlycollegeofhealthandscience|wake,2025,920583,Wake Early College of Health and Science,Wake,Raleigh,27610,09:13,H,Regular School,P,,>95%,76,1,Exceeded,7.48,95.8,,>95%,75,1,92.3,92.3%,26,0,93.5,93.5%,77,0,Provisional name/county match,False,2901 Holston Lane,,Raleigh,NC,27610,False,370472002866,name + county,Wake Early College of Health and Science,2901 Holston Lane,Raleigh,27610,35.784907,-78.584468,NCES 2024-25,True
3.70472E+11,Wake Stem Early College High School,Wake County Schools,NC,37183,Wake County,Cary,27518,1,0.45,21,15.0,26.0,28.0,18.0,22,14,11.0,31.0,72.0,19.0,22,27,22,29,20,33,28,11,39.0,9.0,26.0,10.0,7.0,26.0,52.0,26.0,18.0,17.0,6.0,63.0,14.0,22.0,10.0,31.0,68.0,35.0,68.0,60.0,19.0,0.0,8.0,0.0,5.0,8.0,11.0,wakestemearlycollege|wake,2025,920582,Wake STEM Early College High School,Wake,Cary,27518,09:13,H,Regular School,P,,>95%,67,1,Exceeded,4.23,90.3,,>95%,68,1,90.9,90.9%,11,0,,>95%,64,1,Provisional name/county match,False,2205 Walnut Street,,Cary,NC,27518,False,370472003192,name + county,Wake STEM Early College High School,2205 Walnut Street,Cary,27518,35.755047,-78.740685,NCES 2024-25,True
3.70472E+11,Heritage High,Wake County Schools,NC,37183,Wake County,Wake Forest,27587,1,0.45,22,17.0,26.0,28.0,18.0,22,18,17.0,31.0,72.0,19.0,22,27,22,29,20,33,28,11,41.0,9.0,26.0,10.0,8.0,26.0,54.0,26.0,15.0,17.0,6.0,62.0,14.0,22.0,13.0,36.0,69.0,37.0,72.0,54.0,25.0,0.0,5.0,0.0,7.0,9.0,15.0,heritage|wake,2025,920445,Heritage High School,Wake,Wake Forest,27587,09:12,H,Regular School,P,93.8,93.8%,470,0,Met,-0.93,75.3,74.4,74.4%,442,0,39.2,39.2%,250,0,65.5,65.5%,400,0,Provisional name/county match,False,1150 Forestville Road,,Wake Forest,NC,27587,False,370472003226,name + county,Heritage High,1150 Forestville Road,Wake Forest,27587,35.9409,-78.5101,NCES 2024-25,True
3.70472E+11,Wake Young Women'S Leadership Academy,Wake County Schools,NC,37183,Wake County,Raleigh,27606,0,0.45,15,21.0,31.0,31.0,18.0,23,1,39.0,58.0,79.0,19.0,26,27,22,29,20,33,28,11,15.0,10.0,26.0,21.0,6.0,26.0,53.0,26.0,45.0,31.0,11.0,51.0,14.0,22.0,14.0,29.0,77.0,34.0,62.0,67.0,14.0,0.0,9.0,0.0,2.0,7.0,7.0,wakeyoungwomensleadershipacademy|wake,2025,920586,Wake Young Women's Leadership Academy,Wake,Raleigh,27606,06:13,T,Regular School,P,,>95%,43,1,Exceeded,3.3,88.2,,>95%,35,1,,,,,89.7,89.7%,39,0,Provisional name/county match,False,303 Ashe Avenue,L,Raleigh,NC,27606,False,370472003237,name + county,Wake Young Women's Leadership Academy,301 Ashe Avenue,Raleigh,27606,35.778935,-78.659953,NCES 2024-25,False
3.70472E+11,Wake Young Men'S Leadership Academy,Wake County Schools,NC,37183,Wake County,Raleigh,27601,0,0.45,22,19.0,30.0,16.0,18.0,21,18,27.0,53.0,32.0,19.0,18,27,22,29,20,33,28,11,30.0,21.0,26.0,8.0,11.0,26.0,30.0,26.0,58.0,40.0,7.0,2.0,14.0,22.0,20.0,40.0,78.0,42.0,71.0,51.0,35.0,0.0,3.0,0.0,2.0,10.0,8.0,wakeyoungmensleadershipacademy|wake,2025,920585,Wake Young Men's Leadership Academy,Wake,Raleigh,27601,06:13,T,Regular School,P,,>95%,33,1,Exceeded,5.8,93.0,,>95%,32,1,,,,,91.9,91.9%,37,0,Provisional name/county match,False,567 East Hargett St,,Raleigh,NC,27601,False,370472003239,name + county,Wake Young Men's Leadership Academy,567 East Hargett St,Raleigh,27601,35.778411,-78.629465,NCES 2024-25,True
3.70472E+11,Rolesville High,Wake County Schools,NC,37183,Wake County,Rolesville,27571,1,0.45,22,21.0,28.0,32.0,18.0,24,18,39.0,42.0,81.0,19.0,31,27,22,29,20,33,28,11,41.0,9.0,26.0,16.0,8.0,26.0,64.0,26.0,15.0,13.0,6.0,78.0,14.0,22.0,12.0,42.0,63.0,45.0,77.0,50.0,29.0,0.0,5.0,0.0,7.0,9.0,15.0,rolesville|wake,2025,920546,Rolesville High School,Wake,Rolesville,27571,09:12,H,Regular School,P,89.4,89.4%,594,0,NotMet,-2.42,67.9,54.1,54.1%,582,0,17.4,17.4%,453,0,47.3,47.3%,467,0,Provisional name/county match,False,1099 East Young St,,Rolesville,NC,27571,False,370472003276,name + county,Rolesville High,1099 East Young St,Rolesville,27571,35.9067,-78.442539,NCES 2024-25,True
3.70472E+11,Vernon Malone College And Career Academy,Wake County Schools,NC,37183,Wake County,Raleigh,27603,1,0.45,21,15.0,26.0,28.0,18.0,22,14,11.0,31.0,72.0,19.0,22,27,22,29,20,33,28,11,39.0,9.0,26.0,10.0,7.0,26.0,52.0,26.0,18.0,17.0,6.0,63.0,14.0,22.0,10.0,31.0,68.0,35.0,68.0,60.0,19.0,0.0,8.0,0.0,5.0,8.0,11.0,vernonmalonecollegeandcareeracademy|wake,2025,920581,Vernon Malone College and Career Academy,Wake,Raleigh,27603,09:13,H,Regular School,P,,>95%,75,1,Met,0.96,82.4,76.2,76.2%,84,0,66.7,66.7%,39,0,70.1,70.1%,87,0,Provisional name/county match,False,2200 S Wilmington St,,Raleigh,NC,27603,False,370472003345,name + county,Vernon Malone College and Career Academy,2200 S Wilmington St,Raleigh,27603,35.7527,-78.6431,NCES 2024-25,True
3.70472E+11,Apex Friendship High,Wake County Schools,NC,37183,Wake County,Apex,27502,0,0.45,19,10.0,26.0,30.0,18.0,21,7,2.0,31.0,77.0,19.0,18,27,22,29,20,33,28,11,31.0,10.0,26.0,5.0,3.0,26.0,65.0,26.0,11.0,20.0,7.0,62.0,14.0,22.0,6.0,24.0,65.0,29.0,65.0,70.0,14.0,0.0,10.0,0.0,0.0,5.0,5.0,apexfriendship|wake,2025,920317,Apex Friendship High,Wake,Apex,27502,09:12,H,Regular School,P,,>95%,721,1,Met,-1.07,74.6,84.8,84.8%,663,0,59.5,59.5%,232,0,85.3,85.3%,632,0,Provisional name/county match,False,7801 Humie Olive Rd,,Apex,NC,27502,False,370472003351,name + county,Apex Friendship High,7801 Humie Olive Rd,Apex,27502,35.701882,-78.91067,NCES 2024-25,True
3.70472E+11,Crossroads Flex,Wake County Schools,NC,37183,Wake County,Cary,27518,0,0.45,17,8.0,23.0,29.0,18.0,19,4,1.0,17.0,75.0,19.0,10,27,22,29,20,33,28,11,25.0,7.0,26.0,5.0,5.0,26.0,53.0,26.0,4.0,17.0,4.0,65.0,14.0,22.0,5.0,16.0,77.0,22.0,52.0,77.0,6.0,0.0,9.0,0.0,1.0,7.0,5.0,crossroadsflex|wake,2025,920386,Crossroads FLEX,Wake,Cary,27518,09:12,H,Regular School,P,,>95%,44,1,Met,-0.59,,,>95%,26,1,,,,,95.0,95.0%,40,0,Provisional name/county match,False,5651 Dillard Dr,,Cary,NC,27518,False,370472003402,name + county,Crossroads FLEX,5651 Dillard Dr,Cary,27518,35.75475,-78.738371,NCES 2024-25,True
3.70472E+11,North Wake College And Career Academy,Wake County Schools,NC,37183,Wake County,Wake Forest,27587,0,0.45,20,12.0,21.0,27.0,18.0,20,10,4.0,10.0,70.0,19.0,13,27,22,29,20,33,28,11,35.0,10.0,26.0,3.0,5.0,26.0,47.0,26.0,0.0,13.0,5.0,64.0,14.0,22.0,7.0,35.0,58.0,38.0,75.0,74.0,14.0,0.0,3.0,0.0,1.0,7.0,6.0,northwakecollegeandcareeracademy|wake,2025,920518,North Wake College and Career Academy,Wake,Wake Forest,27587,09:13,H,Regular School,P,,>95%,84,1,Exceeded,4.46,90.7,91.0,91.0%,78,0,60.0,60.0%,40,0,78.9,78.9%,76,0,Provisional name/county match,False,931 Durham Rd,,Wake Forest,NC,27587,False,370472003410,name + county,North Wake College and Career Academy,931 Durham Rd,Wake Forest,27587,35.97657,-78.541781,NCES 2024-25,True
3.70472E+11,Score Academy,Wake County Schools,NC,37183,Wake County,Cary,27518,0,0.45,17,8.0,23.0,29.0,18.0,19,4,1.0,17.0,75.0,19.0,10,27,22,29,20,33,28,11,25.0,7.0,26.0,5.0,5.0,26.0,53.0,26.0,4.0,17.0,4.0,65.0,14.0,22.0,5.0,16.0,77.0,22.0,52.0,77.0,6.0,0.0,9.0,0.0,1.0,7.0,5.0,scoreacademy|wake,2025,920556,SCORE Academy,Wake,Cary,27518,09:12,H,Alternative Educat,P,57.4,57.4%,472,0,NotMet,-5.31,57.8,17.1,17.1%,70,0,,<5%,58,2,30.0,30.0%,10,0,Provisional name/county match,False,5651 Dillard Dr,,Cary,NC,27518,False,370472003444,name + county,SCORE Academy,5651 Dillard Dr,Cary,27518,35.75475,-78.738371,NCES 2024-25,True
3.70472E+11,South Garner High,Wake County Schools,NC,37183,Wake County,Garner,27529,0,0.45,16,27.0,30.0,30.0,18.0,24,2,69.0,53.0,77.0,19.0,31,27,22,29,20,33,28,11,13.0,13.0,26.0,18.0,11.0,26.0,58.0,26.0,28.0,12.0,6.0,72.0,14.0,22.0,17.0,54.0,63.0,56.0,85.0,48.0,33.0,0.0,1.0,0.0,10.0,7.0,20.0,southgarner|wake,2025,920561,South Garner High,Wake,Garner,27529,09:12,H,Regular School,P,89.6,89.6%,489,0,Exceeded,8.33,97.2,50.6,50.6%,498,0,47.4,47.4%,350,0,33.6,33.6%,366,0,Provisional name/county match,False,8228 Hebron Church Rd,,Garner,NC,27529,False,370472003472,name + county,South Garner High,8228 Hebron Church Rd,Garner,27529,35.65502,-78.579681,NCES 2024-25,True
3.70472E+11,Green Level High,Wake County Schools,NC,37183,Wake County,Cary,27519,0,0.45,20,11.0,26.0,25.0,18.0,20,10,3.0,31.0,64.0,19.0,13,27,22,29,20,33,28,11,38.0,4.0,26.0,16.0,3.0,26.0,73.0,26.0,0.0,7.0,6.0,62.0,14.0,22.0,5.0,8.0,80.0,23.0,42.0,53.0,4.0,0.0,34.0,0.0,1.0,8.0,7.0,greenlevel|wake,2025,920437,Green Level High School,Wake,Cary,27519,09:12,H,Regular School,P,,>95%,553,1,Exceeded,5.93,93.2,93.2,93.2%,590,0,72.5,72.5%,149,0,90.4,90.4%,513,0,Provisional name/county match,False,7600 Roberts Rd,,Cary,NC,27519,False,370472003495,name + county,Green Level High,7600 Roberts Rd,Cary,27519,35.772649,-78.899838,NCES 2024-25,True
3.70474E+11,Warren County High,Warren County Schools,NC,37185,Warren County,Warrenton,27589,0,0.52,41,29.0,33.0,26.0,55.0,37,95,75.0,67.0,67.0,79.0,83,27,22,29,20,33,28,20,45.0,36.0,62.0,8.0,2.0,,50.0,45.0,,47.0,5.0,,75.0,35.0,28.0,74.0,66.0,79.0,94.0,33.0,47.0,7.0,1.0,0.0,6.0,6.0,8.0,warrencounty|warren,2025,930352,Warren County High School,Warren,Warrenton,27589,09:12,H,Regular School,P,76.6,76.6%,124,0,NotMet,-2.82,65.9,39.8,39.8%,98,0,10.6,10.6%,94,0,29.8,29.8%,84,0,Provisional name/county match,True,149 Campus Drive,,Warrenton,NC,27589,False,370474002189,name + county,Warren County High,149 Campus Drive,Warrenton,27589,36.4327,-78.1654,NCES 2024-25,True
3.70474E+11,Warren Early College High,Warren County Schools,NC,37185,Warren County,Warrenton,27589,0,0.52,41,29.0,33.0,26.0,55.0,37,95,75.0,67.0,67.0,79.0,83,27,22,29,20,33,28,20,45.0,36.0,62.0,8.0,2.0,,50.0,45.0,,47.0,5.0,,75.0,35.0,28.0,74.0,66.0,79.0,94.0,33.0,47.0,7.0,1.0,0.0,6.0,6.0,8.0,warrenearlycollege|warren,2025,930360,Warren Early College High School,Warren,Warrenton,27589,09:13,H,Regular School,P,90.0,90.0%,20,0,Exceeded,4.7,91.1,,>95%,25,1,70.3,70.3%,37,0,87.9,87.9%,33,0,Provisional name/county match,True,210 Ridgeway St,,Warrenton,NC,27589,True,370474003044,name + county,Warren Early College High,210 Ridgeway St,Warrenton,27589,36.403781,-78.155772,NCES 2024-25,True
3.7048E+11,Washington County High,Washington County Schools,NC,37187,Washington County,Plymouth,27962,1,0.5,46,24.0,32.0,28.0,41.0,34,98,56.0,63.0,72.0,62.0,74,27,22,29,20,33,28,19,57.0,38.0,71.0,1.0,3.0,,43.0,49.0,,50.0,5.0,,,41.0,23.0,71.0,61.0,80.0,92.0,53.0,41.0,0.0,0.0,0.0,0.0,5.0,3.0,washingtoncounty|washington,2025,940316,Washington County High,Washington,Plymouth,27962,06:12,T,Regular School,P,87.7,87.7%,65,0,NotMet,-2.86,65.7,22.0,22.0%,59,0,12.0,12.0%,50,0,7.1,7.1%,56,0,Provisional name/county match,False,3177 US Hwy 64 East,,Plymouth,NC,27962,False,370480001930,name + county,Washington County High,800 E Main St,Plymouth,27962,35.8703,-76.7387,NCES 2024-25,False
3.70483E+11,Watauga High,Watauga County Schools,NC,37189,Watauga County,Boone,28607,1,0.51,18,19.0,28.0,41.0,27.0,27,5,27.0,42.0,94.0,36.0,45,27,22,29,20,33,28,13,19.0,23.0,18.0,3.0,10.0,,47.0,27.0,,74.0,7.0,,,27.0,19.0,49.0,71.0,56.0,75.0,91.0,2.0,0.0,1.0,0.0,1.0,5.0,5.0,watauga|watauga,2025,950336,Watauga High,Watauga,Boone,28607,09:12,H,Regular School,P,91.9,91.9%,307,0,Exceeded,3.36,88.4,75.5,75.5%,327,0,56.3,56.3%,222,0,70.5,70.5%,325,0,Provisional name/county match,False,300 Go Pioneers Drive,,Boone,NC,28607,False,370483001943,name + county,Watauga High,300 Go Pioneers Drive,Boone,28607,36.216424,-81.651121,NCES 2024-25,True
3.70483E+11,Watauga Innovation Academy,Watauga County Schools,NC,37189,Watauga County,Boone,28607,1,0.51,18,19.0,28.0,41.0,27.0,27,5,27.0,42.0,94.0,36.0,45,27,22,29,20,33,28,13,19.0,23.0,18.0,3.0,10.0,,47.0,27.0,,74.0,7.0,,,27.0,19.0,49.0,71.0,56.0,75.0,91.0,2.0,0.0,1.0,0.0,1.0,5.0,5.0,wataugainnovationacademy|watauga,2025,950338,Watauga Innovation Academy,Watauga,Boone,28607,09:12,H,Regular School,P,,>95%,72,1,NotMet,-2.19,69.0,58.2,58.2%,98,0,50.0,50.0%,58,0,60.3,60.3%,68,0,Provisional name/county match,False,300 Go Pioneers Drive,,Boone,NC,28607,False,370483003376,name + county,Watauga Innovation Academy,300 Go Pioneers Drive,Boone,28607,36.216424,-81.651121,NCES 2024-25,True
3.70488E+11,Goldsboro High,Wayne County Public Schools,NC,37191,Wayne County,Goldsboro,27530,1,0.45,35,28.0,34.0,18.0,52.0,33,84,72.0,72.0,40.0,77.0,71,27,22,29,20,33,28,14,63.0,24.0,38.0,11.0,6.0,37.0,57.0,34.0,,30.0,7.0,,53.0,52.0,24.0,66.0,56.0,76.0,90.0,41.0,44.0,0.0,1.0,0.0,3.0,10.0,13.0,goldsboro|wayne,2025,960335,Goldsboro High School,Wayne,Goldsboro,27530,09:12,H,Regular School,P,68.1,68.1%,141,0,Met,0.88,82.2,29.6,29.6%,98,0,25.4,25.4%,126,0,17.3,17.3%,98,0,Provisional name/county match,False,700 N. Herman St.,,Goldsboro,NC,27530,False,370488000502,name + county,Goldsboro High,700 N. Herman St.,Goldsboro,27530,35.3863,-77.9797,NCES 2024-25,True
3.70488E+11,Charles B Aycock High,Wayne County Public Schools,NC,37191,Wayne County,Pikeville,27863,1,0.45,31,21.0,34.0,15.0,52.0,30,69,39.0,72.0,29.0,77.0,59,27,22,29,20,33,28,14,52.0,20.0,38.0,3.0,4.0,37.0,59.0,34.0,,25.0,4.0,,53.0,52.0,17.0,61.0,51.0,68.0,89.0,65.0,24.0,0.0,1.0,0.0,2.0,7.0,8.0,charlesbaycock|wayne,2025,960324,Charles B. Aycock High School,Wayne,Pikeville,27863,09:12,H,Regular School,P,83.4,83.4%,302,0,Exceeded,6.38,93.9,57.2,57.2%,285,0,56.5,56.5%,299,0,48.0,48.0%,256,0,Provisional name/county match,False,5460 US 117 North,,Pikeville,NC,27863,False,370488001948,name + county,Charles B Aycock High,5460 US 117 North,Pikeville,27863,35.5091,-77.9801,NCES 2024-25,True
3.70488E+11,Eastern Wayne High,Wayne County Public Schools,NC,37191,Wayne County,Goldsboro,27534,1,0.45,31,21.0,33.0,16.0,52.0,31,69,39.0,67.0,32.0,77.0,63,27,22,29,20,33,28,14,53.0,18.0,38.0,4.0,3.0,37.0,57.0,34.0,,27.0,5.0,,53.0,52.0,18.0,60.0,54.0,67.0,88.0,51.0,36.0,0.0,1.0,0.0,3.0,9.0,10.0,easternwayne|wayne,2025,960330,Eastern Wayne High School,Wayne,Goldsboro,27534,09:12,H,Regular School,P,85.9,85.9%,227,0,Exceeded,7.82,96.3,37.7,37.7%,204,0,55.7,55.7%,201,0,40.9,40.9%,164,0,Provisional name/county match,False,1135 New Hope Road,,Goldsboro,NC,27534,False,370488001950,name + county,Eastern Wayne High,1135 New Hope Road,Goldsboro,27534,35.3776,-77.8809,NCES 2024-25,True
3.70488E+11,Rosewood High,Wayne County Public Schools,NC,37191,Wayne County,Goldsboro,27530,1,0.45,35,23.0,36.0,14.0,52.0,32,84,51.0,80.0,25.0,77.0,68,27,22,29,20,33,28,14,67.0,20.0,38.0,5.0,6.0,37.0,67.0,34.0,,24.0,4.0,,53.0,52.0,20.0,64.0,52.0,72.0,90.0,67.0,22.0,0.0,2.0,0.0,2.0,7.0,11.0,rosewood|wayne,2025,960372,Rosewood High School,Wayne,Goldsboro,27530,09:12,H,Regular School,P,88.2,88.2%,136,0,Met,0.37,80.9,57.3,57.3%,96,0,46.0,46.0%,126,0,46.0,46.0%,100,0,Provisional name/county match,False,900 Rosewood Road,,Goldsboro,NC,27530,False,370488001961,name + county,Rosewood High,900 Rosewood Road,Goldsboro,27530,35.4156,-78.0752,NCES 2024-25,True
3.70488E+11,Southern Wayne High,Wayne County Public Schools,NC,37191,Wayne County,Dudley,28333,1,0.45,38,40.0,36.0,19.0,52.0,37,91,87.0,80.0,44.0,77.0,83,27,22,29,20,33,28,14,73.0,26.0,38.0,25.0,10.0,37.0,64.0,34.0,,34.0,5.0,,53.0,52.0,36.0,74.0,64.0,78.0,95.0,51.0,25.0,1.0,1.0,0.0,10.0,13.0,27.0,southernwayne|wayne,2025,960380,Southern Wayne High School,Wayne,Dudley,28333,09:12,H,Regular School,P,71.5,71.5%,295,0,Met,-0.69,76.5,41.9,41.9%,265,0,34.1,34.1%,270,0,26.7,26.7%,210,0,Provisional name/county match,True,124 Walter Fulcher Rd,,Dudley,NC,28333,False,370488001963,name + county,Southern Wayne High,124 Walter Fulcher Rd,Dudley,28333,35.2538,-78.045,NCES 2024-25,True
3.70488E+11,Spring Creek High,Wayne County Public Schools,NC,37191,Wayne County,Seven Springs,28578,1,0.45,33,39.0,35.0,17.0,52.0,35,77,87.0,76.0,36.0,77.0,77,27,22,29,20,33,28,14,59.0,22.0,38.0,27.0,8.0,37.0,59.0,34.0,,29.0,5.0,,53.0,52.0,33.0,68.0,57.0,76.0,91.0,49.0,26.0,0.0,1.0,0.0,8.0,16.0,28.0,springcreek|wayne,2025,960386,Spring Creek High School,Wayne,Seven Springs,28578,09:12,H,Regular School,P,83.6,83.6%,213,0,Exceeded,13.42,100.0,63.6,63.6%,176,0,67.6,67.6%,185,0,40.0,40.0%,145,0,Provisional name/county match,False,4340 Indian Springs Rd,,Seven Springs,NC,28578,False,370488002499,name + county,Spring Creek High,4340 Indian Springs Rd,Seven Springs,28578,35.227,-77.8976,NCES 2024-25,True
3.70488E+11,Wayne Early / Middle College High,Wayne County Public Schools,NC,37191,Wayne County,Goldsboro,27534,1,0.45,34,28.0,34.0,17.0,52.0,33,81,72.0,72.0,36.0,77.0,71,27,22,29,20,33,28,14,60.0,23.0,38.0,11.0,6.0,37.0,59.0,34.0,,29.0,5.0,,53.0,52.0,25.0,65.0,55.0,73.0,91.0,57.0,27.0,0.0,1.0,0.0,5.0,9.0,15.0,wayneearlymiddlecollege|wayne,2025,960490,Wayne Early / Middle College High School,Wayne,Goldsboro,27534,09:13,H,Regular School,P,,>95%,50,1,Met,1.32,83.3,94.7,94.7%,57,0,84.2,84.2%,57,0,80.4,80.4%,51,0,Provisional name/county match,False,3000 Wayne Memorial Drive,,Goldsboro,NC,27534,False,370488002881,name + county,Wayne Early / Middle College High,3000 Wayne Memorial Drive,Goldsboro,27534,35.403594,-77.944682,NCES 2024-25,True
3.70488E+11,Wayne School Of Engineering,Wayne County Public Schools,NC,37191,Wayne County,Goldsboro,27530,0,0.45,31,22.0,32.0,18.0,52.0,31,69,45.0,63.0,40.0,77.0,63,27,22,29,20,33,28,14,53.0,20.0,38.0,4.0,4.0,37.0,53.0,34.0,,30.0,6.0,,53.0,52.0,18.0,62.0,50.0,69.0,91.0,55.0,33.0,0.0,1.0,0.0,1.0,10.0,11.0,wayneschoolofengineering|wayne,2025,960700,Wayne School of Engineering,Wayne,Goldsboro,27530,06:13,T,Regular School,P,,>95%,53,1,Met,0.56,81.4,87.9,87.9%,58,0,,,,,86.7,86.7%,60,0,Provisional name/county match,False,801 N. Lionel St,,Goldsboro,NC,27530,False,370488003010,name + county,Wayne School of Engineering,801 N. Lionel St,Goldsboro,27530,35.3891,-77.9822,NCES 2024-25,True
3.70489E+11,Roanoke Valley Early College,Weldon City Schools,NC,37083,Halifax County,Weldon,27890,1,0.49,45,25.0,42.0,24.0,66.0,41,98,61.0,94.0,61.0,88.0,91,27,22,29,20,33,28,23,53.0,42.0,63.0,2.0,9.0,60.0,48.0,51.0,,39.0,8.0,,90.0,42.0,26.0,71.0,63.0,78.0,92.0,41.0,51.0,0.0,1.0,0.0,2.0,4.0,4.0,roanokevalleyearlycollege|halifax,2025,422310,Roanoke Valley Early College High School,Halifax,Weldon,27890,09:13,H,Regular School,P,,>95%,28,1,Met,0.81,82.0,53.3,53.3%,30,0,55.0,55.0%,20,0,54.2,54.2%,24,0,Provisional name/county match,True,100 College Dr,6,Weldon,NC,27890,False,370489003079,name + county,Roanoke Valley Early College,100 College Dr,Weldon,27890,36.428164,-77.617534,NCES 2024-25,True
3.70492E+11,Whiteville High,Whiteville City Schools,NC,37047,Columbus County,Whiteville,28472,1,0.47,38,25.0,41.0,25.0,82.0,42,91,61.0,92.0,64.0,94.0,93,27,22,29,20,33,28,18,55.0,34.0,45.0,6.0,9.0,59.0,49.0,46.0,,43.0,6.0,,100.0,64.0,18.0,68.0,53.0,79.0,91.0,61.0,31.0,2.0,0.0,0.0,2.0,3.0,4.0,whiteville|columbus,2025,241316,Whiteville High,Columbus,Whiteville,28472,09:12,H,Regular School,P,92.5,92.5%,160,0,NotMet,-5.7,57.1,43.2,43.2%,139,0,35.7,35.7%,154,0,49.6,49.6%,139,0,Provisional name/county match,True,413 N Lee Street,,Whiteville,NC,28472,False,370492001970,name + county,Whiteville High,413 N Lee Street,Whiteville,28472,34.3346,-78.7068,NCES 2024-25,True
3.70492E+11,North Whiteville Academy,Whiteville City Schools,NC,37047,Columbus County,Whiteville,28472,0,0.47,36,26.0,40.0,23.0,82.0,41,87,66.0,90.0,58.0,94.0,91,27,22,29,20,33,28,18,48.0,34.0,45.0,8.0,10.0,59.0,45.0,46.0,,40.0,6.0,,100.0,64.0,19.0,68.0,53.0,78.0,92.0,59.0,33.0,2.0,1.0,0.0,2.0,3.0,3.0,northwhitevilleacademy|columbus,2025,241312,North Whiteville Academy,Columbus,Whiteville,28472,06:12,T,Alternative Educat,P,66.0,66.0%,47,0,,,,,,,,,,,,,,,,Provisional name/county match,True,310 S Martin Luther King Jr Av,,Whiteville,NC,28472,False,370492002510,name + county,North Whiteville Academy,310 S Martin Luther King Jr Av,Whiteville,28472,34.327284,-78.710648,NCES 2024-25,True
3.70495E+11,East Wilkes High School,Wilkes County Schools,NC,37193,Wilkes County,Ronda,28670,1,0.42,26,29.0,35.0,19.0,39.0,30,39,75.0,76.0,44.0,60.0,59,27,22,29,20,33,28,15,38.0,26.0,25.0,8.0,8.0,37.0,56.0,38.0,,34.0,3.0,,35.0,43.0,29.0,69.0,54.0,78.0,93.0,87.0,5.0,0.0,1.0,0.0,1.0,5.0,7.0,eastwilkes|wilkes,2025,970320,East Wilkes High School,Wilkes,Ronda,28670,09:12,H,Regular School,P,93.8,93.8%,113,0,NotMet,-4.11,59.8,55.5,55.5%,110,0,37.5,37.5%,88,0,53.3,53.3%,122,0,Provisional name/county match,False,13315 Elkin Hwy 268,,Ronda,NC,28670,False,370495001974,name + county,East Wilkes High School,13315 Elkin Hwy 268,Ronda,28670,36.2264,-80.9276,NCES 2024-25,True
3.70495E+11,North Wilkes High School,Wilkes County Schools,NC,37193,Wilkes County,Hays,28635,1,0.42,28,28.0,32.0,25.0,39.0,30,51,72.0,63.0,64.0,60.0,59,27,22,29,20,33,28,15,51.0,23.0,25.0,6.0,2.0,37.0,49.0,38.0,,46.0,4.0,,35.0,43.0,30.0,70.0,58.0,77.0,93.0,88.0,3.0,0.0,0.0,0.0,2.0,6.0,9.0,northwilkes|wilkes,2025,970356,North Wilkes High School,Wilkes,Hays,28635,09:12,H,Regular School,P,94.7,94.7%,151,0,Exceeded,3.18,87.9,68.9,68.9%,122,0,59.3,59.3%,113,0,41.9,41.9%,155,0,Provisional name/county match,False,2986 Traphill Rd,,Hays,NC,28635,False,370495001981,name + county,North Wilkes High School,2986 Traphill Rd,Hays,28635,36.2826,-81.0987,NCES 2024-25,True
3.70495E+11,West Wilkes High School,Wilkes County Schools,NC,37193,Wilkes County,Millers Creek,28651,1,0.42,27,25.0,34.0,29.0,39.0,31,45,61.0,72.0,75.0,60.0,63,27,22,29,20,33,28,15,45.0,24.0,25.0,3.0,6.0,37.0,55.0,38.0,,53.0,4.0,,35.0,43.0,28.0,66.0,59.0,72.0,91.0,90.0,2.0,0.0,1.0,0.0,2.0,5.0,7.0,westwilkes|wilkes,2025,970388,West Wilkes High School,Wilkes,Millers Creek,28651,09:12,H,Regular School,P,92.3,92.3%,169,0,Met,0.7,81.7,51.5,51.5%,132,0,57.8,57.8%,116,0,54.6,54.6%,141,0,Provisional name/county match,False,6598 Boone Trail,,Millers Creek,NC,28651,False,370495001988,name + county,West Wilkes High School,6598 Boone Trail,Millers Creek,28651,36.185679,-81.259411,NCES 2024-25,True
3.70495E+11,Wilkes Central High School,Wilkes County Schools,NC,37193,Wilkes County,Wilkesboro,28697,1,0.42,25,24.0,34.0,22.0,39.0,29,33,56.0,72.0,54.0,60.0,55,27,22,29,20,33,28,15,36.0,25.0,25.0,2.0,8.0,37.0,51.0,38.0,,40.0,3.0,,35.0,43.0,26.0,66.0,55.0,74.0,92.0,88.0,3.0,0.0,1.0,0.0,3.0,5.0,8.0,wilkescentral|wilkes,2025,970390,Wilkes Central High School,Wilkes,Wilkesboro,28697,09:12,H,Regular School,P,90.9,90.9%,197,0,Met,-0.41,77.9,54.5,54.5%,178,0,54.9,54.9%,142,0,41.7,41.7%,168,0,Provisional name/county match,False,1179 Moravian Falls Rd,,Wilkesboro,NC,28697,False,370495001989,name + county,Wilkes Central High School,1179 Moravian Falls Rd,Wilkesboro,28697,36.1099,-81.1785,NCES 2024-25,True
3.70495E+11,Wilkes Early College High School,Wilkes County Schools,NC,37193,Wilkes County,Wilkesboro,28697,1,0.42,26,26.0,34.0,25.0,39.0,30,39,66.0,72.0,64.0,60.0,59,27,22,29,20,33,28,15,38.0,26.0,25.0,4.0,7.0,37.0,53.0,38.0,,47.0,3.0,,35.0,43.0,27.0,68.0,59.0,75.0,92.0,89.0,3.0,0.0,1.0,0.0,3.0,5.0,7.0,wilkesearlycollege|wilkes,2025,970393,Wilkes Early College High School,Wilkes,Wilkesboro,28697,09:13,H,Regular School,P,,>95%,59,1,Met,0.74,81.8,,>95%,59,1,57.6,57.6%,33,0,94.7,94.7%,57,0,Provisional name/county match,False,1328 S Collegiate Dr,,Wilkesboro,NC,28697,False,370495003125,name + county,Wilkes Early College High School,1328 S Collegiate Dr,Wilkesboro,28697,36.135958,-81.184403,NCES 2024-25,True
3.70502E+11,Beddingfield High,Wilson County Schools,NC,37195,Wilson County,Wilson,27893,1,0.48,40,31.0,41.0,18.0,46.0,35,94,78.0,92.0,40.0,70.0,77,27,22,29,20,33,28,22,56.0,36.0,45.0,8.0,12.0,56.0,48.0,46.0,,29.0,8.0,,47.0,46.0,33.0,74.0,65.0,82.0,92.0,39.0,47.0,0.0,0.0,0.0,8.0,5.0,12.0,beddingfield|wilson,2025,980318,Beddingfield High,Wilson,Wilson,27893,09:12,H,Regular School,P,75.7,75.7%,177,0,Met,0.18,80.4,48.5,48.5%,167,0,20.1,20.1%,139,0,29.8,29.8%,124,0,Provisional name/county match,False,4510 Old Stantonsburg Rd,,Wilson,NC,27893,False,370502001994,name + county,Beddingfield High,4510 Old Stantonsburg Rd,Wilson,27893,35.6605,-77.8754,NCES 2024-25,True
3.70502E+11,Fike High,Wilson County Schools,NC,37195,Wilson County,Wilson,27893,1,0.48,37,27.0,41.0,18.0,46.0,34,89,69.0,92.0,40.0,70.0,74,27,22,29,20,33,28,22,50.0,29.0,45.0,7.0,7.0,56.0,53.0,46.0,,29.0,7.0,,47.0,46.0,26.0,67.0,63.0,74.0,88.0,46.0,41.0,0.0,1.0,0.0,8.0,4.0,11.0,fike|wilson,2025,980336,Fike High,Wilson,Wilson,27893,09:12,H,Regular School,P,79.7,79.7%,291,0,NotMet,-2.22,68.9,50.0,50.0%,240,0,27.1,27.1%,262,0,43.8,43.8%,176,0,Provisional name/county match,False,500 Harrison Dr N,,Wilson,NC,27893,False,370502001998,name + county,Fike High,500 Harrison Dr N,Wilson,27893,35.753,-77.922,NCES 2024-25,True
3.70502E+11,James Hunt High,Wilson County Schools,NC,37195,Wilson County,Wilson,27893,1,0.48,35,26.0,41.0,16.0,46.0,33,84,66.0,92.0,32.0,70.0,71,27,22,29,20,33,28,22,44.0,30.0,45.0,5.0,10.0,56.0,51.0,46.0,,26.0,6.0,,47.0,46.0,26.0,67.0,61.0,74.0,90.0,53.0,32.0,1.0,1.0,0.0,8.0,5.0,13.0,jameshunt|wilson,2025,980342,James Hunt High,Wilson,Wilson,27893,09:12,H,Regular School,P,85.2,85.2%,318,0,NotMet,-3.49,62.5,54.1,54.1%,270,0,13.8,13.8%,160,0,43.3,43.3%,208,0,Provisional name/county match,False,4559 Lamm Rd,,Wilson,NC,27893,False,370502002000,name + county,James Hunt High,4559 Lamm Rd,Wilson,27893,35.7223,-77.9979,NCES 2024-25,True
3.70502E+11,Wilson Early College Academy,Wilson County Schools,NC,37195,Wilson County,Wilson,27893,1,0.48,36,26.0,41.0,16.0,46.0,33,87,66.0,92.0,32.0,70.0,71,27,22,29,20,33,28,22,48.0,30.0,45.0,5.0,10.0,56.0,52.0,46.0,,27.0,6.0,,47.0,46.0,25.0,67.0,59.0,75.0,90.0,53.0,33.0,1.0,1.0,0.0,8.0,5.0,12.0,wilsonearlycollegeacademy|wilson,2025,980398,Wilson Early College Academy,Wilson,Wilson,27893,09:13,H,Regular School,P,,>95%,48,1,Exceeded,6.69,94.4,,>95%,67,1,,>95%,28,1,87.1,87.1%,70,0,Provisional name/county match,False,902 Herring St,,Wilson,NC,27893,False,370502003097,name + county,Wilson Early College Academy,902 Herring St,Wilson,27893,35.73,-77.896,NCES 2024-25,True
3.70502E+11,Wilson Academy Of Applied Technology,Wilson County Schools,NC,37195,Wilson County,Wilson,27893,0,0.48,35,28.0,41.0,17.0,46.0,34,84,72.0,92.0,36.0,70.0,74,27,22,29,20,33,28,22,43.0,31.0,45.0,5.0,7.0,56.0,54.0,46.0,,26.0,7.0,,47.0,46.0,32.0,71.0,67.0,79.0,89.0,45.0,39.0,0.0,1.0,0.0,10.0,5.0,14.0,wilsonacademyofappliedtechnology|wilson,2025,980397,Wilson Academy of Applied Technology,Wilson,Wilson,27893,09:13,H,Regular School,P,,>95%,42,1,Exceeded,2.37,85.9,,>95%,87,1,81.8,81.8%,33,0,59.5,59.5%,42,0,Provisional name/county match,False,4809 Ward Blvd,,Wilson,NC,27893,False,370502003382,name + county,Wilson Academy of Applied Technology,4809 Ward Blvd,Wilson,27893,35.723658,-77.892771,NCES 2024-25,True
3.70504E+11,Forbush High,Yadkin County Schools,NC,37197,Yadkin County,East Bend,27018,0,0.47,24,23.0,33.0,19.0,24.0,25,28,51.0,67.0,44.0,30.0,36,27,22,29,20,33,28,11,42.0,20.0,24.0,4.0,7.0,42.0,50.0,35.0,,35.0,3.0,,,24.0,16.0,67.0,54.0,72.0,94.0,88.0,1.0,0.0,0.0,0.0,3.0,8.0,10.0,forbush|yadkin,2025,990322,Forbush High,Yadkin,East Bend,27018,08:12,H,Regular School,P,91.7,91.7%,228,0,NotMet,-5.38,57.7,45.7,45.7%,199,0,38.0,38.0%,158,0,44.4,44.4%,178,0,Provisional name/county match,False,1525 Falcon Road,,East Bend,NC,27018,False,370504002018,name + county,Forbush High,1525 Falcon Road,East Bend,27018,36.143177,-80.556917,NCES 2024-25,True
3.70504E+11,Starmount High,Yadkin County Schools,NC,37197,Yadkin County,Boonville,27011,0,0.47,28,24.0,33.0,17.0,24.0,25,51,56.0,67.0,36.0,30.0,36,27,22,29,20,33,28,11,50.0,29.0,24.0,2.0,4.0,42.0,50.0,35.0,,29.0,5.0,,,24.0,20.0,69.0,53.0,77.0,94.0,88.0,5.0,1.0,0.0,0.0,4.0,3.0,8.0,starmount|yadkin,2025,990326,Starmount High,Yadkin,Boonville,27011,09:12,H,Regular School,P,90.1,90.1%,151,0,NotMet,-6.92,55.1,33.3,33.3%,141,0,20.7,20.7%,116,0,38.3,38.3%,120,0,Provisional name/county match,False,2516 Longtown Rd,,Boonville,NC,27011,False,370504002020,name + county,Starmount High,2516 Longtown Rd,Boonville,27011,36.1828,-80.7716,NCES 2024-25,True
3.70504E+11,Yadkin Early College,Yadkin County Schools,NC,37197,Yadkin County,Yadkinville,27055,0,0.47,24,24.0,32.0,18.0,24.0,24,28,56.0,63.0,40.0,30.0,31,27,22,29,20,33,28,11,35.0,25.0,24.0,5.0,6.0,42.0,46.0,35.0,,34.0,3.0,,,24.0,17.0,69.0,59.0,72.0,94.0,89.0,1.0,0.0,0.0,0.0,3.0,6.0,9.0,yadkinearlycollege|yadkin,2025,990332,Yadkin Early College,Yadkin,Yadkinville,27055,09:13,H,Regular School,P,,>95%,40,1,Met,0.63,81.5,92.7,92.7%,41,0,76.0,76.0%,25,0,89.2,89.2%,37,0,Provisional name/county match,False,1001 College Drive,,Yadkinville,NC,27055,False,370504002912,name + county,Yadkin Early College,1001 College Drive,Yadkinville,27055,36.147968,-80.673673,NCES 2024-25,True
3.70507E+11,Mountain Heritage High,Yancey County Schools,NC,37199,Yancey County,Burnsville,28714,0,0.49,32,23.0,25.0,35.0,33.0,30,73,51.0,26.0,86.0,49.0,59,27,22,29,20,33,28,16,43.0,32.0,34.0,4.0,2.0,,43.0,30.0,,66.0,4.0,,,33.0,19.0,64.0,62.0,70.0,88.0,92.0,1.0,0.0,0.0,0.0,3.0,4.0,6.0,mountainheritage|yancey,2025,995330,Mountain Heritage High,Yancey,Burnsville,28714,09:12,H,Regular School,P,90.2,90.2%,173,0,NotMet,-8.74,52.1,54.1,54.1%,148,0,39.8,39.8%,123,0,56.1,56.1%,132,0,Provisional name/county match,False,333 Mtn Heritage HS Road,,Burnsville,NC,28714,False,370507002030,name + county,Mountain Heritage High,333 Mtn Heritage HS Road,Burnsville,28714,35.908,-82.3336,NCES 2024-25,True
